"consulta","cliques","impressoes","ctr","posicao"
"movepark campinas","27","36","75.00","1.14"
"estacionamento aeroporto curitiba","21","962","2.18","12.81"
"estacionamento viracopos","12","764","1.57","10.80"
"aero park recife","11","66","16.67","8.95"
"estacionamento aeroporto recife","10","986","1.01","9.30"
"movepark viracopos","10","48","20.83","7.50"
"virapark","10","2002","0.50","4.53"
"estacionamento aeroporto navegantes","9","480","1.88","9.06"
"estacionamento aeroporto congonhas","8","343","2.33","19.45"
"movepark","8","110","7.27","9.30"
"estacionamento aeroporto afonso pena","6","322","1.86","13.60"
"estacionamento aeroporto de brasilia","6","412","1.46","10.48"
"estacionamento aeroporto florianópolis","6","192","3.13","11.89"
"estacionamento aeroporto viracopos","6","561","1.07","13.05"
"bh park","5","48","10.42","7.52"
"bh park santos dumont","5","57","8.77","9.47"
"mobi city congonhas","5","37","13.51","8.27"
"aeropark guarulhos","4","966","0.41","6.49"
"aeropark recife","4","21","19.05","2.90"
"estacionamento aeroporto campinas","4","325","1.23","13.50"
"estacionamento congonhas","4","135","2.96","18.10"
"estacionamento santos dumont","4","143","2.80","11.43"
"sim","4","29","13.79","4.76"
"aeropark confins","3","323","0.93","6.28"
"aeropark estacionamento recife","3","21","14.29","3.43"
"bh park estacionamento santos dumont","3","14","21.43","7.21"
"connect park","3","40","7.50","5.25"
"estacionamento aeroporto confins","3","252","1.19","15.02"
"estacionamento aeroporto londrina","3","101","2.97","10.58"
"estacionamento aeroporto salgado filho","3","262","1.15","10.74"
"estacionamento aeroporto santos dumont","3","169","1.78","9.91"
"estacionamento aeroporto viracopos preço","3","125","2.40","19.22"
"estacionamento congonhas park","3","138","2.17","8.99"
"estacionamento em congonhas","3","49","6.12","12.10"
"estacionamento rodoviaria tiete","3","200","1.50","8.33"
"estacionamento tiete","3","116","2.59","9.52"
"garageinn viracopos","3","437","0.69","5.93"
"movepark estacionamento congonhas","3","10","30.00","1.30"
"premium park confins","3","799","0.38","6.72"
"preço estacionamento santos dumont","3","13","23.08","7.46"
"qual o melhor estacionamento no aeroporto de viracopos","3","154","1.95","15.41"
"4 dias","2","11","18.18","4.73"
"best park estacionamento aeroporto de curitiba","2","99","2.02","5.97"
"blue park estacionamento aeroporto curitiba","2","4","50.00","12.50"
"congonhas park","2","66","3.03","3.95"
"connect park estacionamento","2","20","10.00","6.15"
"decolar park guarulhos","2","283","0.71","4.88"
"estacionamento aeroporto","2","149","1.34","26.30"
"estacionamento aeroporto brasilia","2","424","0.47","10.89"
"estacionamento aeroporto de londrina","2","46","4.35","10.39"
"estacionamento aeroporto de navegantes","2","45","4.44","7.51"
"estacionamento aeroporto santos dumont rio de janeiro","2","8","25.00","6.50"
"estacionamento bambuzal","2","117","1.71","9.56"
"estacionamento congonhas barato","2","71","2.82","15.70"
"estacionamento do aeroporto de congonhas","2","16","12.50","19.94"
"estacionamento em recife","2","3","66.67","20.33"
"estacionamento no aeroporto de brasilia","2","3","66.67","7.33"
"estacionamento no aeroporto de viracopos","2","31","6.45","4.81"
"estacionamento perto do aeroporto de brasília","2","3","66.67","12.67"
"estacionamento perto do aeroporto santos dumont","2","13","15.38","8.00"
"estacionamento próximo ao aeroporto de congonhas com traslado","2","32","6.25","12.09"
"estacionamento santos dumont valor","2","35","5.71","14.80"
"estacionamento sdu","2","41","4.88","9.95"
"estacionamento viracopos barato","2","27","7.41","10.63"
"estacionamentos aeroporto afonso pena","2","10","20.00","6.40"
"estacionamentos aeroporto curitiba","2","17","11.76","6.76"
"garageinn viracopos - estacione dentro do aeroporto de viracopos","2","125","1.60","3.81"
"movepark estacionamento","2","50","4.00","2.82"
"talentos park aeroporto","2","26","7.69","3.04"
"valor diária estacionamento aeroporto londrina","2","9","22.22","5.11"
"valor do estacionamento no aeroporto de curitiba","2","18","11.11","7.78"
"valor estacionamento aeroporto curitiba","2","89","2.25","9.94"
"valor estacionamento aeroporto recife 2026","2","32","6.25","4.84"
"valor estacionamento aeroporto vitória es","2","16","12.50","8.06"
"vira park","2","391","0.51","4.66"
"2 diarias","1","1","100.00","7.00"
"6 dias","1","8","12.50","4.38"
"aeropark","1","454","0.22","9.05"
"aeropark - estacionamento aeroporto de guarulhos cumbica","1","178","0.56","7.22"
"aeropark congonhas","1","13","7.69","8.92"
"aeropark estacionamento congonhas","1","6","16.67","7.83"
"aeroporto de brasilia estacionamento","1","45","2.22","15.04"
"aeroporto de congonhas estacionamento","1","49","2.04","16.80"
"aeroporto de lisboa","1","16","6.25","27.38"
"aeroporto salgado filho estacionamento","1","39","2.56","9.90"
"aeroporto viracopos estacionamento","1","64","1.56","14.02"
"aerovalet","1","188","0.53","5.24"
"avaliações sobre abba park estacionamento","1","48","2.08","8.75"
"avaliações sobre bandeira park congonhas","1","32","3.13","11.06"
"be park estacionamento","1","24","4.17","7.08"
"bh park santos dumont reserva","1","20","5.00","7.75"
"central park confins","1","212","0.47","9.10"
"conect park","1","7","14.29","4.14"
"congonhas park estacionamento congonhas","1","121","0.83","8.87"
"connect park aeroporto curitiba","1","17","5.88","7.00"
"dame las dos opciones","1","1","100.00","6.00"
"de sexta a segunda","1","1","100.00","14.00"
"diaria estacionamento aeroporto fortaleza","1","11","9.09","10.09"
"diária estacionamento santos dumont","1","11","9.09","9.18"
"edificio garagem aeroporto viracopos","1","11","9.09","9.82"
"en turbaco bolívar","1","1","100.00","5.00"
"estacionamento abba park","1","34","2.94","3.06"
"estacionamento aeropark","1","34","2.94","14.32"
"estacionamento aeroporto afonso pena valor","1","9","11.11","10.78"
"estacionamento aeroporto brasília","1","15","6.67","9.87"
"estacionamento aeroporto campinas viracopos","1","40","2.50","34.30"
"estacionamento aeroporto campo grande","1","75","1.33","10.61"
"estacionamento aeroporto confins preço","1","4","25.00","17.25"
"estacionamento aeroporto congonhas com traslado","1","57","1.75","12.25"
"estacionamento aeroporto cuiaba","1","100","1.00","8.37"
"estacionamento aeroporto de brasília","1","18","5.56","13.94"
"estacionamento aeroporto de campinas","1","52","1.92","14.50"
"estacionamento aeroporto de congonhas","1","50","2.00","14.74"
"estacionamento aeroporto de curitiba","1","19","5.26","39.37"
"estacionamento aeroporto de goiania","1","239","0.42","11.36"
"estacionamento aeroporto de viracopos","1","67","1.49","8.24"
"estacionamento aeroporto florianópolis mais barato","1","6","16.67","11.50"
"estacionamento aeroporto galeao rj","1","14","7.14","10.29"
"estacionamento aeroporto galeão","1","118","0.85","11.39"
"estacionamento aeroporto guarulhos","1","321","0.31","35.50"
"estacionamento aeroporto guarulhos mais barato","1","16","6.25","47.69"
"estacionamento aeroporto joão pessoa","1","117","0.85","8.69"
"estacionamento aeroporto maceio","1","125","0.80","12.62"
"estacionamento aeroporto salvador","1","100","1.00","12.68"
"estacionamento bambuzal aeroporto salvador","1","7","14.29","9.14"
"estacionamento barato em congonhas","1","32","3.13","39.47"
"estacionamento bh park aeroporto santos dumont","1","24","4.17","7.13"
"estacionamento campinas aeroporto viracopos","1","21","4.76","24.24"
"estacionamento confins","1","62","1.61","26.45"
"estacionamento connect park","1","7","14.29","3.14"
"estacionamento dentro do aeroporto de congonhas preço","1","10","10.00","10.70"
"estacionamento dentro do aeroporto viracopos","1","30","3.33","7.17"
"estacionamento do aeroporto de viracopos","1","23","4.35","22.87"
"estacionamento dummont park","1","33","3.03","9.09"
"estacionamento e4 salgado filho","1","6","16.67","11.33"
"estacionamento em campinas viracopos","1","23","4.35","28.52"
"estacionamento em congonhas aeroporto","1","17","5.88","15.82"
"estacionamento em viracopos campinas","1","71","1.41","12.38"
"estacionamento galeão","1","38","2.63","17.82"
"estacionamento guarulhos","1","150","0.67","44.75"
"estacionamento ilha do governador","1","5","20.00","14.60"
"estacionamento londrina aeroporto","1","20","5.00","9.60"
"estacionamento mais barato aeroporto curitiba","1","6","16.67","10.67"
"estacionamento na rodoviária tietê","1","37","2.70","9.49"
"estacionamento navegantes aeroporto","1","29","3.45","13.45"
"estacionamento no aeroporto de campinas viracopos","1","23","4.35","8.48"
"estacionamento no aeroporto de navegantes","1","28","3.57","10.46"
"estacionamento perto aeroporto campinas","1","10","10.00","3.10"
"estacionamento perto aeroporto congonhas","1","19","5.26","27.58"
"estacionamento perto aeroporto curitiba","1","4","25.00","12.75"
"estacionamento perto de congonhas com traslado","1","5","20.00","8.40"
"estacionamento perto do aeroporto de campinas","1","42","2.38","29.00"
"estacionamento perto do aeroporto de florianópolis","1","1","100.00","25.00"
"estacionamento perto do aeroporto de recife","1","14","7.14","4.93"
"estacionamento perto do aeroporto de viracopos","1","43","2.33","17.58"
"estacionamento proximo aeroporto viracopos","1","43","2.33","35.16"
"estacionamento proximo ao aeroporto recife","1","21","4.76","9.86"
"estacionamento proximo ao aeroporto salvador","1","4","25.00","14.75"
"estacionamento proximo ao santos dumont","1","17","5.88","8.47"
"estacionamento próximo aeroporto curitiba","1","6","16.67","9.50"
"estacionamento próximo aeroporto de congonhas","1","20","5.00","34.15"
"estacionamento próximo ao aeroporto de brasília","1","13","7.69","10.77"
"estacionamento próximo ao aeroporto de recife","1","19","5.26","8.16"
"estacionamento próximo ao aeroporto de salvador","1","4","25.00","12.25"
"estacionamento próximo ao aeroporto santos dumont","1","26","3.85","19.19"
"estacionamento recife aeroporto","1","37","2.70","14.08"
"estacionamento rodoviária tietê","1","56","1.79","8.88"
"estacionamento rodoviária tietê preço","1","21","4.76","8.76"
"estacionamento sdu preço","1","10","10.00","7.30"
"estacionamento tietê 24 horas","1","25","4.00","10.72"
"estacionamento vcp","1","37","2.70","27.86"
"estacionamento vira park","1","41","2.44","5.41"
"estacionamento viracopos campinas","1","282","0.35","9.05"
"estacionamento viracopos mais barato","1","50","2.00","10.76"
"estacionamento virapark campinas","1","48","2.08","5.58"
"estacionamento.viracopos","1","3","33.33","5.67"
"estacionamentos aeroporto viracopos","1","53","1.89","26.19"
"estacionamentos perto do aeroporto","1","7","14.29","17.29"
"estacionamentos proximos ao aeroporto de recife","1","24","4.17","7.46"
"estacionamentos viracopos","1","55","1.82","30.15"
"estapar aeroporto curitiba","1","5","20.00","14.60"
"express park curitiba","1","26","3.85","5.42"
"flypark","1","75","1.33","6.01"
"garage inn viracopos","1","293","0.34","6.33"
"garageinn estacionamento","1","16","6.25","8.00"
"garagem aeroporto salgado filho","1","9","11.11","9.11"
"grand parking estacionamento congonhas","1","125","0.80","7.36"
"hangar vip aeroporto","1","51","1.96","7.25"
"melhor estacionamento aeroporto navegantes","1","14","7.14","5.36"
"melhor estacionamento aeroporto viracopos","1","15","6.67","8.87"
"mobiciti estacionamento","1","65","1.54","10.26"
"move park estacionamento","1","19","5.26","3.63"
"move park guarulhos","1","91","1.10","9.88"
"move parking","1","7","14.29","14.86"
"movepark estacionamento viracopos","1","13","7.69","1.38"
"movepark guarulhos","1","83","1.20","3.99"
"parebem estacionamento aeroporto curitiba","1","12","8.33","6.83"
"park confins","1","330","0.30","8.62"
"parking viracopos","1","2","50.00","1.00"
"plenty park congonhas","1","180","0.56","4.56"
"preco do estacionamento do aeroporto","1","2","50.00","10.00"
"premium estacionamento aeroporto curitiba","1","12","8.33","6.92"
"premium park","1","130","0.77","6.04"
"premium park estacionamento confins","1","61","1.64","4.46"
"premium park estacionamentos","1","55","1.82","4.65"
"preço estacionamento aeroporto","1","11","9.09","12.18"
"preço estacionamento aeroporto curitiba","1","29","3.45","10.28"
"preço estacionamento aeroporto santos dumont","1","4","25.00","6.00"
"qual o valor do estacionamento do galeão","1","6","16.67","10.50"
"quanto custa deixar o carro no aeroporto de curitiba","1","8","12.50","7.63"
"reserva digital","1","1","100.00","4.00"
"santos dumont estacionamento","1","4","25.00","10.75"
"the parking congonhas","1","6","16.67","10.50"
"valor diária estacionamento aeroporto recife","1","7","14.29","6.00"
"valor diária estacionamento galeão","1","10","10.00","26.80"
"valor do estacionamento dentro do aeroporto de confins","1","38","2.63","11.26"
"valor do estacionamento do aeroporto de joão pessoa","1","14","7.14","5.71"
"valor do estacionamento do aeroporto de recife 2026","1","5","20.00","5.20"
"valor do estacionamento no aeroporto de recife","1","1","100.00","11.00"
"valor do estacionamento no aeroporto santos dumont","1","9","11.11","7.11"
"valor estacionamento aeroporto brasília","1","28","3.57","8.14"
"valor estacionamento aeroporto cuiabá","1","16","6.25","5.69"
"valor estacionamento aeroporto salgado filho","1","12","8.33","6.50"
"valor estacionamento aeroporto viracopos","1","73","1.37","19.10"
"verapark","1","2","50.00","1.50"
"virapark campinas","1","1030","0.10","6.10"
"virapark estacionamento","1","431","0.23","5.42"
"virapark estacionamento aeroporto viracopos campinas (vcp) fotos","1","13","7.69","5.08"
"virapark viracopos","1","358","0.28","6.05"
"vix park estacionamento","1","8","12.50","9.38"
"vixpark estacionamento","1","5","20.00","9.80"
"+""clkngiujscpalk""","0","2","0.00","3.00"
"1 mês e 15 dias","0","1","0.00","4.00"
"10","0","2","0.00","2.50"
"10 dias","0","3","0.00","1.67"
"11 dias","0","1","0.00","9.00"
"12 dias","0","4","0.00","4.75"
"13 dias","0","2","0.00","3.00"
"17 dias","0","1","0.00","1.00"
"2 dias","0","3","0.00","4.33"
"2 semanas","0","1","0.00","5.00"
"22 dias","0","1","0.00","4.00"
"222 park","0","5","0.00","8.00"
"222 parking","0","1","0.00","12.00"
"23 dias","0","1","0.00","1.00"
"24 dias","0","1","0.00","12.00"
"24 horas","0","1","0.00","1.00"
"3 dias","0","7","0.00","6.86"
"3 diárias","0","1","0.00","5.00"
"3 horas","0","1","0.00","5.00"
"3 noites","0","1","0.00","5.00"
"30 minutos","0","1","0.00","3.00"
"4","0","1","0.00","4.00"
"4 diarias","0","1","0.00","3.00"
"5 a 8 de setembro","0","1","0.00","5.00"
"5 dias","0","6","0.00","4.33"
"5 diárias","0","1","0.00","4.00"
"6","0","2","0.00","8.50"
"6 diarias","0","1","0.00","7.00"
"7","0","1","0.00","5.00"
"7 dias","0","12","0.00","4.08"
"8 dias","0","9","0.00","5.00"
"9 dias","0","1","0.00","6.00"
"a dia","0","1","0.00","2.00"
"aba park","0","2","0.00","5.00"
"aba park estacionamento","0","11","0.00","5.00"
"aba parking","0","1","0.00","66.00"
"abapark","0","1","0.00","3.00"
"abb park","0","4","0.00","6.75"
"abba estacionamento","0","35","0.00","4.11"
"abba park","0","251","0.00","3.80"
"abba park aeroporto","0","15","0.00","3.93"
"abba park curitiba","0","22","0.00","4.27"
"abba park estacionamento","0","136","0.00","6.59"
"abba park estacionamento aeroporto curitiba","0","15","0.00","3.80"
"abba parque","0","2","0.00","24.00"
"abbapark","0","17","0.00","3.94"
"abra park","0","3","0.00","4.00"
"aereo park","0","1","0.00","7.00"
"aero estacionamento","0","7","0.00","51.71"
"aero park","0","77","0.00","7.52"
"aero park campinas","0","1","0.00","8.00"
"aero park confins","0","62","0.00","6.97"
"aero park congonhas","0","2","0.00","10.00"
"aero park estacionamento","0","55","0.00","14.89"
"aero park estacionamento guarulhos","0","1","0.00","7.00"
"aero park guarulhos","0","169","0.00","6.25"
"aero park hotel","0","1","0.00","37.00"
"aero park prudente","0","5","0.00","10.20"
"aero porto de recife","0","1","0.00","2.00"
"aero valet","0","3","0.00","2.33"
"aero valet congonhas","0","13","0.00","4.92"
"aero.park","0","2","0.00","11.50"
"aeropaek","0","1","0.00","3.00"
"aeroparc","0","1","0.00","58.00"
"aeroparck","0","4","0.00","6.00"
"aeropark - várzea grande","0","1","0.00","15.00"
"aeropark campinas","0","10","0.00","11.20"
"aeropark confins é confiável","0","8","0.00","9.63"
"aeropark estacionamento","0","67","0.00","11.49"
"aeropark estacionamento aeroporto de guarulhos cumbica","0","13","0.00","25.15"
"aeropark estacionamento guarulhos","0","61","0.00","4.85"
"aeropark gru","0","30","0.00","6.20"
"aeropark hotel londrina","0","1","0.00","46.00"
"aeropark londrina","0","1","0.00","35.00"
"aeropark viracopos","0","3","0.00","9.00"
"aeropark várzea grande","0","1","0.00","12.00"
"aeroparking","0","12","0.00","8.08"
"aeroparking campinas","0","13","0.00","60.23"
"aeroparking estacionamento","0","20","0.00","36.55"
"aeroparking estacionamento palmas-to","0","1","0.00","30.00"
"aeroparking guarulhos","0","6","0.00","7.50"
"aeroparking viracopos","0","41","0.00","40.29"
"aeroparkingatc","0","1","0.00","7.00"
"aeroparl","0","2","0.00","7.50"
"aeropk","0","1","0.00","5.00"
"aeroporto","0","5","0.00","29.20"
"aeroporto afonso","0","1","0.00","45.00"
"aeroporto afonso pena","0","351","0.00","14.25"
"aeroporto afonso pena curitiba","0","11","0.00","24.55"
"aeroporto afonso pena desembarque","0","3","0.00","30.00"
"aeroporto afonso pena em curitiba","0","1","0.00","50.00"
"aeroporto afonso pena endereço","0","1","0.00","42.00"
"aeroporto afonso pena estacionamento","0","23","0.00","39.22"
"aeroporto afonso pena fica onde","0","3","0.00","8.33"
"aeroporto afonso pena onde fica","0","26","0.00","10.38"
"aeroporto bayeux","0","1","0.00","2.00"
"aeroporto brasilia estacionamento","0","15","0.00","11.73"
"aeroporto campinas estacionamento","0","27","0.00","36.19"
"aeroporto centro de sao paulo","0","1","0.00","1.00"
"aeroporto cgb onde fica","0","5","0.00","9.20"
"aeroporto cnf","0","1","0.00","2.00"
"aeroporto cnf onde fica","0","3","0.00","29.00"
"aeroporto confins","0","2","0.00","61.50"
"aeroporto confins estacionamento","0","14","0.00","37.14"
"aeroporto confins fica em qual cidade","0","1","0.00","13.00"
"aeroporto confins minas gerais","0","1","0.00","5.00"
"aeroporto confins nome","0","1","0.00","12.00"
"aeroporto confins onde fica","0","5","0.00","7.40"
"aeroporto congonhas","0","4","0.00","31.25"
"aeroporto congonhas estacionamento","0","59","0.00","39.05"
"aeroporto congonhas estacionamento diaria","0","1","0.00","11.00"
"aeroporto congonhas estacionamento preço","0","3","0.00","51.67"
"aeroporto congonhas horario funcionamento","0","1","0.00","69.00"
"aeroporto coritiba","0","1","0.00","3.00"
"aeroporto cuiaba","0","1","0.00","10.00"
"aeroporto cuiaba estacionamento","0","6","0.00","11.50"
"aeroporto curitiba","0","620","0.00","11.02"
"aeroporto curitiba endereço","0","1","0.00","37.00"
"aeroporto curitiba estacionamento","0","12","0.00","38.25"
"aeroporto curitiba estacionamento valor","0","8","0.00","9.50"
"aeroporto cwb onde fica","0","3","0.00","51.33"
"aeroporto de afonso pena","0","3","0.00","10.67"
"aeroporto de brasília","0","1","0.00","12.00"
"aeroporto de brasília estacionamento","0","1","0.00","11.00"
"aeroporto de campinas","0","1","0.00","2.00"
"aeroporto de campinas estacionamento","0","13","0.00","29.69"
"aeroporto de cofins","0","1","0.00","4.00"
"aeroporto de confina","0","1","0.00","10.00"
"aeroporto de confins","0","125","0.00","11.64"
"aeroporto de confins como chegar","0","3","0.00","10.33"
"aeroporto de confins em belo horizonte localizacao","0","1","0.00","1.00"
"aeroporto de confins endereço","0","2","0.00","29.50"
"aeroporto de confins estacionamento","0","5","0.00","47.00"
"aeroporto de confins estacionamento preço","0","1","0.00","13.00"
"aeroporto de confins fica em qual cidade","0","1","0.00","39.00"
"aeroporto de confins fica onde","0","6","0.00","9.83"
"aeroporto de confins fotos","0","2","0.00","1.00"
"aeroporto de confins localização","0","1","0.00","6.00"
"aeroporto de confins onde fica","0","14","0.00","10.43"
"aeroporto de confins por dentro","0","1","0.00","1.00"
"aeroporto de confins sigla","0","3","0.00","34.00"
"aeroporto de confins terminal 1","0","1","0.00","41.00"
"aeroporto de congonhas","0","1","0.00","3.00"
"aeroporto de congonhas bairro","0","1","0.00","29.00"
"aeroporto de congonhas embarque","0","3","0.00","2.33"
"aeroporto de congonhas estacionamento preço","0","2","0.00","12.00"
"aeroporto de congonhas estacionamento próximo","0","13","0.00","37.00"
"aeroporto de congonhas fica aberto 24 horas","0","1","0.00","64.00"
"aeroporto de congonhas fica em qual cidade","0","1","0.00","68.00"
"aeroporto de congonhas horário de funcionamento","0","2","0.00","66.50"
"aeroporto de congonhas onde fica","0","1","0.00","57.00"
"aeroporto de congonhas tem estacionamento para deixar o carro","0","1","0.00","2.00"
"aeroporto de coritiba","0","1","0.00","12.00"
"aeroporto de cumbica estacionamento","0","1","0.00","68.00"
"aeroporto de curitiba","0","653","0.00","11.00"
"aeroporto de curitiba afonso pena","0","1","0.00","11.00"
"aeroporto de curitiba endereço","0","2","0.00","39.50"
"aeroporto de curitiba estacionamento","0","7","0.00","11.29"
"aeroporto de curitiba paraná","0","8","0.00","10.13"
"aeroporto de curitiba pr","0","2","0.00","32.50"
"aeroporto de curitiva","0","5","0.00","10.00"
"aeroporto de cwb","0","1","0.00","40.00"
"aeroporto de fortaleza estacionamento","0","1","0.00","13.00"
"aeroporto de goiania estacionamento","0","6","0.00","36.67"
"aeroporto de gru","0","1","0.00","8.00"
"aeroporto de guarulhos","0","5","0.00","7.00"
"aeroporto de guarulhos endereço","0","1","0.00","23.00"
"aeroporto de guarulhos estacionamento","0","29","0.00","70.03"
"aeroporto de guarulhos estacionamento preço","0","14","0.00","55.43"
"aeroporto de guarulhos estacionamento terminal 3","0","2","0.00","71.50"
"aeroporto de guarulhos estacionamento valor","0","8","0.00","57.00"
"aeroporto de guarulhos estacionamentos","0","8","0.00","62.50"
"aeroporto de guarulhos fica em qual cidade","0","1","0.00","22.00"
"aeroporto de guarulhos localiza","0","1","0.00","2.00"
"aeroporto de guarulhos localização","0","2","0.00","5.00"
"aeroporto de guarulhos mapa","0","2","0.00","26.50"
"aeroporto de guarulhos planta","0","1","0.00","1.00"
"aeroporto de guarulhos tem estacionamento","0","6","0.00","59.00"
"aeroporto de guarulhos terminal 2 estacionamento","0","4","0.00","70.25"
"aeroporto de joão pessoa estacionamento","0","8","0.00","9.50"
"aeroporto de joão pessoa pb","0","1","0.00","10.00"
"aeroporto de lis","0","4","0.00","9.75"
"aeroporto de lisboa chegadas estacionamento","0","2","0.00","48.50"
"aeroporto de lisboa endereço","0","1","0.00","7.00"
"aeroporto de lisboa estacionamento","0","83","0.00","51.92"
"aeroporto de lisboa localização","0","1","0.00","11.00"
"aeroporto de lisboa nome","0","3","0.00","48.33"
"aeroporto de lisboa parking","0","1","0.00","55.00"
"aeroporto de lisboa parque","0","57","0.00","59.74"
"aeroporto de lisboa parque 5 lisboa","0","1","0.00","36.00"
"aeroporto de lisboa por dentro","0","1","0.00","1.00"
"aeroporto de lisboa portugal","0","15","0.00","5.40"
"aeroporto de lisboa sigla","0","1","0.00","35.00"
"aeroporto de lisboa é grande","0","3","0.00","7.00"
"aeroporto de londrina estacionamento","0","12","0.00","10.25"
"aeroporto de maceio estacionamento","0","6","0.00","11.67"
"aeroporto de navegantes estacionamento","0","5","0.00","8.20"
"aeroporto de pinhais","0","1","0.00","13.00"
"aeroporto de porto alegre estacionamento","0","2","0.00","2.50"
"aeroporto de portugal","0","1","0.00","48.00"
"aeroporto de portugal lisboa","0","3","0.00","7.00"
"aeroporto de recife estacionamento","0","19","0.00","8.47"
"aeroporto de ribeirão preto estacionamento","0","1","0.00","56.00"
"aeroporto de salvador estacionamento","0","2","0.00","11.00"
"aeroporto de são josé do rio preto estacionamento","0","1","0.00","22.00"
"aeroporto de viracopos","0","2","0.00","7.00"
"aeroporto de viracopos estacionamento","0","15","0.00","7.73"
"aeroporto de viracopos onde fica","0","1","0.00","23.00"
"aeroporto de vitória estacionamento","0","8","0.00","10.50"
"aeroporto do recife estacionamento","0","1","0.00","1.00"
"aeroporto em campinas","0","1","0.00","1.00"
"aeroporto em guarulhos","0","1","0.00","3.00"
"aeroporto em lisboa","0","3","0.00","16.00"
"aeroporto em pernambuco","0","1","0.00","42.00"
"aeroporto em portugal lisboa","0","1","0.00","30.00"
"aeroporto em recife","0","1","0.00","8.00"
"aeroporto estacionamento","0","42","0.00","42.12"
"aeroporto estacionamento confins","0","3","0.00","21.67"
"aeroporto estacionamento curitiba","0","1","0.00","12.00"
"aeroporto estacionamento guarulhos","0","1","0.00","64.00"
"aeroporto estacionamento lisboa","0","1","0.00","47.00"
"aeroporto faro estacionamento","0","4","0.00","57.25"
"aeroporto florianopolis estacionamento","0","2","0.00","9.50"
"aeroporto florianopolis estacionamento diaria","0","5","0.00","9.80"
"aeroporto florianópolis estacionamento","0","1","0.00","13.00"
"aeroporto galeao estacionamento","0","4","0.00","15.50"
"aeroporto galeão estacionamento","0","18","0.00","11.33"
"aeroporto galeão estacionamento preço","0","2","0.00","9.00"
"aeroporto goiania","0","1","0.00","7.00"
"aeroporto goiania estacionamento","0","1","0.00","11.00"
"aeroporto gru","0","1","0.00","2.00"
"aeroporto gru estacionamento","0","3","0.00","64.33"
"aeroporto gru onde fica","0","1","0.00","28.00"
"aeroporto guarulhos","0","1","0.00","6.00"
"aeroporto guarulhos cumbica","0","1","0.00","1.00"
"aeroporto guarulhos endereco","0","1","0.00","18.00"
"aeroporto guarulhos estacionamento","0","21","0.00","57.90"
"aeroporto guarulhos estacionamento barato","0","11","0.00","54.36"
"aeroporto guarulhos estacionamento terminal 3","0","2","0.00","70.50"
"aeroporto guarulhos mapa","0","2","0.00","7.50"
"aeroporto guarulhos terminais","0","4","0.00","13.25"
"aeroporto guarulhos terminal 2","0","1","0.00","2.00"
"aeroporto guarulhos terminal 2 - embarque","0","1","0.00","2.00"
"aeroporto guarulhos terminal 3 estacionamento","0","5","0.00","69.00"
"aeroporto humberto delgado","0","7","0.00","58.86"
"aeroporto humberto delgado (lis)","0","8","0.00","7.88"
"aeroporto humberto delgado lisboa","0","1","0.00","8.00"
"aeroporto internacional afonso pena","0","30","0.00","13.03"
"aeroporto internacional afonso pena onde fica","0","1","0.00","11.00"
"aeroporto internacional belo horizonte/confins–tancredo neves fotos","0","1","0.00","1.00"
"aeroporto internacional curitiba","0","2","0.00","24.50"
"aeroporto internacional de confins","0","3","0.00","40.00"
"aeroporto internacional de curitiba","0","7","0.00","18.00"
"aeroporto internacional de curitiba - afonso pena","0","34","0.00","10.85"
"aeroporto internacional de curitiba afonso pena fotos","0","5","0.00","6.20"
"aeroporto internacional de guarulhos endereço","0","1","0.00","33.00"
"aeroporto internacional de guarulhos estacionamento","0","3","0.00","69.33"
"aeroporto internacional de lisboa","0","5","0.00","13.40"
"aeroporto internacional de são paulo/guarulhos–governador andré franco montoro","0","1","0.00","2.00"
"aeroporto internacional de viracopos","0","2","0.00","10.50"
"aeroporto internacional de viracopos (vcp)","0","3","0.00","9.00"
"aeroporto internacional de viracopos (vcp) - rodovia santos dumont - parque universitario de viracopos campinas - sp","0","2","0.00","11.00"
"aeroporto internacional lisboa","0","2","0.00","36.50"
"aeroporto internacional portugal","0","1","0.00","49.00"
"aeroporto internacional viracopos","0","1","0.00","2.00"
"aeroporto joão pessoa estacionamento","0","1","0.00","8.00"
"aeroporto jp","0","1","0.00","4.00"
"aeroporto leite lopes estacionamento","0","1","0.00","45.00"
"aeroporto lis","0","23","0.00","9.09"
"aeroporto lisboa","0","11","0.00","26.27"
"aeroporto lisboa estacionamento","0","64","0.00","50.50"
"aeroporto lisboa estacionamento chegadas","0","2","0.00","50.50"
"aeroporto lisboa estacionamento low cost","0","65","0.00","46.28"
"aeroporto lisboa parking","0","10","0.00","47.70"
"aeroporto lisboa parking low cost","0","6","0.00","46.83"
"aeroporto lisboa parque","0","61","0.00","59.69"
"aeroporto lisboa parque 5","0","1","0.00","36.00"
"aeroporto lisboa parque p5","0","1","0.00","39.00"
"aeroporto londrina estacionamento","0","16","0.00","25.69"
"aeroporto luis eduardo magalhães","0","1","0.00","2.00"
"aeroporto maceio estacionamento","0","1","0.00","12.00"
"aeroporto mais proximo","0","1","0.00","1.00"
"aeroporto navegantes estacionamento","0","18","0.00","8.06"
"aeroporto parana","0","2","0.00","34.00"
"aeroporto park","0","3","0.00","47.33"
"aeroporto parking","0","4","0.00","62.25"
"aeroporto parque estacionamento","0","3","0.00","53.67"
"aeroporto parque lisboa","0","8","0.00","50.38"
"aeroporto poa estacionamento","0","1","0.00","59.00"
"aeroporto portela de sacavem lisboa","0","1","0.00","19.00"
"aeroporto porto alegre estacionamento","0","1","0.00","59.00"
"aeroporto portugal","0","1","0.00","47.00"
"aeroporto proximo a curitiba","0","1","0.00","1.00"
"aeroporto recife","0","2","0.00","6.50"
"aeroporto recife estacionamento","0","35","0.00","12.51"
"aeroporto recife estacionamento preço","0","5","0.00","21.60"
"aeroporto ribeirão preto estacionamento","0","1","0.00","52.00"
"aeroporto riogaleão","0","1","0.00","6.00"
"aeroporto salvador estacionamento","0","2","0.00","12.00"
"aeroporto santos dumont estacionamento","0","13","0.00","10.08"
"aeroporto santos dumont tem estacionamento","0","2","0.00","10.50"
"aeroporto sao jose dos pinhais","0","5","0.00","53.40"
"aeroporto vcp onde fica","0","1","0.00","22.00"
"aeroporto viracopos","0","5","0.00","8.60"
"aeroporto viracopos campinas estacionamento","0","17","0.00","26.35"
"aeroporto viracopos estacionamento oficial","0","2","0.00","6.00"
"aeroporto viracopos estacionamento preço","0","27","0.00","24.33"
"aeroporto viracopos onde fica","0","2","0.00","27.00"
"aeroporto vitoria estacionamento","0","8","0.00","10.88"
"aeroporto vix estacionamento","0","4","0.00","9.75"
"aeroportos em curitiba","0","3","0.00","11.00"
"aeroportos em lisboa","0","1","0.00","8.00"
"aeroportos internacionais em portugal","0","2","0.00","46.00"
"aeroprak","0","1","0.00","5.00"
"aeropsrk","0","1","0.00","6.00"
"aeropuerto de curitiba","0","1","0.00","3.00"
"aerovalet - estacionamento aeroporto guarulhos","0","9","0.00","7.44"
"aerovalet congonhas","0","12","0.00","4.00"
"aerovalet gru","0","10","0.00","6.10"
"aerovalet guarulhos","0","75","0.00","6.77"
"aerovalet é confiável","0","61","0.00","5.79"
"aerporto de curitiba","0","2","0.00","11.50"
"afonso pena aeroporto","0","34","0.00","22.21"
"afonso pena aeroporto curitiba","0","5","0.00","11.40"
"afonso pena airport","0","2","0.00","12.00"
"afonso pena curitiba","0","11","0.00","10.64"
"afonso pena estacionamento","0","1","0.00","12.00"
"afonso pena international airport","0","1","0.00","57.00"
"agencia localiza aeroporto guarulhos","0","1","0.00","2.00"
"agende a sua viagem para chegar ao aeroporto gru","0","8","0.00","19.88"
"air china brasil telefone","0","1","0.00","3.00"
"air parc","0","1","0.00","68.00"
"air park","0","70","0.00","40.76"
"air parks","0","1","0.00","60.00"
"airlink park","0","1","0.00","86.00"
"airopark","0","2","0.00","4.00"
"airparc","0","1","0.00","84.00"
"airpark","0","67","0.00","23.09"
"airpark aeroparque","0","1","0.00","11.00"
"airpark aeroporto lisboa","0","17","0.00","25.24"
"airpark estacionamento aeroporto de lisboa","0","15","0.00","24.40"
"airpark faro","0","5","0.00","43.20"
"airpark lisboa","0","13","0.00","37.69"
"airpark plaza","0","1","0.00","41.00"
"airparkone","0","1","0.00","95.00"
"airparks","0","3","0.00","32.00"
"airparks login","0","1","0.00","26.00"
"airport drop-off","0","1","0.00","4.00"
"airport estacionamento guarulhos","0","2","0.00","53.50"
"airport guarulhos estacionamento","0","3","0.00","54.67"
"airport park","0","7","0.00","35.29"
"airport park - gru estacionamento aeroporto guarulhos","0","6","0.00","54.00"
"airport park estacionamento","0","1","0.00","38.00"
"airport park gru","0","5","0.00","48.00"
"airport park gru - estacionamento aeroporto guarulhos","0","5","0.00","47.20"
"airport park gru estacionamento aeroporto guarulhos","0","6","0.00","43.17"
"airport park guarulhos","0","8","0.00","46.13"
"airport park guarulhos estacionamento","0","4","0.00","55.25"
"airport parken","0","1","0.00","79.00"
"airport parking","0","1","0.00","83.00"
"airport parks","0","5","0.00","61.00"
"airportpark guarulhos","0","1","0.00","56.00"
"alternativa","0","1","0.00","9.00"
"alternativa estapar congonhas","0","4","0.00","65.00"
"altura van","0","1","0.00","8.00"
"aluguel de carros aeroporto de guarulhos","0","1","0.00","6.00"
"ana aeroporto lisboa estacionamento","0","6","0.00","45.83"
"ana aeroportos estacionamento lisboa","0","1","0.00","31.00"
"ana estacionamento lisboa","0","1","0.00","45.00"
"ana parques aeroporto lisboa","0","1","0.00","24.00"
"antiga rodovia santos dumont, km 64 - jardim santa maria ii, campinas - sp, 13053-701","0","25","0.00","3.72"
"aonde fica o aeroporto afonso pena","0","3","0.00","5.67"
"apark","0","1","0.00","66.00"
"aplicativo estacionamento aeroporto fortaleza","0","2","0.00","3.00"
"arai park","0","19","0.00","4.26"
"arai park congonhas","0","7","0.00","5.43"
"arepark","0","1","0.00","6.00"
"aropark","0","1","0.00","3.00"
"arredores","0","1","0.00","7.00"
"astopark","0","1","0.00","10.00"
"atp estacionamento campinas","0","1","0.00","11.00"
"auto park brasil","0","15","0.00","7.87"
"auto park brasil confins","0","3","0.00","7.33"
"auto park brasil estacionamento confins","0","4","0.00","11.25"
"auto park confins","0","9","0.00","8.22"
"autopark confins","0","5","0.00","9.40"
"av das industrias 1344 porto alegre","0","6","0.00","9.67"
"av monteiro lobato 4250","0","2","0.00","12.00"
"av novo brasil 954","0","5","0.00","7.80"
"av novo brasil 954 guarulhos","0","38","0.00","11.18"
"av washington luiz, 7135 - são paulo - sp","0","9","0.00","7.78"
"av. das indústrias, 1344","0","1","0.00","9.00"
"av. min. evandro lins e silva, 140 - parque cecap guarulhos- sp- brasil | cep: 07190-017","0","1","0.00","10.00"
"av. min. evandro lins e silva, 140 - parque cecap, guarulhos","0","2","0.00","12.00"
"av. monteiro lobato 4.250, junto a av. hélio smidt","0","1","0.00","8.00"
"av. novo brasil 954","0","13","0.00","16.62"
"av. novo brasil 954 - cidade industrial satélite de são paulo guarulhos - sp 07221-010","0","20","0.00","7.75"
"av. novo brasil 954 cidade industrial satélite de são paulo guarulhos sp 07221-010","0","15","0.00","9.93"
"av. novo brasil 954 guarulhos sp 07221-010","0","12","0.00","17.08"
"av. novo brasil, 954","0","11","0.00","8.82"
"av. novo brasil, 954 - cidade industrial satélite de são paulo, guarulhos - sp, 07221-010","0","13","0.00","5.38"
"av. novo brasil, 954, cidade industrial satélite de são paulo, guarulhos, sp, 07221-010","0","10","0.00","5.50"
"avaliações sobre aeropark - estacionamento aeroporto de guarulhos cumbica","0","11","0.00","12.00"
"avaliações sobre aeropark confins","0","3","0.00","10.67"
"avaliações sobre aeroporto internacional de joão pessoa","0","1","0.00","2.00"
"avaliações sobre aerovalet - estacionamento aeroporto guarulhos","0","44","0.00","9.68"
"avaliações sobre airport park gru","0","2","0.00","44.00"
"avaliações sobre bandeira park - estacionamento aeroporto guarulhos gru","0","2","0.00","22.50"
"avaliações sobre bandeira park viracopos","0","38","0.00","12.11"
"avaliações sobre br parking estacionamento","0","1","0.00","25.00"
"avaliações sobre br parking viracopos","0","40","0.00","10.65"
"avaliações sobre central park confins","0","17","0.00","9.65"
"avaliações sobre congonhas park","0","19","0.00","5.84"
"avaliações sobre decolarpark","0","49","0.00","10.00"
"avaliações sobre econopark aeroporto de guarulhos gru","0","5","0.00","10.00"
"avaliações sobre edifício garagem aeroporto internacional de viracopos","0","9","0.00","8.56"
"avaliações sobre estacionamento aeroporto navegantes dummont park","0","9","0.00","7.00"
"avaliações sobre estacionamento aeroporto santos dumont","0","6","0.00","9.00"
"avaliações sobre estacionamento do aeroporto de fortaleza","0","3","0.00","10.33"
"avaliações sobre estacionamento pátio confins","0","1","0.00","12.00"
"avaliações sobre estacionamento space park confins","0","6","0.00","10.33"
"avaliações sobre estacionamento urban park guarulhos","0","7","0.00","25.29"
"avaliações sobre estapar estacionamentos aeroporto de curitiba (cwb)","0","11","0.00","7.64"
"avaliações sobre express parking","0","18","0.00","9.67"
"avaliações sobre garageinn viracopos - estacione dentro do aeroporto de viracopos","0","24","0.00","7.42"
"avaliações sobre grand parking estacionamento congonhas","0","15","0.00","11.07"
"avaliações sobre km 64 estacionamento","0","3","0.00","6.00"
"avaliações sobre mobiciti congonhas","0","3","0.00","11.00"
"avaliações sobre mobiciti congonhas - estacionamento","0","36","0.00","9.86"
"avaliações sobre movepark gru – aeroporto guarulhos","0","21","0.00","9.48"
"avaliações sobre multipark confins","0","39","0.00","9.69"
"avaliações sobre nation park estacionamento","0","12","0.00","10.33"
"avaliações sobre plenty park congonhas","0","14","0.00","8.21"
"avaliações sobre ponce estacionamento","0","1","0.00","26.00"
"avaliações sobre premium park confins","0","5","0.00","11.60"
"avaliações sobre the parking estacionamento","0","1","0.00","9.00"
"avaliações sobre urban park gru estacionamento aeroporto guarulhos","0","4","0.00","29.50"
"avaliações sobre ve park estacionamento aeroporto","0","1","0.00","9.00"
"avaliações sobre viajepark","0","5","0.00","11.00"
"avaliações sobre viracopos aeroparking","0","16","0.00","10.63"
"avaliações sobre virapark","0","32","0.00","11.25"
"avaliações sobre yellow parking estacionamento - viracopos","0","53","0.00","9.36"
"avaliações sobre yellow parking viracopos","0","1","0.00","10.00"
"avenida novo brasil 954","0","10","0.00","8.10"
"avenida novo brasil 954 guarulhos","0","37","0.00","15.24"
"avis guarulhos airport","0","1","0.00","1.00"
"azul estacionamento viracopos","0","3","0.00","13.67"
"b park","0","4","0.00","12.75"
"b park confins","0","10","0.00","7.10"
"b park estacionamento","0","19","0.00","8.95"
"baffs congonhas","0","1","0.00","3.00"
"bambuzal estacionamento","0","10","0.00","8.90"
"bandeira estacionamento viracopos","0","1","0.00","11.00"
"bandeira park","0","146","0.00","8.64"
"bandeira park - estacionamento aeroporto guarulhos gru","0","4","0.00","48.75"
"bandeira park - estacionamento aeroporto guarulhos gru guarulhos","0","4","0.00","49.75"
"bandeira park - estacionamento aeroporto viracopos campinas vcp campinas","0","1","0.00","11.00"
"bandeira park campinas","0","27","0.00","28.33"
"bandeira park congonhas","0","129","0.00","12.49"
"bandeira park congonhas é confiável","0","6","0.00","11.00"
"bandeira park estacionamento","0","27","0.00","10.33"
"bandeira park estacionamento aeroporto viracopos campinas vcp","0","22","0.00","37.05"
"bandeira park estacionamento congonhas","0","2","0.00","12.50"
"bandeira park estacionamento guarulhos","0","5","0.00","17.60"
"bandeira park gru","0","2","0.00","39.50"
"bandeira park guarulhos","0","7","0.00","30.86"
"bandeira park guarulhos é bom","0","3","0.00","31.33"
"bandeira park online","0","16","0.00","15.88"
"bandeira park santana","0","8","0.00","13.63"
"bandeira park tiete","0","12","0.00","21.50"
"bandeira park tietê","0","8","0.00","19.13"
"bandeira park vcp","0","4","0.00","19.25"
"bandeira park viracopos","0","36","0.00","18.06"
"bandeira park viracopos reclame aqui","0","1","0.00","9.00"
"bandeira park viracopos é bom","0","12","0.00","10.00"
"bandeira park viracopos é confiavel","0","28","0.00","9.61"
"bandeira park.online","0","9","0.00","13.89"
"bandeira parking","0","2","0.00","12.00"
"bandeira parque","0","1","0.00","25.00"
"bandeirapark","0","8","0.00","12.13"
"bandeiras park","0","8","0.00","14.50"
"be park","0","27","0.00","8.85"
"be park confins","0","125","0.00","7.71"
"be park confins azul","0","1","0.00","9.00"
"be park estacionamento confins","0","3","0.00","7.67"
"bee park","0","3","0.00","5.33"
"beepark","0","3","0.00","9.00"
"bepark","0","208","0.00","8.25"
"bepark azul","0","3","0.00","8.00"
"bepark confins","0","34","0.00","7.68"
"bepark estacionamento","0","34","0.00","8.15"
"beparl","0","1","0.00","6.00"
"best park","0","55","0.00","5.47"
"best park aeroporto","0","121","0.00","5.48"
"best park aeroporto curitiba","0","9","0.00","5.22"
"best park curitiba","0","20","0.00","5.75"
"best park estacionamento","0","59","0.00","6.66"
"best park executive","0","22","0.00","6.00"
"bestpark","0","14","0.00","20.29"
"bestpark estacionamentos","0","9","0.00","7.00"
"bh airport estacionamento","0","2","0.00","55.50"
"bh park estacionamento","0","23","0.00","6.26"
"bh park sdu","0","7","0.00","9.00"
"bhpark","0","6","0.00","8.67"
"bhpark santos dumont","0","1","0.00","11.00"
"big estacionamento","0","4","0.00","6.50"
"big estacionamento brasilia","0","32","0.00","10.06"
"big estacionamento bsb","0","6","0.00","10.00"
"birapark","0","1","0.00","5.00"
"boa viagem, recife","0","1","0.00","3.00"
"bolsão f viracopos","0","5","0.00","7.40"
"book parking","0","2","0.00","10.50"
"bpark","0","78","0.00","9.38"
"bpark confins","0","31","0.00","6.90"
"bpark estacionamento","0","3","0.00","7.33"
"br estacionamento","0","3","0.00","48.33"
"br estacionamento aeroporto guarulhos","0","1","0.00","44.00"
"br estacionamento guarulhos","0","6","0.00","50.00"
"br express estacionamento","0","1","0.00","49.00"
"br express parking","0","5","0.00","25.80"
"br express parking guarulhos","0","1","0.00","48.00"
"br park","0","1","0.00","46.00"
"br park estacionamento","0","11","0.00","24.91"
"br park guarulhos","0","1","0.00","49.00"
"br parking","0","7","0.00","52.43"
"br parking campinas","0","20","0.00","40.20"
"br parking congonhas","0","3","0.00","76.00"
"br parking estacionamento","0","4","0.00","48.25"
"br parking guarulhos","0","3","0.00","54.67"
"br parking guarulhos preço","0","4","0.00","64.50"
"br parking viracopos","0","21","0.00","46.57"
"br parking viracopos campinas","0","1","0.00","73.00"
"braspark vitoria","0","4","0.00","9.25"
"brparking","0","2","0.00","47.50"
"brparking campinas","0","3","0.00","11.00"
"brparking viracopos","0","1","0.00","60.00"
"call park estacionamento aeroporto","0","5","0.00","38.60"
"call park guarulhos","0","5","0.00","51.40"
"callpark","0","14","0.00","8.07"
"caro","0","1","0.00","8.00"
"carro","0","2","0.00","3.00"
"carro no aeroporto","0","7","0.00","2.00"
"catedral estacionamento navegantes","0","32","0.00","8.34"
"central park 24h - estacionamento aeroporto de guarulhos","0","12","0.00","8.75"
"central park 24h estacionamento aeroporto de guarulhos","0","22","0.00","16.77"
"central park aeroporto","0","24","0.00","10.08"
"central park aeroporto guarulhos","0","20","0.00","9.70"
"central park confins diárias a partir de r$ 22,00","0","13","0.00","9.00"
"central park estacionamento","0","9","0.00","10.44"
"central park estacionamento confins","0","20","0.00","6.15"
"central park estacionamento guarulhos","0","60","0.00","10.25"
"central park guarulhos","0","27","0.00","9.70"
"central parking services","0","2","0.00","80.00"
"centro empresarial viracopos","0","2","0.00","27.50"
"centro esportivo tiete estacionamento","0","9","0.00","3.11"
"centro esportivo tiete tem estacionamento","0","1","0.00","3.00"
"cgh airport drop off","0","19","0.00","46.26"
"cgh car service","0","7","0.00","30.14"
"cgh drop off","0","4","0.00","44.25"
"cgh estacionamento","0","8","0.00","34.00"
"cgh pickup","0","16","0.00","46.69"
"cgr park","0","4","0.00","8.50"
"cidade de viracopos","0","2","0.00","11.00"
"circus parking","0","1","0.00","3.00"
"clima viracopos","0","1","0.00","12.00"
"coa park","0","3","0.00","6.00"
"coa parking","0","1","0.00","11.00"
"coco bambu guarulhos","0","1","0.00","3.00"
"coisas que tem no aeroporto","0","1","0.00","1.00"
"como chama o aeroporto de lisboa","0","1","0.00","11.00"
"como chegar aeroporto de guarulhos","0","1","0.00","1.00"
"como chegar ao edifício garagem no aeroporto de guarulhos","0","1","0.00","33.00"
"como chegar no aeroporto afonso pena","0","1","0.00","34.00"
"como comparar preços de estacionamentos próximos ao aeroporto antes de viajar?","0","1","0.00","1.00"
"como deixar o carro no aeroporto de brasilia","0","2","0.00","7.00"
"como deixar o carro no estacionamento do aeroporto","0","1","0.00","9.00"
"como escolher um estacionamento confiável com traslado gratuito para o gru?","0","7","0.00","4.57"
"como estacionar no aeroporto de guarulhos","0","9","0.00","51.33"
"como evitar o estresse de encontrar estacionamento na hora do embarque no aeroporto de congonhas em são paulo?","0","2","0.00","4.50"
"como evitar o trânsito para o aeroporto de guarulhos?","0","1","0.00","64.00"
"como evitar pagar caro no estacionamento do aeroporto quando a viagem dura mais de uma semana, saindo de campinas?","0","9","0.00","10.00"
"como funciona estacionamento de longa permanência no aeroporto de viracopos em campinas?","0","8","0.00","3.25"
"como funciona o estacionamento do aeroporto de guarulhos","0","7","0.00","54.00"
"como funciona o traslado dos estacionamentos externos até o terminal de viracopos?","0","13","0.00","3.46"
"como funcionam os comparadores de estacionamento de aeroporto no brasil?","0","3","0.00","8.00"
"como funcionam os estacionamentos de longa permanência perto do aeroporto de guarulhos","0","5","0.00","50.00"
"como funcionam os estacionamentos de longa permanência perto do aeroporto de guarulhos?","0","1","0.00","6.00"
"como reservar estacionamento no aeroporto de recife","0","1","0.00","3.00"
"como reservar estacionamento no aeroporto de vitória es","0","4","0.00","10.00"
"como se chama o aeroporto de lisboa","0","6","0.00","11.00"
"como é o aeroporto de guarulhos","0","3","0.00","17.00"
"compara o estacionamento nos aeroportos","0","38","0.00","26.68"
"comparar","0","2","0.00","12.00"
"comparar os preços","0","1","0.00","14.00"
"comprar estacionamento aeroporto brasilia","0","3","0.00","10.33"
"confins","0","3","0.00","6.67"
"confins aeroporto","0","4","0.00","20.75"
"confins aeroporto internacional","0","3","0.00","10.33"
"confins aeroporto onde fica","0","8","0.00","5.25"
"confins cidade","0","1","0.00","62.00"
"confins estacionamento","0","10","0.00","50.30"
"confins fica em belo horizonte","0","1","0.00","10.00"
"confins terminal 1 ou 2","0","1","0.00","52.00"
"confirmar reserva","0","1","0.00","2.00"
"confort park","0","1","0.00","10.00"
"confort park estacionamento","0","1","0.00","6.00"
"confort park fortaleza","0","14","0.00","6.00"
"congonhas","0","4","0.00","4.75"
"congonhas aeroporto","0","1","0.00","57.00"
"congonhas aeroporto estacionamento","0","21","0.00","46.33"
"congonhas aeroporto onde fica","0","2","0.00","61.00"
"congonhas desembarque","0","2","0.00","2.00"
"congonhas estacionamento","0","27","0.00","38.52"
"congonhas onde fica","0","1","0.00","66.00"
"congonhas park estacionamento","0","33","0.00","12.61"
"congonhas park estacionamento congonhas fotos","0","6","0.00","2.83"
"connect estacionamento","0","5","0.00","6.60"
"connect estacionamento aeroporto curitiba","0","6","0.00","4.50"
"connect park curitiba","0","6","0.00","5.33"
"cr park estacionamento","0","2","0.00","55.00"
"criação de sítios web para parques de estacionamento","0","2","0.00","59.50"
"cuanto cuesta","0","1","0.00","4.00"
"cumbica estacionamento","0","5","0.00","42.40"
"cupom virapark","0","8","0.00","52.00"
"curitiba","0","1","0.00","2.00"
"curitiba aeroporto","0","19","0.00","19.00"
"curitiba aeroporto afonso pena","0","1","0.00","12.00"
"curitiba afonso pena","0","4","0.00","15.75"
"curitiba airport","0","11","0.00","63.45"
"curitiba tem aeroporto","0","8","0.00","12.38"
"curitiba tem aeroporto internacional","0","2","0.00","11.00"
"curitiba tem aeroporto?","0","1","0.00","11.00"
"custo estacionamento aeroporto florianópolis","0","2","0.00","11.50"
"custo estacionamento aeroporto guarulhos","0","8","0.00","50.00"
"custo estacionamento viracopos","0","1","0.00","12.00"
"cwb aeroporto","0","4","0.00","68.00"
"cwb estacionamento","0","1","0.00","11.00"
"dc navegantes","0","1","0.00","2.00"
"de carro proprio","0","1","0.00","4.00"
"de moto","0","1","0.00","4.00"
"decolar estacionamento","0","71","0.00","5.51"
"decolar estacionamento guarulhos","0","52","0.00","5.50"
"decolar guarulhos","0","1","0.00","7.00"
"decolar park","0","768","0.00","6.16"
"decolar park estacionamento","0","21","0.00","20.10"
"decolar park estacionamento guarulhos","0","57","0.00","5.46"
"decolar park estacionamentos","0","77","0.00","8.88"
"decolar park estacionamentos guarulhos","0","9","0.00","5.11"
"decolar park gru","0","14","0.00","4.86"
"decolar parking","0","5","0.00","5.80"
"decolar parking guarulhos","0","13","0.00","4.54"
"decolarpark","0","172","0.00","7.28"
"deixar carro aeroporto lisboa","0","10","0.00","41.70"
"deixar carro no aeroporto","0","5","0.00","49.40"
"deixar carro no aeroporto de brasilia","0","1","0.00","11.00"
"deixar carro no aeroporto de confins","0","2","0.00","12.00"
"deixar carro no aeroporto de guarulhos","0","4","0.00","68.50"
"deixar carro no aeroporto de lisboa","0","11","0.00","49.09"
"deixar o carro no aeroporto","0","5","0.00","38.00"
"deixar o carro no aeroporto de guarulhos","0","9","0.00","52.00"
"deixar o carro no aeroporto lisboa","0","8","0.00","50.38"
"deixar o carro no estacionamento do aeroporto","0","1","0.00","1.00"
"descoberta","0","1","0.00","5.00"
"desconto aeroporto guarulhos","0","1","0.00","49.00"
"desconto estacionamento aeroporto guarulhos","0","1","0.00","25.00"
"desconto estacionamento aeroporto guarulhos terminal 3","0","3","0.00","61.00"
"desconto estacionamento viracopos","0","3","0.00","13.33"
"desembarque aeroporto de congonhas","0","1","0.00","1.00"
"desembarque aeroporto viracopos","0","2","0.00","2.00"
"desembarque guarulhos","0","1","0.00","38.00"
"desembarque viracopos","0","1","0.00","2.00"
"df park estacionamento","0","2","0.00","30.50"
"diaria aeroporto","0","2","0.00","9.00"
"diaria aeroporto brasilia","0","10","0.00","8.90"
"diaria aeroporto congonhas","0","15","0.00","27.73"
"diaria aeroporto curitiba","0","7","0.00","10.57"
"diaria aeroporto de confins","0","2","0.00","11.50"
"diaria aeroporto florianopolis","0","6","0.00","11.00"
"diaria aeroporto fortaleza","0","1","0.00","12.00"
"diaria aeroporto galeao","0","6","0.00","9.17"
"diaria aeroporto goiania","0","1","0.00","10.00"
"diaria aeroporto guarulhos","0","17","0.00","34.06"
"diaria aeroporto porto alegre","0","2","0.00","44.50"
"diaria aeroporto recife","0","6","0.00","10.33"
"diaria aeroporto salgado filho","0","10","0.00","8.60"
"diaria aeroporto salvador","0","2","0.00","6.00"
"diaria aeroporto santos dumont","0","1","0.00","10.00"
"diaria aeroporto viracopos","0","3","0.00","8.00"
"diaria aeroporto vitoria","0","3","0.00","8.67"
"diaria carro aeroporto brasilia","0","1","0.00","12.00"
"diaria carro aeroporto guarulhos","0","11","0.00","43.18"
"diaria de estacionamento aeroporto de guarulhos","0","7","0.00","52.57"
"diaria de estacionamento em guarulhos","0","8","0.00","56.75"
"diaria de estacionamento no aeroporto","0","1","0.00","11.00"
"diaria de estacionamento no aeroporto de curitiba","0","3","0.00","10.33"
"diaria de estacionamento no aeroporto de florianópolis","0","5","0.00","11.40"
"diaria do estacionamento do aeroporto","0","1","0.00","6.00"
"diaria do estacionamento do aeroporto de brasilia","0","4","0.00","4.50"
"diaria do estacionamento do aeroporto de congonhas","0","1","0.00","13.00"
"diaria do estacionamento do aeroporto de florianópolis","0","1","0.00","12.00"
"diaria do estacionamento do aeroporto de recife","0","9","0.00","10.67"
"diaria do estacionamento do aeroporto de salvador","0","3","0.00","9.67"
"diaria do estacionamento do aeroporto de vitoria","0","9","0.00","9.67"
"diaria do estacionamento do aeroporto galeao","0","1","0.00","9.00"
"diaria do estacionamento do galeao","0","11","0.00","8.27"
"diaria do estacionamento no aeroporto de guarulhos","0","8","0.00","48.00"
"diaria estacionamento aeroporto","0","15","0.00","8.20"
"diaria estacionamento aeroporto brasilia","0","1","0.00","6.00"
"diaria estacionamento aeroporto congonhas","0","2","0.00","2.00"
"diaria estacionamento aeroporto curitiba","0","2","0.00","10.00"
"diaria estacionamento aeroporto de brasilia","0","29","0.00","8.45"
"diaria estacionamento aeroporto de confins","0","9","0.00","11.56"
"diaria estacionamento aeroporto de cuiaba","0","4","0.00","7.50"
"diaria estacionamento aeroporto de curitiba","0","4","0.00","8.00"
"diaria estacionamento aeroporto de goiania","0","10","0.00","11.50"
"diaria estacionamento aeroporto de guarulhos","0","6","0.00","54.00"
"diaria estacionamento aeroporto de navegantes","0","5","0.00","7.60"
"diaria estacionamento aeroporto florianopolis","0","32","0.00","11.66"
"diaria estacionamento aeroporto guarulhos","0","12","0.00","31.67"
"diaria estacionamento aeroporto joao pessoa","0","4","0.00","10.50"
"diaria estacionamento aeroporto londrina","0","2","0.00","9.00"
"diaria estacionamento aeroporto porto alegre","0","3","0.00","22.33"
"diaria estacionamento aeroporto recife","0","5","0.00","10.80"
"diaria estacionamento aeroporto salvador","0","22","0.00","10.64"
"diaria estacionamento aeroporto santos dumont","0","8","0.00","9.25"
"diaria estacionamento aeroporto viracopos","0","19","0.00","11.21"
"diaria estacionamento aeroporto vitoria","0","18","0.00","10.44"
"diaria estacionamento confins","0","17","0.00","33.35"
"diaria estacionamento congonhas","0","15","0.00","38.13"
"diaria estacionamento galeao","0","4","0.00","14.50"
"diaria estacionamento galeao rj","0","1","0.00","8.00"
"diaria estacionamento gru","0","5","0.00","53.40"
"diaria estacionamento guarulhos","0","11","0.00","40.36"
"diaria estacionamento guarulhos aeroporto","0","5","0.00","64.80"
"diaria estacionamento rodoviaria tiete","0","3","0.00","11.33"
"diaria estacionamento viracopos","0","37","0.00","16.95"
"diaria no aeroporto de guarulhos","0","9","0.00","38.44"
"diaria no aeroporto de recife","0","3","0.00","6.67"
"diaria no aeroporto galeao","0","4","0.00","9.50"
"diaria no estacionamento do aeroporto","0","5","0.00","4.80"
"diaria no estacionamento do aeroporto de guarulhos","0","8","0.00","41.88"
"diaria no estacionamento do galeao","0","4","0.00","26.25"
"diaria para deixar carro no aeroporto","0","1","0.00","90.00"
"diretório de são paulo viracopos","0","1","0.00","1.00"
"distancia do aeroporto","0","1","0.00","4.00"
"distância do aeroporto","0","1","0.00","17.00"
"divide no cartão","0","1","0.00","1.00"
"diária aeroporto guarulhos","0","11","0.00","39.64"
"diária de estacionamento no aeroporto de guarulhos","0","5","0.00","62.00"
"diária de r$ 9,90 a partir da 5ª diária - estacionamento aeroporto confins - multipark","0","4","0.00","7.75"
"diária do estacionamento do aeroporto","0","6","0.00","7.83"
"diária do estacionamento do aeroporto de guarulhos","0","15","0.00","35.07"
"diária estacionamento aeroporto","0","4","0.00","10.00"
"diária estacionamento aeroporto afonso pena","0","8","0.00","11.50"
"diária estacionamento aeroporto brasília","0","1","0.00","9.00"
"diária estacionamento aeroporto confins","0","4","0.00","12.00"
"diária estacionamento aeroporto curitiba","0","21","0.00","9.95"
"diária estacionamento aeroporto de congonhas","0","1","0.00","1.00"
"diária estacionamento aeroporto de guarulhos","0","4","0.00","40.50"
"diária estacionamento aeroporto florianópolis","0","2","0.00","11.50"
"diária estacionamento aeroporto galeão","0","3","0.00","9.67"
"diária estacionamento aeroporto guarulhos","0","30","0.00","50.70"
"diária estacionamento aeroporto porto alegre","0","1","0.00","13.00"
"diária estacionamento aeroporto recife","0","20","0.00","11.10"
"diária estacionamento aeroporto salgado filho","0","3","0.00","9.00"
"diária estacionamento aeroporto salvador","0","8","0.00","11.63"
"diária estacionamento aeroporto viracopos","0","4","0.00","13.00"
"diária estacionamento confins","0","13","0.00","46.92"
"diária estacionamento galeão","0","9","0.00","18.78"
"diária estacionamento viracopos","0","5","0.00","12.60"
"dois dias","0","1","0.00","6.00"
"dois dias e uma noite","0","1","0.00","1.00"
"dr park estacionamento","0","1","0.00","11.00"
"dumont park","0","10","0.00","10.60"
"dunkin donuts brasil","0","1","0.00","4.00"
"e no aeroporto?","0","1","0.00","2.00"
"e o santos dumont","0","1","0.00","3.00"
"e perto do aeroporto","0","1","0.00","2.00"
"eaeropark","0","1","0.00","6.00"
"eagle park estacionamento","0","1","0.00","44.00"
"eatacionamento aeroporto","0","2","0.00","8.50"
"eco park estacionamento","0","1","0.00","14.00"
"econo park","0","13","0.00","5.46"
"econo park guarulhos","0","7","0.00","9.14"
"economia","0","1","0.00","1.00"
"econopar","0","4","0.00","4.25"
"econopark","0","226","0.00","7.44"
"econopark aeroporto de guarulhos gru","0","73","0.00","9.22"
"econopark express","0","1","0.00","11.00"
"econopark gru","0","5","0.00","5.00"
"econopark guarulhos","0","162","0.00","6.52"
"econoparking","0","1","0.00","8.00"
"econômico estacionamento","0","1","0.00","27.00"
"ecopark guarulhos","0","1","0.00","7.00"
"edificio garagem aeroporto guarulhos","0","3","0.00","59.67"
"edificio garagem congonhas estapar","0","1","0.00","68.00"
"edificio garagem cumbica","0","2","0.00","66.50"
"edificio garagem gru","0","1","0.00","71.00"
"edificio garagem guarulhos","0","9","0.00","75.78"
"edificio garagem viracopos","0","230","0.00","10.05"
"edifício garagem aeroporto guarulhos","0","1","0.00","21.00"
"edifício garagem aeroporto internacional de viracopos","0","139","0.00","10.04"
"edifício garagem viracopos","0","23","0.00","11.17"
"elisa bandeira park","0","8","0.00","12.88"
"em que cidade fica o aeroporto de congonhas","0","1","0.00","66.00"
"embarque aeroporto de confins","0","1","0.00","8.00"
"embarque aeroporto de congonhas","0","1","0.00","2.00"
"embarque e desembarque aeroporto de congonhas","0","1","0.00","1.00"
"empresa no aeroporto de guarulhos","0","1","0.00","1.00"
"empresas de estacionamento","0","1","0.00","6.00"
"endereço aeroporto afonso pena","0","4","0.00","16.00"
"endereço aeroporto de confins","0","2","0.00","39.00"
"endereço aeroporto de curitiba","0","4","0.00","14.00"
"endereço aeroporto de guarulhos","0","4","0.00","28.00"
"endereço aeroporto de lisboa","0","4","0.00","8.75"
"endereço aeroporto guarulhos","0","2","0.00","21.50"
"endereço aeroporto internacional de guarulhos","0","1","0.00","31.00"
"endereço aeroporto lisboa","0","2","0.00","6.50"
"endereço do aeroporto de confins","0","3","0.00","14.33"
"endereço do aeroporto de guarulhos","0","5","0.00","25.80"
"endereço do aeroporto internacional de guarulhos","0","1","0.00","32.00"
"enzo park guarulhos","0","3","0.00","59.00"
"es park estacionamento aeroporto curitiba","0","14","0.00","19.29"
"escudo park estacionamento aeroporto guarulhos","0","2","0.00","50.00"
"estacenter londrina","0","1","0.00","4.00"
"estacenter parking londrina","0","1","0.00","4.00"
"estacinamento congonhas","0","11","0.00","28.36"
"estacionamemto","0","1","0.00","1.00"
"estacionamento","0","7","0.00","4.57"
"estacionamento 2 - rodoviária tietê","0","17","0.00","23.88"
"estacionamento 2 aeroporto salgado filho","0","1","0.00","34.00"
"estacionamento 2 rodoviaria tiete","0","16","0.00","20.81"
"estacionamento 2 rodoviária tietê","0","17","0.00","29.94"
"estacionamento 222","0","17","0.00","7.59"
"estacionamento 222 guarulhos","0","9","0.00","5.89"
"estacionamento 24 horas campinas","0","2","0.00","18.50"
"estacionamento 24 horas curitiba","0","1","0.00","15.00"
"estacionamento 24h","0","3","0.00","22.33"
"estacionamento 24h perto de mim","0","6","0.00","7.83"
"estacionamento 24h próximo a mim","0","1","0.00","12.00"
"estacionamento 24hrs perto de mim","0","2","0.00","7.00"
"estacionamento 3 aeroporto salgado filho","0","1","0.00","28.00"
"estacionamento aero park","0","19","0.00","17.74"
"estacionamento aero park guarulhos","0","16","0.00","7.13"
"estacionamento aero parking ltda goiânia","0","1","0.00","43.00"
"estacionamento aeropark confins","0","9","0.00","8.33"
"estacionamento aeropark guarulhos","0","29","0.00","4.76"
"estacionamento aeroparking viracopos","0","2","0.00","8.00"
"estacionamento aeroporto afonso pena curitiba","0","7","0.00","10.57"
"estacionamento aeroporto afonso pena diária preço 2026","0","4","0.00","9.50"
"estacionamento aeroporto afonso pena mais barato","0","22","0.00","8.77"
"estacionamento aeroporto bauru","0","2","0.00","48.50"
"estacionamento aeroporto brasilia diaria","0","10","0.00","9.70"
"estacionamento aeroporto brasilia valor","0","8","0.00","9.25"
"estacionamento aeroporto brasília diária preço 2026","0","6","0.00","7.33"
"estacionamento aeroporto brasília df park","0","3","0.00","21.00"
"estacionamento aeroporto bsb","0","13","0.00","9.15"
"estacionamento aeroporto campinas valor","0","11","0.00","10.82"
"estacionamento aeroporto campo grande ms","0","7","0.00","15.71"
"estacionamento aeroporto castro pinto","0","10","0.00","6.90"
"estacionamento aeroporto confins bh","0","1","0.00","12.00"
"estacionamento aeroporto confins diaria","0","1","0.00","11.00"
"estacionamento aeroporto confins diária preço 2026","0","4","0.00","9.75"
"estacionamento aeroporto confins estapar","0","2","0.00","13.50"
"estacionamento aeroporto confins ipo park","0","10","0.00","9.50"
"estacionamento aeroporto confins mais barato","0","28","0.00","11.07"
"estacionamento aeroporto confins melhor preço","0","2","0.00","13.00"
"estacionamento aeroporto confins preço diária 2026","0","6","0.00","9.17"
"estacionamento aeroporto confins premium park","0","25","0.00","4.92"
"estacionamento aeroporto congonhas 24 horas","0","20","0.00","21.30"
"estacionamento aeroporto congonhas barato","0","11","0.00","33.55"
"estacionamento aeroporto congonhas com melhor custo-benefício e seguro de veículo em são paulo","0","1","0.00","2.00"
"estacionamento aeroporto congonhas com transfer","0","1","0.00","10.00"
"estacionamento aeroporto congonhas mais barato","0","4","0.00","34.00"
"estacionamento aeroporto congonhas mobicity","0","7","0.00","2.14"
"estacionamento aeroporto congonhas preço diária 2026","0","7","0.00","9.86"
"estacionamento aeroporto congonhas preço","0","31","0.00","13.52"
"estacionamento aeroporto congonhas preço diaria","0","1","0.00","15.00"
"estacionamento aeroporto congonhas sp","0","35","0.00","18.74"
"estacionamento aeroporto congonhas tam","0","7","0.00","20.29"
"estacionamento aeroporto congonhas valor","0","9","0.00","12.44"
"estacionamento aeroporto cuiabá","0","7","0.00","8.86"
"estacionamento aeroporto cumbica","0","21","0.00","58.48"
"estacionamento aeroporto cumbica preço","0","1","0.00","31.00"
"estacionamento aeroporto curitiba barato","0","29","0.00","8.62"
"estacionamento aeroporto curitiba best park","0","1","0.00","5.00"
"estacionamento aeroporto curitiba indigo","0","1","0.00","4.00"
"estacionamento aeroporto curitiba mais barato","0","6","0.00","9.00"
"estacionamento aeroporto curitiba preço","0","24","0.00","11.58"
"estacionamento aeroporto curitiba valor","0","5","0.00","11.20"
"estacionamento aeroporto cwb","0","6","0.00","11.00"
"estacionamento aeroporto de brasilia diaria","0","2","0.00","9.50"
"estacionamento aeroporto de brasilia valor","0","12","0.00","9.08"
"estacionamento aeroporto de campinas preço","0","8","0.00","9.00"
"estacionamento aeroporto de campinas viracopos","0","10","0.00","8.50"
"estacionamento aeroporto de campo grande","0","5","0.00","11.60"
"estacionamento aeroporto de confins","0","14","0.00","32.07"
"estacionamento aeroporto de confins preço","0","3","0.00","10.33"
"estacionamento aeroporto de congonhas barato","0","2","0.00","15.50"
"estacionamento aeroporto de congonhas com traslado","0","10","0.00","8.20"
"estacionamento aeroporto de congonhas diária preço 2026","0","1","0.00","11.00"
"estacionamento aeroporto de congonhas sp","0","4","0.00","10.00"
"estacionamento aeroporto de congonhas valor","0","2","0.00","13.00"
"estacionamento aeroporto de cuiaba","0","1","0.00","10.00"
"estacionamento aeroporto de curitiba valor","0","6","0.00","11.83"
"estacionamento aeroporto de faro","0","5","0.00","50.20"
"estacionamento aeroporto de florianopolis","0","1","0.00","13.00"
"estacionamento aeroporto de florianópolis","0","4","0.00","11.00"
"estacionamento aeroporto de floripa","0","1","0.00","11.00"
"estacionamento aeroporto de fortaleza","0","6","0.00","32.33"
"estacionamento aeroporto de goiânia","0","6","0.00","17.33"
"estacionamento aeroporto de goiânia valor","0","3","0.00","10.33"
"estacionamento aeroporto de gru","0","2","0.00","80.00"
"estacionamento aeroporto de guarulho","0","3","0.00","70.33"
"estacionamento aeroporto de guarulhos","0","87","0.00","54.15"
"estacionamento aeroporto de guarulhos - park 222","0","2","0.00","7.50"
"estacionamento aeroporto de guarulhos 24 horas","0","12","0.00","73.92"
"estacionamento aeroporto de guarulhos preço","0","26","0.00","48.12"
"estacionamento aeroporto de guarulhos sp","0","3","0.00","69.33"
"estacionamento aeroporto de guarulhos terminal 2","0","2","0.00","71.00"
"estacionamento aeroporto de guarulhos terminal 3","0","4","0.00","71.50"
"estacionamento aeroporto de guarulhos valor","0","8","0.00","50.13"
"estacionamento aeroporto de guarulhos valor diaria","0","9","0.00","39.56"
"estacionamento aeroporto de joao pessoa","0","3","0.00","9.33"
"estacionamento aeroporto de joão pessoa","0","13","0.00","9.62"
"estacionamento aeroporto de lisboa","0","81","0.00","48.22"
"estacionamento aeroporto de maceio","0","4","0.00","11.25"
"estacionamento aeroporto de palmas","0","2","0.00","42.00"
"estacionamento aeroporto de porto alegre","0","2","0.00","57.00"
"estacionamento aeroporto de recife","0","45","0.00","9.33"
"estacionamento aeroporto de ribeirão preto","0","1","0.00","52.00"
"estacionamento aeroporto de salvador","0","5","0.00","21.00"
"estacionamento aeroporto de são jose do rio preto","0","1","0.00","62.00"
"estacionamento aeroporto de teresina","0","5","0.00","7.00"
"estacionamento aeroporto de uberlândia - bh park","0","1","0.00","41.00"
"estacionamento aeroporto de uberlândia bh park","0","1","0.00","41.00"
"estacionamento aeroporto de viracopos campinas","0","24","0.00","10.58"
"estacionamento aeroporto de vitoria","0","17","0.00","10.59"
"estacionamento aeroporto de vitoria es","0","3","0.00","11.00"
"estacionamento aeroporto de vitória","0","13","0.00","11.85"
"estacionamento aeroporto diaria","0","2","0.00","5.50"
"estacionamento aeroporto do galeão","0","2","0.00","34.00"
"estacionamento aeroporto do recife","0","11","0.00","17.55"
"estacionamento aeroporto em guarulhos","0","9","0.00","72.67"
"estacionamento aeroporto faro","0","31","0.00","48.97"
"estacionamento aeroporto florianopolis","0","20","0.00","10.70"
"estacionamento aeroporto florianópolis diária preço 2026","0","1","0.00","9.00"
"estacionamento aeroporto florianópolis preço diária 2026","0","3","0.00","11.00"
"estacionamento aeroporto florianópolis tarifas 2026","0","1","0.00","9.00"
"estacionamento aeroporto florianópolis preço","0","1","0.00","11.00"
"estacionamento aeroporto floripa","0","11","0.00","10.73"
"estacionamento aeroporto fortaleza","0","66","0.00","13.03"
"estacionamento aeroporto fortaleza preço","0","1","0.00","11.00"
"estacionamento aeroporto foz","0","2","0.00","52.00"
"estacionamento aeroporto galeao","0","32","0.00","10.56"
"estacionamento aeroporto galeão diária preço 2026","0","1","0.00","9.00"
"estacionamento aeroporto galeão rio de janeiro","0","10","0.00","8.80"
"estacionamento aeroporto galeão valor","0","5","0.00","9.80"
"estacionamento aeroporto garulhos","0","4","0.00","75.50"
"estacionamento aeroporto gig","0","3","0.00","11.67"
"estacionamento aeroporto goiania","0","14","0.00","20.93"
"estacionamento aeroporto gru","0","28","0.00","63.07"
"estacionamento aeroporto guararapes","0","1","0.00","9.00"
"estacionamento aeroporto guarulho","0","2","0.00","58.50"
"estacionamento aeroporto guarulhos $7 99","0","11","0.00","46.45"
"estacionamento aeroporto guarulhos $7,99","0","1","0.00","1.00"
"estacionamento aeroporto guarulhos 10 dias preço 2026","0","1","0.00","11.00"
"estacionamento aeroporto guarulhos 15 dias preço 2026","0","2","0.00","10.00"
"estacionamento aeroporto guarulhos 24 horas","0","13","0.00","76.62"
"estacionamento aeroporto guarulhos 5 dias preço 2026","0","1","0.00","11.00"
"estacionamento aeroporto guarulhos 7 99","0","3","0.00","12.00"
"estacionamento aeroporto guarulhos 7 dias preço 2026","0","5","0.00","10.00"
"estacionamento aeroporto guarulhos aeropark","0","6","0.00","4.83"
"estacionamento aeroporto guarulhos airport park gru","0","8","0.00","44.50"
"estacionamento aeroporto guarulhos bandeira park","0","2","0.00","38.00"
"estacionamento aeroporto guarulhos barato","0","24","0.00","57.88"
"estacionamento aeroporto guarulhos coberto","0","14","0.00","69.00"
"estacionamento aeroporto guarulhos com transfer","0","5","0.00","66.40"
"estacionamento aeroporto guarulhos com traslado","0","5","0.00","63.40"
"estacionamento aeroporto guarulhos confiavel","0","5","0.00","50.60"
"estacionamento aeroporto guarulhos cumbica","0","8","0.00","65.25"
"estacionamento aeroporto guarulhos decolar","0","15","0.00","4.20"
"estacionamento aeroporto guarulhos decolar park","0","9","0.00","5.00"
"estacionamento aeroporto guarulhos diaria","0","12","0.00","42.17"
"estacionamento aeroporto guarulhos diária preço 2026","0","22","0.00","9.55"
"estacionamento aeroporto guarulhos diária","0","19","0.00","58.47"
"estacionamento aeroporto guarulhos econopark","0","4","0.00","5.50"
"estacionamento aeroporto guarulhos edificio garagem","0","2","0.00","54.50"
"estacionamento aeroporto guarulhos gru tarifas 2026","0","2","0.00","11.00"
"estacionamento aeroporto guarulhos melhor preço","0","5","0.00","50.60"
"estacionamento aeroporto guarulhos oficial","0","5","0.00","61.20"
"estacionamento aeroporto guarulhos on park","0","4","0.00","37.50"
"estacionamento aeroporto guarulhos preco","0","6","0.00","58.83"
"estacionamento aeroporto guarulhos preço 2026","0","6","0.00","36.00"
"estacionamento aeroporto guarulhos preço diária 2026","0","9","0.00","9.00"
"estacionamento aeroporto guarulhos preços 2026","0","4","0.00","9.25"
"estacionamento aeroporto guarulhos preço","0","45","0.00","55.73"
"estacionamento aeroporto guarulhos preço diaria","0","11","0.00","41.18"
"estacionamento aeroporto guarulhos preços","0","13","0.00","38.54"
"estacionamento aeroporto guarulhos sp","0","10","0.00","52.30"
"estacionamento aeroporto guarulhos tam","0","3","0.00","46.67"
"estacionamento aeroporto guarulhos tarifas 2026","0","1","0.00","9.00"
"estacionamento aeroporto guarulhos terminal 1","0","3","0.00","80.33"
"estacionamento aeroporto guarulhos terminal 2","0","6","0.00","53.83"
"estacionamento aeroporto guarulhos terminal 2 valor","0","5","0.00","65.40"
"estacionamento aeroporto guarulhos terminal 3","0","21","0.00","66.43"
"estacionamento aeroporto guarulhos terminal 3 valor","0","4","0.00","76.75"
"estacionamento aeroporto guarulhos terminal 4","0","1","0.00","36.00"
"estacionamento aeroporto guarulhos urban park","0","4","0.00","7.00"
"estacionamento aeroporto guarulhos valor","0","14","0.00","58.21"
"estacionamento aeroporto guarulhos valor diaria","0","15","0.00","49.80"
"estacionamento aeroporto guarulhos valores","0","18","0.00","49.39"
"estacionamento aeroporto gyn","0","1","0.00","9.00"
"estacionamento aeroporto internacional de guarulhos","0","8","0.00","26.75"
"estacionamento aeroporto internacional do rio de janeiro","0","1","0.00","11.00"
"estacionamento aeroporto joao pessoa","0","43","0.00","8.28"
"estacionamento aeroporto joão pessoa valor","0","6","0.00","5.67"
"estacionamento aeroporto lisboa","0","194","0.00","47.35"
"estacionamento aeroporto lisboa ana","0","22","0.00","27.14"
"estacionamento aeroporto lisboa chegadas","0","3","0.00","54.00"
"estacionamento aeroporto lisboa low cost","0","116","0.00","46.59"
"estacionamento aeroporto lisboa p3","0","29","0.00","41.31"
"estacionamento aeroporto lisboa preço","0","4","0.00","36.00"
"estacionamento aeroporto lisboa terminal 1","0","51","0.00","50.06"
"estacionamento aeroporto lisboa terminal 2","0","68","0.00","55.79"
"estacionamento aeroporto lisboa via verde","0","2","0.00","49.50"
"estacionamento aeroporto maceió","0","4","0.00","10.00"
"estacionamento aeroporto navegantes diária preço 2026","0","2","0.00","6.00"
"estacionamento aeroporto navegantes dummont park","0","17","0.00","10.53"
"estacionamento aeroporto navegantes valor","0","13","0.00","7.38"
"estacionamento aeroporto palmas","0","4","0.00","43.50"
"estacionamento aeroporto pampulha","0","1","0.00","1.00"
"estacionamento aeroporto passo fundo","0","3","0.00","48.00"
"estacionamento aeroporto poa","0","4","0.00","51.00"
"estacionamento aeroporto porto alegre","0","19","0.00","36.58"
"estacionamento aeroporto porto alegre mais barato","0","5","0.00","26.20"
"estacionamento aeroporto porto alegre salgado filho","0","1","0.00","1.00"
"estacionamento aeroporto porto alegre valor","0","1","0.00","50.00"
"estacionamento aeroporto porto alegre valor diaria","0","1","0.00","1.00"
"estacionamento aeroporto porto alegre valores","0","3","0.00","24.33"
"estacionamento aeroporto preço","0","3","0.00","42.33"
"estacionamento aeroporto recife diaria","0","4","0.00","37.75"
"estacionamento aeroporto recife diária preço 2026","0","11","0.00","8.82"
"estacionamento aeroporto recife preço diária 2026","0","13","0.00","8.54"
"estacionamento aeroporto recife preço","0","2","0.00","11.50"
"estacionamento aeroporto recife valor","0","3","0.00","13.00"
"estacionamento aeroporto recife valores","0","1","0.00","1.00"
"estacionamento aeroporto rio de janeiro","0","4","0.00","12.25"
"estacionamento aeroporto rio preto","0","2","0.00","33.00"
"estacionamento aeroporto salgado filho porto alegre","0","1","0.00","1.00"
"estacionamento aeroporto salvador bambuzal","0","1","0.00","10.00"
"estacionamento aeroporto salvador diaria","0","3","0.00","11.00"
"estacionamento aeroporto salvador diária preço 2026","0","5","0.00","7.60"
"estacionamento aeroporto salvador preço diária","0","8","0.00","10.00"
"estacionamento aeroporto salvador valor","0","13","0.00","11.08"
"estacionamento aeroporto santos dumont bhpark","0","18","0.00","9.50"
"estacionamento aeroporto santos dumont diária preço 2026","0","2","0.00","10.50"
"estacionamento aeroporto santos dumont preço 2026","0","2","0.00","8.50"
"estacionamento aeroporto santos dumont preço diária 2026","0","1","0.00","7.00"
"estacionamento aeroporto santos dumont preço","0","2","0.00","9.00"
"estacionamento aeroporto sao jose dos pinhais","0","1","0.00","5.00"
"estacionamento aeroporto sao paulo","0","4","0.00","81.50"
"estacionamento aeroporto são josé dos pinhais","0","1","0.00","12.00"
"estacionamento aeroporto teresina","0","26","0.00","9.85"
"estacionamento aeroporto valor","0","4","0.00","9.50"
"estacionamento aeroporto varzea grande","0","9","0.00","11.00"
"estacionamento aeroporto vcp","0","3","0.00","1.00"
"estacionamento aeroporto vcp campinas","0","1","0.00","13.00"
"estacionamento aeroporto vira copos","0","3","0.00","7.33"
"estacionamento aeroporto viracopos campinas","0","140","0.00","10.49"
"estacionamento aeroporto viracopos campinas diária preço 2026","0","4","0.00","8.50"
"estacionamento aeroporto viracopos diária preço 2026","0","7","0.00","9.29"
"estacionamento aeroporto viracopos edificio garagem","0","18","0.00","9.44"
"estacionamento aeroporto viracopos estapar","0","2","0.00","10.50"
"estacionamento aeroporto viracopos oficial","0","10","0.00","9.40"
"estacionamento aeroporto viracopos tarifas 2026","0","1","0.00","11.00"
"estacionamento aeroporto viracopos valor","0","5","0.00","11.20"
"estacionamento aeroporto viracopos virapark","0","7","0.00","6.43"
"estacionamento aeroporto vitoria","0","205","0.00","11.42"
"estacionamento aeroporto vitoria da conquista","0","2","0.00","28.00"
"estacionamento aeroporto vitoria es","0","13","0.00","9.08"
"estacionamento aeroporto vitória es diária preço 2026","0","1","0.00","10.00"
"estacionamento aeroporto vitória","0","2","0.00","12.00"
"estacionamento aeroporto vix","0","12","0.00","9.67"
"estacionamento aeroporto zumbi dos palmares","0","7","0.00","11.29"
"estacionamento aeroporto.congonhas","0","1","0.00","2.00"
"estacionamento aeroporto.guarulhos","0","4","0.00","72.25"
"estacionamento aerovalet","0","7","0.00","5.43"
"estacionamento afonso pena","0","13","0.00","10.08"
"estacionamento afonso pena aeroporto","0","7","0.00","58.57"
"estacionamento afonso pena curitiba","0","3","0.00","11.33"
"estacionamento airport park","0","1","0.00","20.00"
"estacionamento airport park gru","0","4","0.00","55.00"
"estacionamento ana aeroporto lisboa","0","3","0.00","37.00"
"estacionamento ao lado do aeroporto de guarulhos","0","4","0.00","56.25"
"estacionamento araujo guarulhos","0","1","0.00","7.00"
"estacionamento arroporto","0","1","0.00","34.00"
"estacionamento arroporto guarulhos","0","5","0.00","74.80"
"estacionamento av paulista","0","1","0.00","31.00"
"estacionamento avenida paulista","0","1","0.00","34.00"
"estacionamento azul viracopos","0","26","0.00","36.62"
"estacionamento b aeroporto de brasília","0","4","0.00","11.25"
"estacionamento bambuzal aeroporto","0","26","0.00","10.04"
"estacionamento bambuzal salvador","0","9","0.00","9.00"
"estacionamento bambuzal valor","0","9","0.00","6.22"
"estacionamento bandeira park","0","42","0.00","11.21"
"estacionamento bandeira park congonhas","0","43","0.00","15.35"
"estacionamento bandeira park guarulhos","0","3","0.00","20.33"
"estacionamento bandeira park tiete","0","9","0.00","17.22"
"estacionamento barato aeroporto curitiba","0","8","0.00","10.13"
"estacionamento barato aeroporto guarulhos","0","12","0.00","51.17"
"estacionamento barato aeroporto lisboa","0","7","0.00","41.29"
"estacionamento barato congonhas","0","3","0.00","11.33"
"estacionamento barato em guarulhos","0","17","0.00","52.59"
"estacionamento barato guarulhos","0","11","0.00","56.73"
"estacionamento barato perto do aeroporto de guarulhos","0","2","0.00","40.50"
"estacionamento barato viracopos","0","20","0.00","38.00"
"estacionamento be park confins","0","18","0.00","7.56"
"estacionamento beira rio","0","1","0.00","4.00"
"estacionamento bepark","0","34","0.00","8.03"
"estacionamento bepark confins","0","18","0.00","7.11"
"estacionamento best park","0","12","0.00","6.67"
"estacionamento bh aeroporto","0","1","0.00","9.00"
"estacionamento bh park","0","2","0.00","5.00"
"estacionamento bh park santos dumont","0","1","0.00","12.00"
"estacionamento boa viagem","0","1","0.00","9.00"
"estacionamento boa viagem rio preto","0","1","0.00","59.00"
"estacionamento bolsao f viracopos","0","1","0.00","11.00"
"estacionamento bpark","0","12","0.00","8.33"
"estacionamento br express","0","1","0.00","50.00"
"estacionamento br express guarulhos","0","1","0.00","46.00"
"estacionamento br parking","0","1","0.00","7.00"
"estacionamento br parking viracopos","0","1","0.00","13.00"
"estacionamento brasil park guarulhos","0","1","0.00","51.00"
"estacionamento brasilia","0","4","0.00","10.25"
"estacionamento brasilia aeroporto","0","8","0.00","36.25"
"estacionamento brasilia shopping","0","1","0.00","2.00"
"estacionamento brasília","0","1","0.00","50.00"
"estacionamento bsb aeroporto","0","3","0.00","7.33"
"estacionamento campinas","0","40","0.00","20.88"
"estacionamento campinas aeroporto","0","90","0.00","26.61"
"estacionamento campinas centro","0","2","0.00","35.50"
"estacionamento campinas viracopos","0","37","0.00","28.30"
"estacionamento campo belo aeroporto","0","10","0.00","20.60"
"estacionamento campo belo congonhas","0","5","0.00","23.60"
"estacionamento carro aeroporto guarulhos","0","5","0.00","72.00"
"estacionamento carro guarulhos","0","3","0.00","63.33"
"estacionamento catedral navegantes","0","17","0.00","8.06"
"estacionamento central park confins","0","25","0.00","6.96"
"estacionamento central park guarulhos","0","3","0.00","12.00"
"estacionamento centro de guarulhos","0","1","0.00","49.00"
"estacionamento centro esportivo tiete","0","4","0.00","3.00"
"estacionamento centro sp","0","1","0.00","11.00"
"estacionamento cgh","0","17","0.00","26.41"
"estacionamento cgh aeroporto","0","1","0.00","1.00"
"estacionamento cnf","0","4","0.00","53.25"
"estacionamento coberto aeroporto guarulhos","0","31","0.00","47.71"
"estacionamento coberto aeroporto lisboa","0","5","0.00","39.40"
"estacionamento coberto aeroporto salgado filho","0","4","0.00","10.50"
"estacionamento coberto aeroporto viracopos","0","2","0.00","7.50"
"estacionamento coberto em viracopos","0","1","0.00","2.00"
"estacionamento coberto guarulhos","0","14","0.00","34.64"
"estacionamento coberto perto do aeroporto de guarulhos","0","11","0.00","52.64"
"estacionamento coberto viracopos","0","9","0.00","6.56"
"estacionamento com transfer aeroporto guarulhos","0","2","0.00","11.00"
"estacionamento com translado para aeroporto de guarulhos","0","4","0.00","70.75"
"estacionamento com vaga coberta e monitoramento 24h perto do aeroporto de guarulhos: como funciona?","0","1","0.00","9.00"
"estacionamento confina","0","1","0.00","5.00"
"estacionamento confins aeroporto","0","11","0.00","46.91"
"estacionamento confins diaria","0","28","0.00","39.86"
"estacionamento confins mais barato","0","1","0.00","12.00"
"estacionamento congonhas 24 horas","0","1","0.00","10.00"
"estacionamento congonhas aeropark","0","27","0.00","17.63"
"estacionamento congonhas aeroporto","0","29","0.00","12.59"
"estacionamento congonhas com transfer","0","4","0.00","9.75"
"estacionamento congonhas com traslado","0","4","0.00","10.25"
"estacionamento congonhas leve a chave","0","13","0.00","8.92"
"estacionamento congonhas preco","0","11","0.00","39.36"
"estacionamento congonhas preço","0","30","0.00","24.60"
"estacionamento congonhas sp","0","14","0.00","31.79"
"estacionamento congonhas valor","0","6","0.00","44.17"
"estacionamento cumbica","0","70","0.00","44.76"
"estacionamento cumbica preço","0","3","0.00","34.00"
"estacionamento curitiba","0","5","0.00","23.00"
"estacionamento curitiba aeroporto","0","15","0.00","33.33"
"estacionamento cwb","0","1","0.00","3.00"
"estacionamento da azul em viracopos","0","2","0.00","11.00"
"estacionamento da rodoviaria tiete","0","20","0.00","17.40"
"estacionamento da rodoviária de salvador","0","1","0.00","3.00"
"estacionamento da rodoviária do tietê","0","11","0.00","8.64"
"estacionamento da rodoviária tietê","0","51","0.00","12.33"
"estacionamento de congonhas","0","3","0.00","11.67"
"estacionamento de guarulhos","0","18","0.00","76.56"
"estacionamento de guarulhos aeroporto","0","2","0.00","74.00"
"estacionamento de guarulhos valor","0","6","0.00","41.00"
"estacionamento de viracopos","0","3","0.00","1.00"
"estacionamento de viracopos campinas","0","2","0.00","6.50"
"estacionamento decolar","0","31","0.00","6.23"
"estacionamento decolar aeroporto guarulhos","0","8","0.00","4.38"
"estacionamento decolar air park confins","0","13","0.00","64.31"
"estacionamento decolar guarulhos","0","93","0.00","5.70"
"estacionamento decolar park","0","30","0.00","20.67"
"estacionamento decolar park guarulhos","0","26","0.00","5.12"
"estacionamento dentro aeroporto guarulhos","0","6","0.00","62.17"
"estacionamento dentro aeroporto viracopos","0","3","0.00","11.33"
"estacionamento dentro da rodoviária tietê","0","9","0.00","10.67"
"estacionamento dentro de viracopos","0","1","0.00","1.00"
"estacionamento dentro do aeroporto afonso pena","0","5","0.00","10.40"
"estacionamento dentro do aeroporto confins","0","1","0.00","12.00"
"estacionamento dentro do aeroporto de campinas","0","7","0.00","9.86"
"estacionamento dentro do aeroporto de confins","0","15","0.00","26.80"
"estacionamento dentro do aeroporto de congonhas","0","1","0.00","21.00"
"estacionamento dentro do aeroporto de guarulhos","0","10","0.00","52.60"
"estacionamento dentro do aeroporto de viracopos","0","12","0.00","3.50"
"estacionamento dentro do aeroporto guarulhos","0","9","0.00","57.33"
"estacionamento dentro do aeroporto salgado filho","0","1","0.00","11.00"
"estacionamento dentro do aeroporto viracopos campinas","0","5","0.00","11.80"
"estacionamento dentro viracopos","0","3","0.00","4.67"
"estacionamento descoberto e4 salgado filho","0","3","0.00","11.00"
"estacionamento df park","0","1","0.00","12.00"
"estacionamento diaria aeroporto guarulhos","0","4","0.00","51.25"
"estacionamento do","0","1","0.00","10.00"
"estacionamento do aeroporto","0","9","0.00","14.56"
"estacionamento do aeroporto afonso pena","0","12","0.00","9.58"
"estacionamento do aeroporto congonhas","0","10","0.00","39.70"
"estacionamento do aeroporto de brasilia","0","7","0.00","31.14"
"estacionamento do aeroporto de brasília","0","10","0.00","11.40"
"estacionamento do aeroporto de brasília valor","0","9","0.00","10.67"
"estacionamento do aeroporto de campinas","0","24","0.00","26.96"
"estacionamento do aeroporto de campo grande","0","2","0.00","11.00"
"estacionamento do aeroporto de confins","0","3","0.00","1.33"
"estacionamento do aeroporto de congonhas valor","0","13","0.00","9.92"
"estacionamento do aeroporto de fortaleza","0","7","0.00","10.57"
"estacionamento do aeroporto de goiania","0","9","0.00","41.11"
"estacionamento do aeroporto de goiânia","0","2","0.00","12.00"
"estacionamento do aeroporto de guarulhos","0","28","0.00","60.68"
"estacionamento do aeroporto de guarulhos preço","0","6","0.00","51.83"
"estacionamento do aeroporto de guarulhos valor","0","8","0.00","51.38"
"estacionamento do aeroporto de joão pessoa","0","23","0.00","9.87"
"estacionamento do aeroporto de londrina","0","9","0.00","8.00"
"estacionamento do aeroporto de maceió","0","10","0.00","10.40"
"estacionamento do aeroporto de navegantes","0","6","0.00","7.00"
"estacionamento do aeroporto de porto alegre","0","1","0.00","61.00"
"estacionamento do aeroporto de recife","0","61","0.00","9.25"
"estacionamento do aeroporto de recife valor","0","4","0.00","10.50"
"estacionamento do aeroporto de salvador","0","2","0.00","8.00"
"estacionamento do aeroporto de teresina","0","7","0.00","11.00"
"estacionamento do aeroporto de vitoria","0","1","0.00","13.00"
"estacionamento do aeroporto do galeão","0","4","0.00","16.75"
"estacionamento do aeroporto do recife","0","8","0.00","8.38"
"estacionamento do aeroporto guarulhos","0","5","0.00","49.60"
"estacionamento do aeroporto internacional de guarulhos","0","3","0.00","74.00"
"estacionamento do aeroporto recife","0","4","0.00","6.25"
"estacionamento do aeroporto salgado filho","0","33","0.00","10.30"
"estacionamento do aeroporto santos dumont","0","17","0.00","9.06"
"estacionamento do aeroporto viracopos","0","6","0.00","7.83"
"estacionamento do galeão","0","7","0.00","49.00"
"estacionamento do galeão valor","0","1","0.00","10.00"
"estacionamento do santos dumont","0","7","0.00","11.00"
"estacionamento do terminal 3 do aeroporto de guarulhos","0","3","0.00","76.67"
"estacionamento do terminal rodoviário tietê","0","50","0.00","12.50"
"estacionamento do terminal rodoviário tietê fotos","0","3","0.00","11.33"
"estacionamento do tietê","0","26","0.00","19.85"
"estacionamento e2 aeroporto salgado filho","0","36","0.00","11.31"
"estacionamento e2 e e3 salgado filho","0","12","0.00","9.00"
"estacionamento e2 salgado filho","0","12","0.00","8.75"
"estacionamento e3 aeroporto salgado filho","0","24","0.00","9.63"
"estacionamento e3 confins","0","1","0.00","29.00"
"estacionamento e3 salgado filho","0","10","0.00","9.70"
"estacionamento economico confins","0","1","0.00","12.00"
"estacionamento economico viracopos","0","4","0.00","10.75"
"estacionamento econopark guarulhos","0","1","0.00","7.00"
"estacionamento econômico","0","2","0.00","25.00"
"estacionamento econômico galeão","0","6","0.00","39.67"
"estacionamento edificio garagem viracopos","0","25","0.00","9.88"
"estacionamento em aeroporto de congonhas","0","5","0.00","56.80"
"estacionamento em aeroporto de guarulhos","0","14","0.00","67.79"
"estacionamento em brasilia","0","3","0.00","29.33"
"estacionamento em brasília próximo ao aeroporto","0","2","0.00","12.00"
"estacionamento em campinas","0","30","0.00","35.83"
"estacionamento em campinas aeroporto","0","5","0.00","7.20"
"estacionamento em campinas perto do aeroporto","0","9","0.00","5.89"
"estacionamento em confins","0","17","0.00","29.35"
"estacionamento em confins aeroporto","0","2","0.00","12.50"
"estacionamento em confins mais barato","0","6","0.00","10.33"
"estacionamento em congonhas barato","0","3","0.00","7.33"
"estacionamento em congonhas com transfer","0","5","0.00","7.40"
"estacionamento em congonhas sp","0","1","0.00","2.00"
"estacionamento em cumbica","0","26","0.00","41.15"
"estacionamento em cumbica guarulhos","0","5","0.00","59.60"
"estacionamento em frente ao aeroporto de campo grande ms","0","3","0.00","11.67"
"estacionamento em frente ao aeroporto de congonhas","0","1","0.00","1.00"
"estacionamento em goiania","0","1","0.00","64.00"
"estacionamento em gru","0","5","0.00","57.00"
"estacionamento em gru airport","0","4","0.00","58.75"
"estacionamento em guarulhos","0","34","0.00","50.50"
"estacionamento em guarulhos aeroporto","0","6","0.00","48.50"
"estacionamento em guarulhos aeroporto barato","0","2","0.00","34.50"
"estacionamento em guarulhos perto do aeroporto","0","7","0.00","63.57"
"estacionamento em guarulhos preço","0","8","0.00","56.50"
"estacionamento em guarulhos próximo ao aeroporto","0","5","0.00","74.60"
"estacionamento em navegantes","0","1","0.00","16.00"
"estacionamento em navegantes aeroporto","0","2","0.00","7.50"
"estacionamento em nova iguaçu","0","3","0.00","8.33"
"estacionamento em porto alegre","0","1","0.00","58.00"
"estacionamento em vcp","0","1","0.00","2.00"
"estacionamento em viracopos","0","69","0.00","17.00"
"estacionamento em viracopos preço","0","24","0.00","25.92"
"estacionamento em.guarulhos","0","3","0.00","58.67"
"estacionamento estapar aeroporto curitiba","0","1","0.00","14.00"
"estacionamento estapar confins","0","4","0.00","13.25"
"estacionamento estapar congonhas","0","2","0.00","43.00"
"estacionamento estapar galeao","0","2","0.00","10.50"
"estacionamento estapar viracopos","0","9","0.00","48.89"
"estacionamento express park","0","11","0.00","7.73"
"estacionamento express parking congonhas","0","3","0.00","8.67"
"estacionamento externo","0","1","0.00","2.00"
"estacionamento f viracopos","0","7","0.00","11.57"
"estacionamento facility park congonhas","0","6","0.00","10.50"
"estacionamento florianopolis aeroporto","0","2","0.00","12.00"
"estacionamento floripa airport","0","3","0.00","3.00"
"estacionamento fortaleza aeroporto","0","1","0.00","19.00"
"estacionamento galeao","0","77","0.00","11.91"
"estacionamento galeao aeroporto","0","16","0.00","10.19"
"estacionamento galeao barato","0","2","0.00","10.00"
"estacionamento galeao diaria","0","46","0.00","9.91"
"estacionamento galeao preco","0","2","0.00","8.50"
"estacionamento galeao rj","0","37","0.00","10.00"
"estacionamento galeao valor","0","2","0.00","5.50"
"estacionamento galeão diária","0","1","0.00","20.00"
"estacionamento galeão estapar","0","3","0.00","17.33"
"estacionamento galeão preço","0","30","0.00","12.33"
"estacionamento galeão reserva","0","2","0.00","21.50"
"estacionamento galeão rio de janeiro","0","15","0.00","10.73"
"estacionamento galeão terminal 2","0","3","0.00","24.67"
"estacionamento galeão valor","0","8","0.00","11.00"
"estacionamento garage inn viracopos","0","18","0.00","3.83"
"estacionamento garageinn viracopos","0","23","0.00","6.65"
"estacionamento garagem aeroporto guarulhos","0","5","0.00","72.60"
"estacionamento garagem aeroporto viracopos","0","1","0.00","8.00"
"estacionamento garagem viracopos","0","10","0.00","10.10"
"estacionamento garulhos","0","5","0.00","79.00"
"estacionamento gig","0","8","0.00","20.63"
"estacionamento gig valor","0","4","0.00","10.75"
"estacionamento go park guarulhos","0","5","0.00","7.20"
"estacionamento goiania aeroporto","0","8","0.00","9.75"
"estacionamento gopark","0","2","0.00","9.00"
"estacionamento grand parking congonhas","0","8","0.00","6.38"
"estacionamento gratuito aeroporto brasília","0","7","0.00","34.86"
"estacionamento gratuito aeroporto lisboa","0","5","0.00","57.00"
"estacionamento gratuito perto aeroporto lisboa","0","8","0.00","50.13"
"estacionamento gru","0","28","0.00","54.39"
"estacionamento gru aeroporto","0","1","0.00","29.00"
"estacionamento gru airport","0","18","0.00","59.50"
"estacionamento gru airport preço","0","6","0.00","63.67"
"estacionamento gru airport terminal 3","0","2","0.00","70.50"
"estacionamento gru barato","0","5","0.00","58.60"
"estacionamento gru preço","0","4","0.00","52.50"
"estacionamento gru terminal 1","0","2","0.00","86.00"
"estacionamento gru terminal 2","0","5","0.00","60.60"
"estacionamento gru terminal 3","0","5","0.00","72.20"
"estacionamento gru valor","0","3","0.00","62.33"
"estacionamento guarulho","0","3","0.00","86.67"
"estacionamento guarulhos 24 horas","0","10","0.00","78.70"
"estacionamento guarulhos aeroporto","0","35","0.00","52.31"
"estacionamento guarulhos aeroporto preço","0","3","0.00","48.33"
"estacionamento guarulhos aeroporto terminal 2","0","1","0.00","64.00"
"estacionamento guarulhos aeroporto terminal 3","0","4","0.00","87.75"
"estacionamento guarulhos barato","0","9","0.00","45.89"
"estacionamento guarulhos com transfer","0","5","0.00","63.20"
"estacionamento guarulhos decolar park","0","4","0.00","4.25"
"estacionamento guarulhos diaria","0","7","0.00","43.00"
"estacionamento guarulhos diária","0","13","0.00","66.38"
"estacionamento guarulhos mais barato","0","9","0.00","32.22"
"estacionamento guarulhos preco","0","4","0.00","59.75"
"estacionamento guarulhos preço","0","19","0.00","61.53"
"estacionamento guarulhos sp","0","7","0.00","62.43"
"estacionamento guarulhos terminal 1","0","4","0.00","66.00"
"estacionamento guarulhos terminal 2","0","1","0.00","75.00"
"estacionamento guarulhos terminal 3","0","3","0.00","86.67"
"estacionamento guarulhos urban park","0","1","0.00","10.00"
"estacionamento guarulhos valor","0","14","0.00","48.00"
"estacionamento guarulhos yellow park","0","2","0.00","9.00"
"estacionamento hangar vip","0","11","0.00","9.82"
"estacionamento hangar vip - aeroporto","0","3","0.00","5.00"
"estacionamento hospital de caridade","0","1","0.00","3.00"
"estacionamento ibis congonhas","0","1","0.00","33.00"
"estacionamento ideal","0","2","0.00","12.00"
"estacionamento indigo aeroporto de guarulhos","0","7","0.00","17.14"
"estacionamento indigo guarulhos","0","2","0.00","11.00"
"estacionamento inter lake park","0","1","0.00","2.00"
"estacionamento interno aeroporto guarulhos","0","6","0.00","44.00"
"estacionamento ipiranga","0","1","0.00","20.00"
"estacionamento ipo","0","3","0.00","10.00"
"estacionamento ipo park confins","0","4","0.00","10.25"
"estacionamento jose paulino","0","1","0.00","4.00"
"estacionamento joão pessoa aeroporto","0","10","0.00","9.70"
"estacionamento keep parking","0","1","0.00","7.00"
"estacionamento keep parking porto alegre","0","14","0.00","6.79"
"estacionamento km 64 viracopos","0","19","0.00","8.42"
"estacionamento lemos cunha","0","1","0.00","47.00"
"estacionamento lisboa aeroporto","0","4","0.00","48.50"
"estacionamento longa permanência gru","0","3","0.00","68.33"
"estacionamento longa permanência guarulhos","0","5","0.00","56.20"
"estacionamento longa permanência viracopos","0","16","0.00","32.25"
"estacionamento low cost aeroporto de lisboa","0","1","0.00","29.00"
"estacionamento low cost aeroporto lisboa","0","98","0.00","47.17"
"estacionamento low cost lisboa","0","87","0.00","56.90"
"estacionamento mais barato aeroporto guarulhos","0","9","0.00","37.89"
"estacionamento mais barato guarulhos","0","11","0.00","32.64"
"estacionamento mais barato no aeroporto de guarulhos","0","1","0.00","2.00"
"estacionamento mais perto","0","1","0.00","37.00"
"estacionamento mais perto do aeroporto de guarulhos","0","7","0.00","30.57"
"estacionamento mais proximo","0","3","0.00","52.67"
"estacionamento mais proximo aeroporto confins","0","3","0.00","11.33"
"estacionamento mais proximo aeroporto guarulhos","0","41","0.00","68.12"
"estacionamento mais proximo de mim","0","1","0.00","54.00"
"estacionamento mais próximo","0","13","0.00","18.15"
"estacionamento mais próximo a mim","0","1","0.00","1.00"
"estacionamento mais próximo de mim","0","2","0.00","82.50"
"estacionamento mais próximo do aeroporto de guarulhos","0","21","0.00","61.00"
"estacionamento mais seguro e barato próximo a viracopos para viagens longas","0","1","0.00","1.00"
"estacionamento marco zero","0","1","0.00","46.00"
"estacionamento mensal curitiba","0","1","0.00","1.00"
"estacionamento mensal perto de mim","0","1","0.00","6.00"
"estacionamento mensal viracopos","0","14","0.00","30.14"
"estacionamento metro tiete","0","10","0.00","16.60"
"estacionamento metrô tietê","0","17","0.00","22.35"
"estacionamento mobiciti","0","6","0.00","10.67"
"estacionamento mobiciti congonhas","0","20","0.00","7.10"
"estacionamento mobicity","0","15","0.00","8.13"
"estacionamento mobicity congonhas","0","15","0.00","5.93"
"estacionamento mobicity guarulhos","0","1","0.00","10.00"
"estacionamento moto aeroporto guarulhos","0","2","0.00","73.50"
"estacionamento multipark aeroporto guarulhos","0","17","0.00","52.82"
"estacionamento multipark confins","0","33","0.00","8.58"
"estacionamento multipark guarulhos","0","14","0.00","32.00"
"estacionamento multipark preço","0","7","0.00","13.43"
"estacionamento multipark viracopos","0","3","0.00","10.33"
"estacionamento na avenida paulista","0","1","0.00","22.00"
"estacionamento na paulista","0","9","0.00","13.56"
"estacionamento na rodoviaria do tiete","0","3","0.00","9.00"
"estacionamento na rodoviaria tiete","0","26","0.00","16.08"
"estacionamento nation park","0","15","0.00","8.93"
"estacionamento navegantes","0","1","0.00","11.00"
"estacionamento nikkei","0","6","0.00","4.67"
"estacionamento nikkey","0","40","0.00","6.88"
"estacionamento nikkey aeroporto curitiba","0","14","0.00","6.71"
"estacionamento no aeroporto","0","62","0.00","51.40"
"estacionamento no aeroporto afonso pena","0","16","0.00","25.06"
"estacionamento no aeroporto congonhas","0","15","0.00","35.87"
"estacionamento no aeroporto curitiba","0","1","0.00","11.00"
"estacionamento no aeroporto de brasília","0","4","0.00","11.25"
"estacionamento no aeroporto de campinas","0","49","0.00","28.00"
"estacionamento no aeroporto de confins","0","11","0.00","35.18"
"estacionamento no aeroporto de congonhas","0","47","0.00","20.02"
"estacionamento no aeroporto de congonhas preço","0","1","0.00","12.00"
"estacionamento no aeroporto de curitiba","0","1","0.00","2.00"
"estacionamento no aeroporto de florianópolis","0","4","0.00","11.25"
"estacionamento no aeroporto de goiânia","0","5","0.00","11.20"
"estacionamento no aeroporto de guarulhos","0","50","0.00","50.24"
"estacionamento no aeroporto de guarulhos preço","0","6","0.00","52.33"
"estacionamento no aeroporto de guarulhos sp","0","5","0.00","78.60"
"estacionamento no aeroporto de guarulhos valor","0","8","0.00","38.75"
"estacionamento no aeroporto de lisboa","0","70","0.00","42.83"
"estacionamento no aeroporto de londrina","0","10","0.00","11.30"
"estacionamento no aeroporto de porto alegre","0","1","0.00","62.00"
"estacionamento no aeroporto de recife","0","11","0.00","5.45"
"estacionamento no aeroporto de salvador","0","4","0.00","7.75"
"estacionamento no aeroporto de viracopos campinas","0","54","0.00","14.78"
"estacionamento no aeroporto de vitória","0","8","0.00","7.25"
"estacionamento no aeroporto do galeão","0","10","0.00","14.30"
"estacionamento no aeroporto guarulhos","0","4","0.00","70.25"
"estacionamento no aeroporto lisboa","0","7","0.00","28.29"
"estacionamento no aeroporto salgado filho","0","19","0.00","9.68"
"estacionamento no aeroporto santos dumont","0","11","0.00","10.64"
"estacionamento no aeroporto viracopos","0","7","0.00","8.29"
"estacionamento no galeao","0","1","0.00","17.00"
"estacionamento no galeao preço","0","8","0.00","8.13"
"estacionamento no galeão","0","2","0.00","3.50"
"estacionamento no galeão rio de janeiro","0","1","0.00","12.00"
"estacionamento no galeão valor","0","1","0.00","10.00"
"estacionamento no metro tiete","0","21","0.00","22.81"
"estacionamento no santos dumont","0","15","0.00","9.00"
"estacionamento no terminal tiete","0","27","0.00","10.30"
"estacionamento nova america","0","1","0.00","4.00"
"estacionamento nova iguaçu","0","43","0.00","8.12"
"estacionamento oficial","0","1","0.00","4.00"
"estacionamento oficial aeroporto afonso pena","0","1","0.00","13.00"
"estacionamento oficial aeroporto curitiba","0","2","0.00","11.50"
"estacionamento oficial aeroporto de guarulhos","0","4","0.00","69.00"
"estacionamento oficial aeroporto guarulhos","0","10","0.00","43.30"
"estacionamento oficial aeroporto viracopos","0","8","0.00","12.88"
"estacionamento oficial do aeroporto de guarulhos","0","4","0.00","53.00"
"estacionamento oficial economico aeroporto de viracopos","0","9","0.00","9.11"
"estacionamento oficial econômico aeroporto de viracopos","0","32","0.00","10.75"
"estacionamento oficial edifício-garagem aeroporto de viracopos","0","10","0.00","8.50"
"estacionamento oficial viracopos","0","7","0.00","7.86"
"estacionamento one parking congonhas","0","15","0.00","4.40"
"estacionamento p3 aeroporto lisboa","0","3","0.00","45.00"
"estacionamento para aeroporto de guarulhos","0","8","0.00","74.88"
"estacionamento para deixar o carro no aeroporto de guarulhos","0","6","0.00","52.83"
"estacionamento para o aeroporto de guarulhos","0","5","0.00","73.60"
"estacionamento park","0","1","0.00","11.00"
"estacionamento park 222","0","15","0.00","7.20"
"estacionamento park 222 guarulhos","0","14","0.00","5.79"
"estacionamento park aeroporto","0","1","0.00","11.00"
"estacionamento park confins","0","86","0.00","11.08"
"estacionamento park confins oficial","0","9","0.00","8.44"
"estacionamento park guarulhos","0","4","0.00","57.75"
"estacionamento parking","0","3","0.00","55.67"
"estacionamento parque confins","0","4","0.00","10.75"
"estacionamento patio confins","0","2","0.00","7.00"
"estacionamento paulista","0","3","0.00","24.67"
"estacionamento paço alfandega","0","1","0.00","41.00"
"estacionamento pernoite perto de mim","0","5","0.00","7.00"
"estacionamento perto","0","2","0.00","6.50"
"estacionamento perto aeroporto","0","10","0.00","35.30"
"estacionamento perto aeroporto confins","0","5","0.00","25.20"
"estacionamento perto aeroporto de congonhas","0","10","0.00","27.10"
"estacionamento perto aeroporto de guarulhos","0","17","0.00","62.18"
"estacionamento perto aeroporto guarulhos","0","40","0.00","52.90"
"estacionamento perto aeroporto porto alegre","0","2","0.00","61.00"
"estacionamento perto aeroporto salgado filho","0","4","0.00","10.75"
"estacionamento perto aeroporto viracopos","0","6","0.00","2.83"
"estacionamento perto congonhas","0","2","0.00","1.00"
"estacionamento perto da rodoviária tietê","0","18","0.00","7.83"
"estacionamento perto de confins","0","1","0.00","1.00"
"estacionamento perto de congonhas","0","32","0.00","14.63"
"estacionamento perto de guarulhos","0","12","0.00","48.67"
"estacionamento perto de guarulhos aeroporto","0","4","0.00","68.00"
"estacionamento perto de mim","0","35","0.00","17.86"
"estacionamento perto de viracopos","0","57","0.00","28.75"
"estacionamento perto de viracopos campinas","0","5","0.00","1.00"
"estacionamento perto do aeroporto","0","23","0.00","28.96"
"estacionamento perto do aeroporto afonso pena","0","6","0.00","6.50"
"estacionamento perto do aeroporto confins","0","13","0.00","43.62"
"estacionamento perto do aeroporto congonhas","0","19","0.00","32.68"
"estacionamento perto do aeroporto de confins","0","2","0.00","1.50"
"estacionamento perto do aeroporto de congonhas","0","41","0.00","16.76"
"estacionamento perto do aeroporto de curitiba","0","1","0.00","13.00"
"estacionamento perto do aeroporto de guarulhos","0","265","0.00","17.05"
"estacionamento perto do aeroporto de guarulhos barato","0","5","0.00","46.40"
"estacionamento perto do aeroporto de guarulhos com traslado","0","4","0.00","67.00"
"estacionamento perto do aeroporto de navegantes","0","16","0.00","6.88"
"estacionamento perto do aeroporto de porto alegre","0","5","0.00","62.80"
"estacionamento perto do aeroporto de salvador","0","6","0.00","12.17"
"estacionamento perto do aeroporto de vitória","0","4","0.00","12.00"
"estacionamento perto do aeroporto guarulhos","0","24","0.00","57.67"
"estacionamento perto do aeroporto salgado filho","0","1","0.00","53.00"
"estacionamento perto do aeroporto viracopos","0","5","0.00","5.00"
"estacionamento perto do galeão","0","2","0.00","2.00"
"estacionamento perto do rock in rio","0","1","0.00","3.00"
"estacionamento perto do santos dumont","0","9","0.00","7.33"
"estacionamento perto rodoviaria tiete","0","8","0.00","8.00"
"estacionamento perto viracopos","0","3","0.00","4.67"
"estacionamento plenty park","0","6","0.00","5.83"
"estacionamento ponce park","0","25","0.00","8.08"
"estacionamento ponce park guarulhos","0","4","0.00","6.25"
"estacionamento por perto","0","1","0.00","53.00"
"estacionamento portal","0","22","0.00","11.23"
"estacionamento portal aeroporto florianópolis","0","4","0.00","6.00"
"estacionamento portal florianopolis","0","1","0.00","7.00"
"estacionamento portal florianópolis","0","16","0.00","6.94"
"estacionamento porto alegre aeroporto","0","6","0.00","60.50"
"estacionamento portuguesa tiete","0","2","0.00","11.00"
"estacionamento premium","0","1","0.00","6.00"
"estacionamento premium aeroporto curitiba","0","3","0.00","6.00"
"estacionamento premium park","0","29","0.00","6.48"
"estacionamento premium park confins","0","84","0.00","4.94"
"estacionamento premium terminal 3 guarulhos","0","1","0.00","1.00"
"estacionamento prime","0","1","0.00","6.00"
"estacionamento proximo","0","37","0.00","12.05"
"estacionamento proximo a confins","0","1","0.00","10.00"
"estacionamento proximo a congonhas","0","27","0.00","25.33"
"estacionamento proximo a congonhas com transfer","0","1","0.00","8.00"
"estacionamento proximo a guarulhos","0","3","0.00","49.33"
"estacionamento proximo a rodoviaria do tiete","0","8","0.00","8.00"
"estacionamento proximo a viracopos","0","28","0.00","46.39"
"estacionamento proximo aeroporto","0","13","0.00","45.38"
"estacionamento proximo aeroporto afonso pena","0","16","0.00","9.81"
"estacionamento proximo aeroporto brasilia","0","16","0.00","12.19"
"estacionamento proximo aeroporto campinas","0","1","0.00","1.00"
"estacionamento proximo aeroporto confins","0","10","0.00","4.60"
"estacionamento proximo aeroporto congonhas","0","18","0.00","5.06"
"estacionamento proximo aeroporto de congonhas","0","1","0.00","1.00"
"estacionamento proximo aeroporto de guarulhos","0","5","0.00","76.20"
"estacionamento proximo aeroporto goiania","0","1","0.00","12.00"
"estacionamento proximo aeroporto gru","0","4","0.00","71.75"
"estacionamento proximo aeroporto guarulhos","0","80","0.00","55.20"
"estacionamento proximo aeroporto guarulhos barato","0","8","0.00","39.50"
"estacionamento proximo aeroporto navegantes","0","10","0.00","7.40"
"estacionamento proximo aeroporto porto alegre","0","2","0.00","57.00"
"estacionamento proximo ao aeroporto","0","5","0.00","14.80"
"estacionamento proximo ao aeroporto congonhas","0","15","0.00","18.27"
"estacionamento proximo ao aeroporto curitiba","0","14","0.00","6.71"
"estacionamento proximo ao aeroporto de brasilia","0","1","0.00","9.00"
"estacionamento proximo ao aeroporto de confins","0","7","0.00","48.71"
"estacionamento proximo ao aeroporto de congonhas","0","13","0.00","26.54"
"estacionamento proximo ao aeroporto de cuiaba","0","1","0.00","1.00"
"estacionamento proximo ao aeroporto de guarulhos","0","5","0.00","61.40"
"estacionamento proximo ao aeroporto de viracopos","0","1","0.00","1.00"
"estacionamento proximo ao aeroporto florianópolis","0","2","0.00","7.00"
"estacionamento proximo ao aeroporto guarulhos","0","44","0.00","63.18"
"estacionamento proximo ao aeroporto viracopos","0","29","0.00","32.17"
"estacionamento proximo confins","0","1","0.00","1.00"
"estacionamento proximo congonhas","0","13","0.00","29.15"
"estacionamento proximo do aeroporto de congonhas","0","11","0.00","24.27"
"estacionamento proximo do aeroporto de guarulhos","0","15","0.00","68.27"
"estacionamento proximo guarulhos","0","3","0.00","74.00"
"estacionamento proximo rodoviaria tiete","0","9","0.00","8.22"
"estacionamento proximo viracopos","0","35","0.00","35.34"
"estacionamento próximo","0","46","0.00","17.83"
"estacionamento próximo a congonhas","0","2","0.00","1.00"
"estacionamento próximo a guarulhos","0","4","0.00","58.00"
"estacionamento próximo a rodoviária tietê","0","6","0.00","7.83"
"estacionamento próximo a viracopos","0","3","0.00","4.67"
"estacionamento próximo aeroporto","0","5","0.00","44.00"
"estacionamento próximo aeroporto afonso pena","0","5","0.00","12.20"
"estacionamento próximo aeroporto congonhas","0","1","0.00","12.00"
"estacionamento próximo aeroporto de brasília","0","4","0.00","9.75"
"estacionamento próximo aeroporto de campinas","0","9","0.00","11.22"
"estacionamento próximo aeroporto de confins","0","3","0.00","27.67"
"estacionamento próximo aeroporto de goiânia","0","3","0.00","11.67"
"estacionamento próximo aeroporto de guarulhos","0","41","0.00","45.49"
"estacionamento próximo aeroporto de viracopos","0","4","0.00","3.75"
"estacionamento próximo aeroporto guarulhos","0","51","0.00","66.94"
"estacionamento próximo aeroporto salgado filho","0","4","0.00","42.75"
"estacionamento próximo aeroporto salvador","0","1","0.00","13.00"
"estacionamento próximo ao aeroporto","0","10","0.00","28.00"
"estacionamento próximo ao aeroporto afonso pena","0","8","0.00","6.75"
"estacionamento próximo ao aeroporto de campinas","0","7","0.00","5.71"
"estacionamento próximo ao aeroporto de confins","0","7","0.00","31.29"
"estacionamento próximo ao aeroporto de congonhas","0","26","0.00","21.65"
"estacionamento próximo ao aeroporto de curitiba","0","1","0.00","1.00"
"estacionamento próximo ao aeroporto de guarulhos","0","47","0.00","39.94"
"estacionamento próximo ao aeroporto de guarulhos com traslado","0","3","0.00","50.00"
"estacionamento próximo ao aeroporto de guarulhos mais barato","0","4","0.00","45.50"
"estacionamento próximo ao aeroporto de navegantes","0","2","0.00","7.00"
"estacionamento próximo ao aeroporto de viracopos","0","26","0.00","30.96"
"estacionamento próximo ao aeroporto de vitória","0","3","0.00","6.00"
"estacionamento próximo ao aeroporto de vitória es","0","1","0.00","11.00"
"estacionamento próximo ao aeroporto de várzea grande","0","5","0.00","10.00"
"estacionamento próximo ao aeroporto guarulhos","0","8","0.00","68.63"
"estacionamento próximo ao aeroporto salgado filho","0","5","0.00","11.60"
"estacionamento próximo ao aeroporto viracopos","0","5","0.00","9.60"
"estacionamento próximo ao terminal tietê","0","7","0.00","6.29"
"estacionamento próximo congonhas","0","4","0.00","16.00"
"estacionamento próximo de mim","0","3","0.00","48.33"
"estacionamento próximo do aeroporto","0","3","0.00","54.67"
"estacionamento próximo do aeroporto de guarulhos","0","21","0.00","57.62"
"estacionamento próximos ao aeroporto de guarulhos","0","8","0.00","43.38"
"estacionamento pátio confins","0","26","0.00","7.77"
"estacionamento recife","0","1","0.00","32.00"
"estacionamento recife antigo","0","1","0.00","46.00"
"estacionamento rio de janeiro","0","1","0.00","9.00"
"estacionamento rio de janeiro centro","0","1","0.00","55.00"
"estacionamento rio galeao","0","5","0.00","15.40"
"estacionamento rio galeão","0","3","0.00","10.67"
"estacionamento rio preto aeroporto","0","2","0.00","21.00"
"estacionamento rodoviaria do tiete","0","11","0.00","7.64"
"estacionamento rodoviaria tiete diaria","0","4","0.00","10.50"
"estacionamento rodoviaria tiete valor","0","3","0.00","9.00"
"estacionamento rodoviária do tietê","0","4","0.00","7.50"
"estacionamento rodoviária tiete","0","108","0.00","10.26"
"estacionamento rodoviária tietê valor","0","18","0.00","8.44"
"estacionamento rua jose paulino","0","2","0.00","2.00"
"estacionamento rua riachuelo","0","1","0.00","5.00"
"estacionamento salgado filho","0","5","0.00","9.20"
"estacionamento salvador aeroporto","0","2","0.00","12.00"
"estacionamento santa genoveva","0","4","0.00","11.25"
"estacionamento santos dumond","0","3","0.00","9.67"
"estacionamento santos dumont aeroporto","0","6","0.00","10.83"
"estacionamento santos dumont diaria","0","3","0.00","8.67"
"estacionamento santos dumont preço","0","5","0.00","10.60"
"estacionamento santos dumont rio de janeiro","0","2","0.00","10.00"
"estacionamento sao jose do rio pardo","0","1","0.00","38.00"
"estacionamento sao jose dos pinhais","0","5","0.00","14.80"
"estacionamento servparking","0","2","0.00","9.00"
"estacionamento space park confins","0","45","0.00","15.78"
"estacionamento super park confins","0","2","0.00","15.50"
"estacionamento são paulo","0","1","0.00","61.00"
"estacionamento terminal","0","1","0.00","31.00"
"estacionamento terminal 1 galeão","0","1","0.00","26.00"
"estacionamento terminal 1 guarulhos","0","3","0.00","66.67"
"estacionamento terminal 2","0","2","0.00","62.50"
"estacionamento terminal 2 gru","0","2","0.00","69.50"
"estacionamento terminal 2 guarulhos","0","7","0.00","61.14"
"estacionamento terminal 2 guarulhos preço","0","7","0.00","55.86"
"estacionamento terminal 3","0","7","0.00","77.00"
"estacionamento terminal 3 aeroporto de guarulhos","0","4","0.00","73.75"
"estacionamento terminal 3 aeroporto guarulhos","0","3","0.00","77.33"
"estacionamento terminal 3 gru","0","2","0.00","89.00"
"estacionamento terminal 3 guarulhos","0","15","0.00","78.73"
"estacionamento terminal 3 guarulhos preço","0","12","0.00","64.08"
"estacionamento terminal 3 guarulhos reserva","0","16","0.00","54.94"
"estacionamento terminal 4 guarulhos","0","5","0.00","62.00"
"estacionamento terminal rodoviario tiete","0","7","0.00","9.57"
"estacionamento terminal rodoviário tietê","0","48","0.00","16.33"
"estacionamento terminal tiete","0","44","0.00","9.36"
"estacionamento terminal tiete valor","0","10","0.00","8.60"
"estacionamento terminal tietê","0","12","0.00","8.92"
"estacionamento the parking congonhas","0","2","0.00","10.50"
"estacionamento tiete plaza","0","1","0.00","39.00"
"estacionamento tiete rodoviaria","0","18","0.00","17.11"
"estacionamento tiete sp","0","3","0.00","8.33"
"estacionamento tiete valor","0","23","0.00","8.96"
"estacionamento tiete voluntarios da patria","0","6","0.00","8.17"
"estacionamento tietê","0","64","0.00","13.52"
"estacionamento tietê rodoviária","0","20","0.00","8.05"
"estacionamento tivoli","0","1","0.00","43.00"
"estacionamento uber aeroporto guarulhos","0","5","0.00","13.80"
"estacionamento urban park","0","13","0.00","8.54"
"estacionamento urban park guarulhos","0","121","0.00","9.60"
"estacionamento valet","0","2","0.00","41.50"
"estacionamento vcp azul","0","3","0.00","15.00"
"estacionamento vcp campinas","0","1","0.00","1.00"
"estacionamento viaje park guarulhos","0","3","0.00","6.67"
"estacionamento viajepark","0","10","0.00","20.90"
"estacionamento vira copos","0","44","0.00","40.75"
"estacionamento vira park campinas","0","11","0.00","8.09"
"estacionamento viracopos aeroporto","0","49","0.00","12.86"
"estacionamento viracopos azul","0","27","0.00","24.96"
"estacionamento viracopos azul preço","0","3","0.00","9.67"
"estacionamento viracopos coberto","0","3","0.00","11.33"
"estacionamento viracopos dentro do aeroporto","0","4","0.00","1.75"
"estacionamento viracopos desconto azul","0","1","0.00","3.00"
"estacionamento viracopos diaria","0","5","0.00","10.20"
"estacionamento viracopos diária preço 2026","0","7","0.00","8.14"
"estacionamento viracopos edifício garagem","0","25","0.00","9.72"
"estacionamento viracopos estapar","0","2","0.00","20.50"
"estacionamento viracopos garageinn","0","9","0.00","5.22"
"estacionamento viracopos oficial","0","19","0.00","10.21"
"estacionamento viracopos park","0","6","0.00","6.50"
"estacionamento viracopos preço","0","116","0.00","25.83"
"estacionamento viracopos promoção","0","2","0.00","13.50"
"estacionamento viracopos valor","0","15","0.00","28.40"
"estacionamento viracopos virapark","0","5","0.00","9.60"
"estacionamento viracopus","0","15","0.00","45.00"
"estacionamento virapark","0","185","0.00","7.37"
"estacionamento virapark em campinas","0","3","0.00","6.00"
"estacionamento virapark guarulhos","0","3","0.00","8.67"
"estacionamento virapark viracopos","0","24","0.00","6.00"
"estacionamento virapark é bom","0","5","0.00","8.40"
"estacionamento viravopos","0","10","0.00","9.50"
"estacionamento vitoria","0","2","0.00","20.50"
"estacionamento vitoria aeroporto","0","2","0.00","9.00"
"estacionamento vitória airport","0","1","0.00","13.00"
"estacionamento vix","0","3","0.00","7.00"
"estacionamento yellow guarulhos","0","7","0.00","29.43"
"estacionamento yellow park","0","4","0.00","11.50"
"estacionamento yellow park e wash","0","3","0.00","33.33"
"estacionamento yellow park guarulhos","0","8","0.00","10.50"
"estacionamento yellow park viracopos","0","6","0.00","9.67"
"estacionamento é pago","0","1","0.00","2.00"
"estacionamento.aeroporto","0","5","0.00","11.40"
"estacionamento.aeroporto confins","0","1","0.00","12.00"
"estacionamento.aeroporto curitiba","0","2","0.00","7.50"
"estacionamento.aeroporto guarulhos","0","5","0.00","51.80"
"estacionamento.aeroporto.guarulhos","0","3","0.00","69.67"
"estacionamento.congonhas","0","1","0.00","1.00"
"estacionamento.galeao","0","2","0.00","12.00"
"estacionamento.gru","0","1","0.00","100.00"
"estacionamento.guarulhos","0","5","0.00","68.60"
"estacionamento.perto de mim","0","1","0.00","12.00"
"estacionamentos 24h","0","1","0.00","66.00"
"estacionamentos aeroporto","0","9","0.00","30.22"
"estacionamentos aeroporto confins","0","18","0.00","25.28"
"estacionamentos aeroporto congonhas","0","22","0.00","28.05"
"estacionamentos aeroporto curitiba preços","0","27","0.00","22.70"
"estacionamentos aeroporto de congonhas","0","2","0.00","10.00"
"estacionamentos aeroporto de guarulhos","0","9","0.00","51.00"
"estacionamentos aeroporto florianópolis","0","7","0.00","41.86"
"estacionamentos aeroporto guarulhos","0","26","0.00","58.04"
"estacionamentos aeroporto guarulhos preços","0","7","0.00","34.43"
"estacionamentos aeroporto navegantes","0","16","0.00","7.06"
"estacionamentos aeroporto salgado filho","0","6","0.00","12.33"
"estacionamentos aeroporto salvador","0","5","0.00","10.40"
"estacionamentos alternativos","0","1","0.00","4.00"
"estacionamentos avenida paulista","0","1","0.00","31.00"
"estacionamentos campinas","0","9","0.00","46.00"
"estacionamentos com seguro de veículo próximos ao aeroporto de viracopos em campinas","0","1","0.00","10.00"
"estacionamentos confins","0","2","0.00","14.00"
"estacionamentos confins aeroporto","0","7","0.00","67.43"
"estacionamentos congonhas","0","2","0.00","18.50"
"estacionamentos curitiba","0","3","0.00","10.67"
"estacionamentos em confins","0","5","0.00","11.00"
"estacionamentos em congonhas","0","5","0.00","23.20"
"estacionamentos em guarulhos","0","15","0.00","43.60"
"estacionamentos em guarulhos aeroporto","0","3","0.00","63.00"
"estacionamentos em guarulhos proximo ao aeroporto","0","17","0.00","58.06"
"estacionamentos em viracopos","0","16","0.00","35.81"
"estacionamentos gru","0","5","0.00","76.00"
"estacionamentos guarulhos","0","19","0.00","70.95"
"estacionamentos guarulhos aeroporto","0","3","0.00","69.00"
"estacionamentos no aeroporto de congonhas","0","5","0.00","19.40"
"estacionamentos no aeroporto de guarulhos","0","8","0.00","53.00"
"estacionamentos no aeroporto de viracopos","0","3","0.00","8.33"
"estacionamentos perto aeroporto guarulhos","0","8","0.00","54.00"
"estacionamentos perto de congonhas","0","6","0.00","9.67"
"estacionamentos perto de mim","0","3","0.00","44.67"
"estacionamentos perto de viracopos","0","7","0.00","7.57"
"estacionamentos perto do aeroporto de confins","0","19","0.00","26.11"
"estacionamentos perto do aeroporto de congonhas","0","18","0.00","8.22"
"estacionamentos perto do aeroporto de curitiba","0","6","0.00","7.17"
"estacionamentos perto do aeroporto de guarulhos","0","26","0.00","21.81"
"estacionamentos perto do aeroporto de viracopos","0","3","0.00","1.00"
"estacionamentos privados","0","1","0.00","10.00"
"estacionamentos proximo aeroporto congonhas","0","4","0.00","11.75"
"estacionamentos proximo aeroporto guarulhos","0","10","0.00","63.60"
"estacionamentos proximos","0","2","0.00","29.00"
"estacionamentos proximos aeroporto confins","0","5","0.00","9.80"
"estacionamentos proximos aeroporto congonhas","0","1","0.00","11.00"
"estacionamentos proximos aeroporto guarulhos","0","5","0.00","65.40"
"estacionamentos proximos ao aeroporto confins","0","5","0.00","9.40"
"estacionamentos proximos ao aeroporto de brasilia","0","9","0.00","14.89"
"estacionamentos proximos ao aeroporto de confins","0","22","0.00","32.50"
"estacionamentos proximos ao aeroporto de curitiba","0","18","0.00","9.22"
"estacionamentos proximos ao aeroporto de guarulhos","0","5","0.00","36.00"
"estacionamentos proximos ao aeroporto de salvador","0","6","0.00","9.17"
"estacionamentos proximos ao aeroporto viracopos","0","7","0.00","4.00"
"estacionamentos próximo","0","3","0.00","43.00"
"estacionamentos próximo aeroporto de confins","0","1","0.00","12.00"
"estacionamentos próximo aeroporto de guarulhos","0","8","0.00","52.88"
"estacionamentos próximo ao aeroporto de confins","0","1","0.00","12.00"
"estacionamentos próximo ao aeroporto de congonhas","0","2","0.00","6.00"
"estacionamentos próximo ao aeroporto de guarulhos","0","9","0.00","46.67"
"estacionamentos próximos","0","2","0.00","18.50"
"estacionamentos próximos ao aeroporto afonso pena","0","24","0.00","7.21"
"estacionamentos próximos ao aeroporto de confins","0","31","0.00","29.55"
"estacionamentos próximos ao aeroporto de congonhas","0","1","0.00","1.00"
"estacionamentos próximos ao aeroporto de florianópolis","0","2","0.00","10.00"
"estacionamentos próximos ao aeroporto de guarulhos","0","26","0.00","46.88"
"estacionamentos viracopos campinas","0","9","0.00","6.11"
"estacionamiento aeropuerto foz","0","1","0.00","75.00"
"estacionamiento cerca del centro histórico","0","1","0.00","11.00"
"estacionamneto aeroporto","0","1","0.00","11.00"
"estacionar aeroporto","0","3","0.00","45.33"
"estacionar aeroporto congonhas","0","2","0.00","19.50"
"estacionar aeroporto guarulhos","0","12","0.00","72.83"
"estacionar aeroporto lisboa","0","11","0.00","28.09"
"estacionar em guarulhos","0","1","0.00","52.00"
"estacionar no aeroporto","0","1","0.00","1.00"
"estacionar no aeroporto de guarulhos","0","9","0.00","45.89"
"estacionar no aeroporto salgado filho","0","8","0.00","9.88"
"estacionar viracopos","0","27","0.00","38.33"
"estacione aeroporto guarulhos","0","27","0.00","70.41"
"estacione e voe guarulhos","0","9","0.00","55.44"
"estacione guarulhos","0","1","0.00","49.00"
"estacione tiete","0","11","0.00","15.18"
"estacione tietê","0","2","0.00","10.00"
"estamos de carro alugado","0","1","0.00","1.00"
"estapar","0","2","0.00","30.00"
"estapar aeroporto","0","1","0.00","11.00"
"estapar aeroporto afonso pena","0","39","0.00","11.36"
"estapar aeroporto brasilia","0","1","0.00","39.00"
"estapar aeroporto brasília","0","3","0.00","29.33"
"estapar aeroporto confins","0","5","0.00","25.20"
"estapar aeroporto congonhas","0","1","0.00","22.00"
"estapar aeroporto de brasilia","0","2","0.00","27.50"
"estapar aeroporto de viracopos (vcp)","0","42","0.00","11.74"
"estapar aeroporto galeao","0","6","0.00","11.00"
"estapar aeroporto guarulhos","0","8","0.00","38.88"
"estapar aeroporto joao pessoa","0","4","0.00","10.25"
"estapar aeroporto joão pessoa","0","5","0.00","12.80"
"estapar aeroporto londrina","0","7","0.00","8.71"
"estapar aeroporto maceio","0","51","0.00","15.49"
"estapar aeroporto porto alegre","0","2","0.00","48.00"
"estapar aeroporto recife","0","25","0.00","10.88"
"estapar aeroporto salgado filho","0","3","0.00","33.33"
"estapar aeroporto viracopos","0","2","0.00","8.50"
"estapar afonso pena","0","37","0.00","13.41"
"estapar brasilia","0","1","0.00","28.00"
"estapar campinas viracopos","0","6","0.00","8.83"
"estapar cgh","0","2","0.00","44.00"
"estapar confins","0","19","0.00","19.32"
"estapar confins estacionamento","0","1","0.00","11.00"
"estapar confins telefone","0","2","0.00","21.50"
"estapar congonhas","0","6","0.00","41.17"
"estapar congonhas preço","0","2","0.00","40.00"
"estapar congonhas valor","0","1","0.00","57.00"
"estapar curitiba aeroporto","0","6","0.00","10.00"
"estapar estacionamento aeroporto confins","0","1","0.00","17.00"
"estapar estacionamento aeroporto curitiba","0","5","0.00","9.80"
"estapar estacionamento confins","0","2","0.00","17.00"
"estapar estacionamento viracopos","0","2","0.00","11.00"
"estapar estacionamentos aeroporto de congonhas (cgh)","0","3","0.00","29.33"
"estapar estacionamentos aeroporto de curitiba (cwb)","0","44","0.00","9.66"
"estapar estacionamentos galeão","0","2","0.00","9.00"
"estapar estacionamentos valor","0","1","0.00","7.00"
"estapar galeao","0","42","0.00","10.14"
"estapar galeao rj","0","3","0.00","8.67"
"estapar galeão","0","11","0.00","10.36"
"estapar guarulhos","0","3","0.00","43.67"
"estapar guarulhos aeroporto","0","11","0.00","40.45"
"estapar joao pessoa","0","1","0.00","8.00"
"estapar joão pessoa","0","7","0.00","31.71"
"estapar recife","0","5","0.00","29.60"
"estapar reserva galeao","0","1","0.00","3.00"
"estapar salgado filho","0","3","0.00","29.00"
"estapar santos dumont","0","3","0.00","24.33"
"estapar vcp","0","3","0.00","10.00"
"estapar viracopos","0","20","0.00","41.90"
"estapar viracopos preço","0","2","0.00","9.50"
"estavionamento aeroporto","0","1","0.00","11.00"
"estavionamento aeroporto curitiba","0","4","0.00","12.25"
"estavionamento aeroporto guarulhos","0","3","0.00","74.00"
"estavionamento confins","0","1","0.00","4.00"
"estavionamento galeao","0","1","0.00","11.00"
"estavionamento gru","0","1","0.00","68.00"
"estavionamento guarulhos","0","4","0.00","80.25"
"estavionamento perto de mim","0","2","0.00","31.50"
"estavionamento proximo","0","2","0.00","8.50"
"estavionamento viracopos","0","4","0.00","6.00"
"estou preocupado em deixar meu carro na rua por vários dias enquanto viajo, o que fazer em campinas?","0","2","0.00","10.50"
"eu quero","0","1","0.00","3.00"
"europark estacionamento","0","1","0.00","28.00"
"executive park","0","2","0.00","31.50"
"express estacionamento congonhas","0","7","0.00","7.00"
"express park","0","16","0.00","7.75"
"express park estacionamento","0","7","0.00","8.71"
"express park north","0","2","0.00","47.00"
"express parking","0","49","0.00","15.53"
"express parking congonhas","0","71","0.00","8.10"
"facility estacionamento","0","4","0.00","45.00"
"facility estacionamento aeroporto de congonhas cgh","0","8","0.00","43.75"
"facility estacionamento congonhas","0","12","0.00","10.67"
"facility park congonhas","0","2","0.00","6.00"
"fazer uma simulação","0","1","0.00","2.00"
"ficar uma semana","0","1","0.00","4.00"
"flag park viracopos","0","4","0.00","8.00"
"flaypark","0","1","0.00","5.00"
"fly park","0","1","0.00","3.00"
"fly park estacionamento aeroporto guarulhos","0","23","0.00","9.61"
"fly park guarulhos","0","6","0.00","15.83"
"fly parking","0","2","0.00","10.50"
"flypark guarulhos","0","180","0.00","5.93"
"foco park estacionamento","0","11","0.00","7.18"
"fotos aeroporto de confins","0","4","0.00","1.00"
"fotos do aeroporto de curitiba","0","1","0.00","6.00"
"fotos do aeroporto de lisboa","0","5","0.00","1.00"
"fotos do aeroporto de lisboa portugal","0","4","0.00","1.00"
"gabarito aeroporto","0","1","0.00","11.00"
"galeao estacionamento","0","4","0.00","15.00"
"galeão estacionamento","0","11","0.00","33.82"
"garage booking","0","1","0.00","78.00"
"garage in","0","23","0.00","11.70"
"garage in viracopos","0","42","0.00","10.90"
"garage inn","0","43","0.00","13.60"
"garage inn campinas","0","13","0.00","13.00"
"garage inn estacionamentos","0","6","0.00","25.33"
"garagein","0","13","0.00","9.92"
"garagein viracopos","0","8","0.00","27.25"
"garageinn","0","197","0.00","7.21"
"garageinn viracopos é bom","0","1","0.00","15.00"
"garagem","0","1","0.00","1.00"
"garagem aeroporto","0","2","0.00","14.50"
"garagem aeroporto curitiba","0","5","0.00","19.20"
"garagem aeroporto guarulhos","0","5","0.00","63.00"
"garagem aeroporto porto alegre","0","1","0.00","61.00"
"garagem aeroporto viracopos","0","1","0.00","1.00"
"garagem campinas","0","1","0.00","34.00"
"garagem estacionamento","0","1","0.00","23.00"
"garagem estacionamento viracopos","0","1","0.00","1.00"
"garagem in","0","8","0.00","6.00"
"garagem in viracopos","0","18","0.00","7.50"
"garagem inn","0","7","0.00","7.29"
"garagem inn campinas","0","12","0.00","4.50"
"garagem inn viracopos","0","19","0.00","5.89"
"garagem viracopos","0","5","0.00","9.80"
"garagim","0","3","0.00","3.67"
"garagin","0","1","0.00","4.00"
"gerageinn","0","1","0.00","8.00"
"gig estacionamento","0","1","0.00","7.00"
"globe park estacionamentos","0","1","0.00","52.00"
"go park estacionamento guarulhos","0","7","0.00","9.14"
"go park gru","0","5","0.00","8.40"
"go park guarulhos","0","45","0.00","10.64"
"go parking","0","1","0.00","10.00"
"go2park","0","20","0.00","4.40"
"goes afonso pena","0","1","0.00","2.00"
"gopark","0","1","0.00","15.00"
"gopark gru","0","64","0.00","8.92"
"gopark gru estacionamento aeroporto de guarulhos","0","35","0.00","10.17"
"gopark guarulhos","0","4","0.00","5.50"
"grand park congonhas","0","3","0.00","7.67"
"grand parking","0","40","0.00","5.83"
"grand parking congonhas","0","130","0.00","6.59"
"grandparking","0","9","0.00","5.67"
"gru - edifício garagem terminal 3","0","1","0.00","65.00"
"gru aeroporto de guarulhos terminal 3 embarque internacional ordem segurança imigração","0","1","0.00","9.00"
"gru aeroporto estacionamento","0","5","0.00","50.00"
"gru aeroporto significado","0","1","0.00","1.00"
"gru airport drop off","0","27","0.00","39.41"
"gru airport estacionamento","0","18","0.00","53.06"
"gru drop off","0","12","0.00","38.58"
"gru estacionamento","0","25","0.00","48.04"
"gru estacionamento terminal 3","0","2","0.00","81.00"
"gru park","0","1","0.00","32.00"
"gru park estacionamento","0","2","0.00","54.00"
"gru parking","0","4","0.00","65.00"
"gru parking estacionamento","0","3","0.00","35.00"
"gru parking guarulhos","0","6","0.00","29.83"
"gru sp","0","1","0.00","1.00"
"gru terminal 3 embarque internacional ordem segurança imigração","0","2","0.00","9.00"
"gru é qual aeroporto","0","2","0.00","46.00"
"guarda volume tiete","0","2","0.00","33.00"
"guarda volumes tiete","0","1","0.00","38.00"
"guardar carro aeroporto lisboa","0","1","0.00","29.00"
"guarulhos","0","4","0.00","4.25"
"guarulhos aeroporto estacionamento","0","8","0.00","61.88"
"guarulhos aeroporto mapa","0","1","0.00","2.00"
"guarulhos estacionamento","0","14","0.00","61.43"
"guarulhos estacionamento aeroporto","0","1","0.00","67.00"
"guarulhos estacionamento preço","0","49","0.00","59.43"
"guarulhos terminal 2","0","1","0.00","2.00"
"hangar estacionamento","0","6","0.00","18.00"
"hangar estacionamento aeroporto afonso pena","0","13","0.00","6.54"
"hangar vip","0","100","0.00","5.39"
"hangar vip aeroporto curitiba","0","16","0.00","5.88"
"hangar vip curitiba","0","23","0.00","5.30"
"horario de funcionamento aeroporto de congonhas","0","1","0.00","63.00"
"hotel aero park e estacionamento","0","1","0.00","45.00"
"hotel aeroporto joao pessoa","0","1","0.00","2.00"
"hotel perto do aeroporto de congonhas","0","1","0.00","13.00"
"hotel perto do aeroporto de guarulhos","0","1","0.00","1.00"
"how much is the parking","0","1","0.00","8.00"
"ilha da gigóia como chegar","0","1","0.00","2.00"
"ilha do governador","0","1","0.00","7.00"
"imagem do aeroporto de lisboa","0","3","0.00","1.00"
"imagens","0","1","0.00","3.00"
"imagens do aeroporto de lisboa","0","2","0.00","1.00"
"indigo aeroporto curitiba","0","3","0.00","39.33"
"indigo aeroporto guarulhos","0","5","0.00","13.80"
"indigo estacionamento aeroporto guarulhos","0","1","0.00","16.00"
"indigo estacionamento guarulhos","0","12","0.00","12.75"
"indigo estacionamento telefone","0","3","0.00","13.67"
"indigo guarulhos","0","1","0.00","11.00"
"indigo neo aeroporto curitiba","0","1","0.00","5.00"
"indigo park guarulhos","0","1","0.00","11.00"
"informações aeroporto guarulhos","0","1","0.00","20.00"
"ipo estacionamento","0","1","0.00","13.00"
"ipo park","0","59","0.00","8.24"
"ipo park confins","0","39","0.00","12.00"
"ipo park estacionamento","0","5","0.00","8.00"
"ipo park estacionamento confins","0","2","0.00","11.00"
"ipopark","0","3","0.00","9.67"
"jae estacionamento","0","1","0.00","4.00"
"jetpark aeroporto lisboa low cost","0","1","0.00","30.00"
"jf parking","0","6","0.00","56.33"
"jf parking campinas","0","3","0.00","70.33"
"jf parking viracopos","0","1","0.00","13.00"
"keep estacionamento porto alegre","0","4","0.00","8.50"
"keep park","0","5","0.00","8.00"
"keep parking","0","621","0.00","6.96"
"keep parking - porto alegre","0","38","0.00","8.71"
"keep parking aeroporto","0","7","0.00","7.29"
"keep parking aeroporto porto alegre","0","27","0.00","5.93"
"keep parking poa","0","17","0.00","7.29"
"keep parking porto alegre","0","91","0.00","7.97"
"keep parking porto alegre aeroporto","0","1","0.00","11.00"
"keeparking","0","1","0.00","10.00"
"keeping park","0","2","0.00","8.00"
"keeping park porto alegre","0","5","0.00","7.20"
"km 64","0","2","0.00","11.50"
"km 64 estacionamento","0","24","0.00","6.17"
"km64","0","3","0.00","7.00"
"km64 - viracopos campinas","0","6","0.00","7.50"
"km64 estacionamento","0","16","0.00","5.88"
"leo park estacionamento","0","1","0.00","26.00"
"lis aeroporto","0","9","0.00","7.56"
"lisboa","0","1","0.00","1.00"
"lisboa aeroporto","0","11","0.00","32.09"
"lisboa aeroporto humberto delgado","0","1","0.00","1.00"
"litoral estacionamento navegantes","0","2","0.00","9.00"
"local para dormir no aeroporto de guarulhos","0","1","0.00","1.00"
"localiza aeroporto de guarulhos","0","1","0.00","3.00"
"localiza afonso pena","0","4","0.00","19.00"
"localiza guarulhos aeroporto","0","2","0.00","2.00"
"localização do aeroporto de guarulhos","0","5","0.00","1.20"
"locapark","0","8","0.00","8.63"
"lojas aeroporto florianópolis","0","1","0.00","4.00"
"longa permanência viracopos","0","6","0.00","16.67"
"longo prazo","0","1","0.00","4.00"
"loungekey guarulhos","0","1","0.00","1.00"
"low cost parking aeroporto lisboa","0","6","0.00","41.17"
"low cost parking lisboa","0","56","0.00","47.68"
"low cost parking lisboa aeroporto","0","2","0.00","45.50"
"madero aeroporto curitiba","0","1","0.00","3.00"
"mais barato","0","1","0.00","5.00"
"mais opções","0","1","0.00","1.00"
"mais ou menos 10 dias","0","1","0.00","4.00"
"mapa aeroporto de guarulhos","0","1","0.00","8.00"
"mapa aeroporto guarulhos","0","1","0.00","1.00"
"mapa aeroporto guarulhos terminal 1","0","3","0.00","1.00"
"mapa aeroporto guarulhos terminal 2 embarque","0","2","0.00","1.00"
"mapa do aeroporto de confins","0","1","0.00","43.00"
"mapa do aeroporto de guarulhos","0","10","0.00","10.00"
"mapa dos parques do aeroporto de lisboa","0","1","0.00","28.00"
"mapa estacionamento aeroporto confins","0","2","0.00","38.50"
"mapa estacionamento aeroporto salgado filho","0","1","0.00","30.00"
"mav park","0","1","0.00","4.00"
"me ajuda","0","1","0.00","2.00"
"me envie o link","0","1","0.00","2.00"
"melhor custo beneficio estacionamento aeroporto guarulhos","0","1","0.00","10.00"
"melhor estacionamento aeroporto confins","0","4","0.00","34.75"
"melhor estacionamento aeroporto congonhas","0","1","0.00","16.00"
"melhor estacionamento aeroporto curitiba","0","11","0.00","6.27"
"melhor estacionamento aeroporto guarulhos","0","44","0.00","52.45"
"melhor estacionamento aeroporto lisboa","0","7","0.00","43.29"
"melhor estacionamento aeroporto porto alegre","0","1","0.00","38.00"
"melhor estacionamento de longa permanência perto do aeroporto de congonhas em são paulo","0","4","0.00","6.50"
"melhor estacionamento de longa permanência perto do aeroporto de guarulhos em 2025","0","2","0.00","8.00"
"melhor estacionamento de longa permanência perto do aeroporto de viracopos em campinas","0","2","0.00","2.00"
"melhor estacionamento perto do aeroporto de guarulhos","0","11","0.00","25.45"
"melhor estacionamento rodoviária tietê","0","4","0.00","8.25"
"melhor estacionamento viracopos","0","40","0.00","34.05"
"melhor opção de estacionamento coberto perto do aeroporto vcp para deixar o carro por uma semana","0","4","0.00","2.00"
"melhor parque aeroporto lisboa","0","1","0.00","33.00"
"melhor plataforma para comparar e reservar estacionamento no aeroporto de guarulhos","0","1","0.00","10.00"
"melhores estacionamento aeroporto guarulhos","0","1","0.00","11.00"
"melhores estacionamentos aeroporto congonhas","0","2","0.00","2.00"
"melhores estacionamentos aeroporto guarulhos","0","12","0.00","26.00"
"melhores estacionamentos aeroporto guarulhos 2026","0","12","0.00","28.92"
"melhores estacionamentos baratos com traslado perto do aeroporto de viracopos em 2026","0","9","0.00","7.89"
"melhores estacionamentos viracopos","0","9","0.00","9.44"
"melhores opções de estacionamento 24h com reserva online perto do congonhas em são paulo","0","1","0.00","17.00"
"menor","0","1","0.00","1.00"
"menor preço.","0","1","0.00","2.00"
"metapark estacionamento","0","1","0.00","31.00"
"meu voo sai de madrugada pelo aeroporto de congonhas e não quero pagar caro para estacionar perto do terminal em são paulo","0","2","0.00","6.00"
"mo park","0","1","0.00","4.00"
"mo park airport","0","1","0.00","63.00"
"mobi citi","0","10","0.00","8.20"
"mobi city","0","18","0.00","8.28"
"mobi city estacionamento congonhas","0","7","0.00","1.71"
"mobi city guarulhos","0","14","0.00","7.86"
"mobi park","0","2","0.00","11.00"
"mobicit congonhas","0","6","0.00","3.83"
"mobiciti","0","9","0.00","13.67"
"mobiciti congonhas","0","175","0.00","6.22"
"mobiciti congonhas - estacionamento","0","36","0.00","5.78"
"mobiciti congonhas - estacionamento fotos","0","3","0.00","6.67"
"mobiciti congonhas estacionamento","0","24","0.00","7.04"
"mobiciti estacionamento congonhas","0","26","0.00","7.15"
"mobiciti estacionamento guarulhos","0","3","0.00","10.33"
"mobiciti guarulhos","0","1","0.00","18.00"
"mobiciti parking","0","5","0.00","10.80"
"mobiciti parking congonhas","0","33","0.00","6.52"
"mobiciti parking facilities","0","1","0.00","12.00"
"mobicity congonhas","0","25","0.00","10.64"
"mobicity guarulhos","0","3","0.00","29.67"
"moove park","0","1","0.00","5.00"
"mov park","0","1","0.00","52.00"
"move park","0","47","0.00","5.62"
"movenpark","0","2","0.00","2.00"
"movepark estacionamento guarulhos","0","16","0.00","4.44"
"movepark estacionamentos","0","11","0.00","2.45"
"movepark gru – aeroporto guarulhos","0","12","0.00","3.75"
"movida aeroporto curitiba","0","24","0.00","14.04"
"movida congonhas","0","1","0.00","63.00"
"movida curitiba aeroporto","0","3","0.00","7.33"
"moving park","0","1","0.00","14.00"
"movipark","0","3","0.00","4.00"
"movpark","0","1","0.00","78.00"
"movy park","0","1","0.00","52.00"
"mt cgb o que significa","0","1","0.00","11.00"
"multipark aero confins","0","8","0.00","8.13"
"multipark aeroporto congonhas","0","9","0.00","7.44"
"multipark aeroporto guarulhos","0","5","0.00","17.80"
"multipark confins","0","218","0.00","10.43"
"multipark congonhas","0","16","0.00","19.31"
"multipark estacionamento confins","0","21","0.00","10.38"
"multipark estacionamento guarulhos","0","18","0.00","33.78"
"multipark guarulhos","0","22","0.00","35.00"
"multipark viracopos","0","83","0.00","8.70"
"mv park","0","1","0.00","7.00"
"mvpark","0","1","0.00","4.00"
"nation park - estacionamento aeroporto curitiba afonso pena (cwb)","0","23","0.00","5.57"
"nation park aeroporto","0","1","0.00","10.00"
"nation park curitiba","0","172","0.00","6.77"
"nation park estacionamento","0","83","0.00","6.64"
"nation park estacionamento curitiba","0","17","0.00","7.82"
"national park curitiba","0","27","0.00","7.93"
"national park service","0","1","0.00","1.00"
"nationpark","0","9","0.00","5.00"
"navegantes aeroporto","0","7","0.00","11.14"
"new airpark","0","1","0.00","77.00"
"new park estacionamento","0","1","0.00","33.00"
"nikkei estacionamento","0","3","0.00","7.00"
"nikkey","0","1","0.00","1.00"
"nikkey estacionamento","0","115","0.00","6.77"
"nikkey estacionamento aeroporto","0","5","0.00","7.40"
"nikkey estacionamento aeroporto curitiba","0","7","0.00","5.71"
"nikkey estacionamento curitiba","0","9","0.00","6.22"
"no aeroporto","0","2","0.00","6.50"
"no aeroporto de confins","0","7","0.00","7.29"
"no aeroporto de lisboa","0","2","0.00","13.50"
"nome aeroporto lisboa","0","1","0.00","7.00"
"nome do aeroporto de confins","0","1","0.00","38.00"
"nome do aeroporto de congonhas","0","2","0.00","69.00"
"nome do aeroporto de lisboa","0","34","0.00","5.24"
"nome do aeroporto de lisboa portugal","0","10","0.00","8.20"
"nome do aeroporto internacional de lisboa","0","5","0.00","12.20"
"nordeste park estacionamento da praça das artes salvador","0","1","0.00","5.00"
"o aeroporto","0","2","0.00","38.50"
"o estacionamento do aeroporto é pago","0","2","0.00","6.00"
"o estacionamento oficial do gru está sempre cheio e caro demais — o que fazer antes de viajar de guarulhos?","0","1","0.00","2.00"
"o que fazer em confins","0","2","0.00","35.50"
"o que fazer no aeroporto de congonhas","0","1","0.00","60.00"
"o que fazer no aeroporto de guarulhos","0","3","0.00","27.67"
"o que fazer no aeroporto de lisboa","0","2","0.00","40.50"
"o que é estacionamento valet","0","1","0.00","44.00"
"o que é valet","0","1","0.00","49.00"
"o'que fazer no aeroporto de guarulhos","0","1","0.00","30.00"
"oeste park estacionamento","0","3","0.00","57.33"
"oficial","0","2","0.00","3.00"
"onde almocar no aeroporto de congonhas","0","1","0.00","1.00"
"onde deixar o carro no aeroporto de brasilia","0","3","0.00","12.33"
"onde deixar o carro no aeroporto de congonhas","0","4","0.00","8.75"
"onde deixar o carro no aeroporto de guarulhos","0","13","0.00","30.77"
"onde deixar o carro no aeroporto de lisboa","0","9","0.00","43.00"
"onde deixar o carro no aeroporto de viracopos","0","1","0.00","12.00"
"onde deixo meu carro com segurança quando vou viajar por campinas?","0","4","0.00","10.00"
"onde estacionar","0","1","0.00","29.00"
"onde estacionar aeroporto congonhas","0","1","0.00","2.00"
"onde estacionar aeroporto guarulhos","0","15","0.00","62.87"
"onde estacionar em congonhas","0","1","0.00","1.00"
"onde estacionar em viracopos","0","4","0.00","11.75"
"onde estacionar na rodoviaria do tiete","0","5","0.00","10.60"
"onde estacionar no aeroporto afonso pena","0","1","0.00","12.00"
"onde estacionar no aeroporto de brasilia","0","6","0.00","10.67"
"onde estacionar no aeroporto de congonhas","0","1","0.00","3.00"
"onde estacionar no aeroporto de guarulhos","0","11","0.00","30.36"
"onde estacionar no aeroporto de viracopos","0","4","0.00","11.75"
"onde estacionar no aeroporto salgado filho","0","5","0.00","8.60"
"onde fica aeroporto afonso pena","0","3","0.00","6.33"
"onde fica aeroporto confins","0","4","0.00","10.75"
"onde fica aeroporto de confins","0","3","0.00","7.33"
"onde fica aeroporto de congonhas","0","1","0.00","51.00"
"onde fica aeroporto de guarulhos","0","4","0.00","34.50"
"onde fica bsb","0","14","0.00","9.21"
"onde fica bsb?","0","1","0.00","8.00"
"onde fica confins","0","2","0.00","52.50"
"onde fica confins aeroporto","0","14","0.00","4.29"
"onde fica localizado o aeroporto de confins","0","1","0.00","11.00"
"onde fica o aeroporto afonso pena","0","26","0.00","9.42"
"onde fica o aeroporto cnf","0","1","0.00","11.00"
"onde fica o aeroporto confins","0","1","0.00","6.00"
"onde fica o aeroporto de confins","0","56","0.00","9.21"
"onde fica o aeroporto de confins?","0","2","0.00","9.00"
"onde fica o aeroporto de congonhas","0","1","0.00","50.00"
"onde fica o aeroporto de curitiba","0","2","0.00","48.50"
"onde fica o aeroporto de guarulhos","0","2","0.00","34.50"
"onde fica o aeroporto de viracopos","0","1","0.00","23.00"
"onde fica o aeroporto de viracopos em sp","0","1","0.00","25.00"
"onde fica o aeroporto internacional afonso pena","0","13","0.00","3.85"
"onde fica o aeroporto internacional de curitiba","0","3","0.00","9.67"
"onde fica o aeroporto tancredo neves","0","1","0.00","35.00"
"onde fica o starbucks no aeroporto de guarulhos","0","1","0.00","28.00"
"onde paga o estacionamento do aeroporto","0","1","0.00","11.00"
"onde posso estacionar","0","1","0.00","11.00"
"onde é o aeroporto afonso pena","0","1","0.00","11.00"
"onde é o aeroporto de confins","0","11","0.00","7.45"
"onde é o aeroporto viracopos","0","1","0.00","1.00"
"one parking","0","4","0.00","5.75"
"one parking congonhas","0","41","0.00","4.27"
"oneparking","0","1","0.00","12.00"
"p3 low cost plus","0","2","0.00","44.00"
"p3 low cost plus lisboa","0","1","0.00","43.00"
"pagar estacionamento aeroporto recife","0","2","0.00","11.50"
"para 4 dias","0","1","0.00","6.00"
"pare bem aeroporto curitiba","0","2","0.00","11.00"
"pare estacionamento guarulhos","0","6","0.00","37.50"
"pare seguro aeroporto guarulhos","0","4","0.00","11.50"
"pare seguro guarulhos","0","1","0.00","52.00"
"parebem fortaleza","0","7","0.00","7.57"
"park 22","0","3","0.00","6.33"
"park 222","0","43","0.00","5.28"
"park 222 estacionamento guarulhos","0","4","0.00","6.50"
"park 222 guarulhos","0","22","0.00","6.91"
"park aeroporto","0","3","0.00","47.67"
"park aeroporto lisboa","0","1","0.00","45.00"
"park board estacionamento aeroporto internacional guarulhos","0","7","0.00","51.43"
"park confins estacionamento","0","128","0.00","9.93"
"park confins oficial","0","14","0.00","9.14"
"park confins oficial - estacionamento 24h","0","67","0.00","8.24"
"park confins oficial estacionamento 24h","0","19","0.00","24.53"
"park estacionamento confins","0","21","0.00","9.29"
"park estacionamento guarulhos","0","1","0.00","48.00"
"park moving","0","1","0.00","9.00"
"park premium confins","0","10","0.00","5.20"
"park santos dumont","0","2","0.00","63.50"
"park viracopos","0","5","0.00","74.60"
"park222","0","119","0.00","6.39"
"park222 guarulhos","0","7","0.00","6.14"
"parkconfins","0","7","0.00","47.14"
"parkindigo","0","1","0.00","7.00"
"parking aeroporto","0","2","0.00","24.50"
"parking aeroporto lisboa","0","92","0.00","50.41"
"parking aeroporto lisboa low cost","0","2","0.00","44.00"
"parking aeroporto porto alegre","0","1","0.00","10.00"
"parking aeropuerto lisboa","0","4","0.00","41.25"
"parking airport parking","0","2","0.00","60.50"
"parking cgh","0","15","0.00","21.87"
"parking confins","0","4","0.00","78.75"
"parking economy","0","2","0.00","83.50"
"parking estacionamento","0","3","0.00","38.67"
"parking gru","0","3","0.00","72.67"
"parking guarulhos","0","8","0.00","63.38"
"parking low cost lisboa","0","5","0.00","51.80"
"parking terminal 1 - estacionamento aeroporto","0","1","0.00","1.00"
"parking vcp","0","15","0.00","30.67"
"parque 2 aeroporto lisboa","0","1","0.00","36.00"
"parque 222","0","2","0.00","7.50"
"parque 3 aeroporto lisboa","0","1","0.00","28.00"
"parque 5 aeroporto lisboa","0","1","0.00","28.00"
"parque aeroporto","0","21","0.00","66.10"
"parque aeroporto 5 euros","0","3","0.00","47.33"
"parque aeroporto de lisboa","0","46","0.00","53.26"
"parque aeroporto lisboa","0","67","0.00","44.57"
"parque aeroporto lisboa ana","0","8","0.00","24.75"
"parque aeroporto lisboa low cost","0","75","0.00","51.99"
"parque aeroporto lisboa p3","0","1","0.00","41.00"
"parque aeroporto lisboa p5","0","1","0.00","38.00"
"parque aeroporto lisboa preço","0","6","0.00","25.33"
"parque aeroporto lisboa preços","0","5","0.00","39.20"
"parque ana aeroporto lisboa","0","1","0.00","22.00"
"parque chegadas aeroporto lisboa","0","12","0.00","21.67"
"parque coberto aeroporto lisboa","0","1","0.00","1.00"
"parque de estacionamento aeroporto","0","13","0.00","47.62"
"parque de estacionamento aeroporto lisboa","0","65","0.00","50.45"
"parque de estacionamento no aeroporto de lisboa","0","13","0.00","49.31"
"parque do aeroporto","0","5","0.00","66.40"
"parque estacionamento aeroporto","0","40","0.00","67.78"
"parque estacionamento aeroporto de lisboa","0","3","0.00","49.67"
"parque estacionamento aeroporto lisboa","0","83","0.00","53.61"
"parque estacionamento aeroporto lisboa low cost","0","1","0.00","44.00"
"parque estacionamento lisboa","0","1","0.00","65.00"
"parque estacionamento lisboa aeroporto","0","1","0.00","39.00"
"parque lisboa aeroporto","0","1","0.00","46.00"
"parque low cost aeroporto lisboa","0","62","0.00","49.35"
"parque no aeroporto de lisboa","0","1","0.00","32.00"
"parque no aeroporto lisboa","0","1","0.00","40.00"
"parque p3 aeroporto lisboa preço","0","3","0.00","28.00"
"parque p5 aeroporto lisboa","0","3","0.00","48.33"
"parque p5 lisboa","0","2","0.00","32.00"
"parque p6 aeroporto lisboa","0","5","0.00","10.40"
"parque partidas aeroporto lisboa","0","1","0.00","8.00"
"parqueamento aeroporto","0","6","0.00","40.67"
"parqueamento aeroporto lisboa","0","3","0.00","34.67"
"parques aeroporto lisboa","0","16","0.00","42.63"
"parques de estacionamento aeroporto de lisboa","0","1","0.00","63.00"
"parques de estacionamento no aeroporto de lisboa","0","52","0.00","47.08"
"parques estacionamento aeroporto lisboa","0","7","0.00","28.43"
"particulares","0","1","0.00","4.00"
"passagem de ônibus tietê","0","1","0.00","3.00"
"passo a passo para escala noturna em guarulhos","0","3","0.00","9.00"
"patio aerovalet","0","15","0.00","3.60"
"patio confins","0","29","0.00","7.83"
"patio confins estacionamento","0","5","0.00","6.80"
"pertim estacionamento confins","0","2","0.00","33.50"
"planet air park","0","2","0.00","48.50"
"planty park","0","1","0.00","1.00"
"plataformas de reserva de vaga de estacionamento aeroporto: como escolher a melhor?","0","3","0.00","2.00"
"plenty park","0","120","0.00","8.52"
"plenty park - estacionamento aeroporto congonhas","0","5","0.00","4.80"
"plenty park estacionamento","0","16","0.00","5.06"
"plenty park estacionamentos","0","6","0.00","10.00"
"plentypark","0","2","0.00","7.00"
"pode ser","0","1","0.00","6.00"
"ponce estacionamento","0","30","0.00","8.57"
"ponce estacionamento guarulhos","0","6","0.00","7.17"
"ponce park","0","341","0.00","8.52"
"ponce park - estacionamento aeroporto guarulhos cumbica","0","6","0.00","35.50"
"ponce park atlanta","0","1","0.00","23.00"
"ponce park estacionamento","0","21","0.00","7.62"
"ponce park estacionamento guarulhos","0","7","0.00","8.29"
"ponce park gru","0","1","0.00","7.00"
"ponce park guarulhos","0","161","0.00","8.32"
"ponce parking","0","1","0.00","7.00"
"poncepark","0","6","0.00","16.33"
"poncepark guarulhos","0","1","0.00","8.00"
"portal estacionamento","0","89","0.00","10.39"
"portal estacionamento aeroporto","0","3","0.00","8.00"
"portal estacionamento aeroporto florianópolis","0","9","0.00","8.67"
"portal estacionamento florianopolis","0","1","0.00","7.00"
"portal estacionamento florianópolis","0","22","0.00","7.45"
"portal estacionamento floripa","0","2","0.00","7.00"
"portal estacionamento preço","0","1","0.00","1.00"
"posto mais perto","0","1","0.00","1.00"
"poupe park","0","4","0.00","59.25"
"preco da diaria","0","2","0.00","16.00"
"preco de estacionamento do aeroporto de guarulhos","0","15","0.00","48.93"
"preco diaria estacionamento aeroporto","0","5","0.00","8.60"
"preco diaria estacionamento guarulhos","0","6","0.00","55.67"
"preco do estacionamento aeroporto guarulhos","0","14","0.00","36.79"
"preco do estacionamento galeao","0","3","0.00","7.00"
"preco estacionamento aeroporto","0","8","0.00","6.38"
"preco estacionamento aeroporto guarulhos","0","11","0.00","42.36"
"preco estacionamento congonhas","0","1","0.00","1.00"
"preco estacionamento galeao","0","3","0.00","42.00"
"preco estacionamento gru","0","14","0.00","55.29"
"preco estacionamento gru terminal 3","0","5","0.00","65.00"
"preco estacionamento guarulhos","0","6","0.00","43.33"
"preco estacionamento viracopos","0","7","0.00","12.00"
"preco parque aeroporto","0","6","0.00","49.83"
"precos","0","1","0.00","5.00"
"preço estacionamento aeroporto guarulhos diária 2026","0","13","0.00","26.77"
"premium estacionamento","0","1","0.00","8.00"
"premium estacionamento confins","0","4","0.00","4.25"
"premium park aeroporto","0","5","0.00","4.60"
"premium park afonso pena","0","19","0.00","9.16"
"premium park estacionamento","0","35","0.00","5.89"
"premium park estacionamento aeroporto curitiba","0","1","0.00","9.00"
"premium park estacionamentos confins","0","61","0.00","5.41"
"premium.park","0","3","0.00","5.67"
"premium.park confins","0","2","0.00","7.50"
"premiumpark","0","24","0.00","6.42"
"premiun parking","0","1","0.00","8.00"
"presidente castro pinto international airport","0","1","0.00","11.00"
"preço","0","2","0.00","4.00"
"preço aeroporto guarulhos estacionamento","0","12","0.00","39.75"
"preço da diaria do estacionamento aeroporto galeão","0","2","0.00","5.00"
"preço da diaria no estacionamento do aeroporto de guarulhos","0","13","0.00","38.62"
"preço de estacionamento","0","1","0.00","41.00"
"preço de estacionamento aeroporto de guarulhos","0","5","0.00","62.00"
"preço de estacionamento no aeroporto de guarulhos","0","32","0.00","48.38"
"preço diaria aeroporto guarulhos","0","10","0.00","39.80"
"preço diaria estacionamento aeroporto guarulhos","0","10","0.00","34.00"
"preço diaria estacionamento viracopos","0","10","0.00","9.30"
"preço diária","0","1","0.00","5.00"
"preço diária estacionamento aeroporto de guarulhos","0","1","0.00","11.00"
"preço do estacionamento aeroporto de guarulhos","0","11","0.00","37.09"
"preço do estacionamento do aeroporto","0","5","0.00","6.40"
"preço do estacionamento do aeroporto de brasilia","0","8","0.00","8.63"
"preço do estacionamento do aeroporto de confins","0","6","0.00","19.00"
"preço do estacionamento do aeroporto de congonhas","0","5","0.00","13.20"
"preço do estacionamento do aeroporto de fortaleza","0","3","0.00","11.00"
"preço do estacionamento do aeroporto de guarulhos","0","30","0.00","43.10"
"preço do estacionamento do aeroporto de recife","0","11","0.00","8.18"
"preço do estacionamento do aeroporto de salvador","0","8","0.00","11.88"
"preço do estacionamento do aeroporto galeão","0","6","0.00","8.67"
"preço do estacionamento do galeão","0","1","0.00","33.00"
"preço do estacionamento no aeroporto de confins","0","7","0.00","11.14"
"preço do estacionamento no aeroporto de guarulhos","0","10","0.00","41.40"
"preço do estacionamento no aeroporto do galeão","0","3","0.00","8.00"
"preço do estacionamento no galeão","0","9","0.00","21.33"
"preço estacionamento aeroporto afonso pena","0","31","0.00","30.81"
"preço estacionamento aeroporto brasilia","0","17","0.00","7.59"
"preço estacionamento aeroporto confins","0","5","0.00","16.00"
"preço estacionamento aeroporto congonhas","0","7","0.00","12.29"
"preço estacionamento aeroporto de guarulhos","0","18","0.00","50.17"
"preço estacionamento aeroporto florianópolis","0","11","0.00","11.27"
"preço estacionamento aeroporto fortaleza","0","6","0.00","10.50"
"preço estacionamento aeroporto galeão","0","5","0.00","13.00"
"preço estacionamento aeroporto guarulhos","0","29","0.00","41.79"
"preço estacionamento aeroporto lisboa","0","3","0.00","48.33"
"preço estacionamento aeroporto porto alegre","0","5","0.00","8.60"
"preço estacionamento aeroporto recife","0","17","0.00","12.76"
"preço estacionamento aeroporto salgado filho","0","2","0.00","4.50"
"preço estacionamento aeroporto salvador","0","8","0.00","9.75"
"preço estacionamento aeroporto viracopos","0","7","0.00","11.29"
"preço estacionamento aeroporto vitória","0","7","0.00","10.14"
"preço estacionamento confins","0","1","0.00","25.00"
"preço estacionamento congonhas","0","30","0.00","28.07"
"preço estacionamento galeao","0","3","0.00","34.33"
"preço estacionamento galeão","0","25","0.00","9.44"
"preço estacionamento gru","0","11","0.00","21.82"
"preço estacionamento guarulhos","0","22","0.00","62.32"
"preço estacionamento rodoviária tietê","0","10","0.00","8.90"
"preço estacionamento viracopos","0","16","0.00","10.44"
"preço parque aeroporto","0","3","0.00","66.33"
"preço parque aeroporto lisboa","0","5","0.00","37.60"
"preço parque aeroporto porto","0","9","0.00","73.22"
"preço parque estacionamento chegadas aeroporto lisboa","0","1","0.00","34.00"
"preços das diarias","0","1","0.00","2.00"
"preços estacionamento aeroporto confins","0","1","0.00","12.00"
"preços estacionamento aeroporto guarulhos","0","11","0.00","52.00"
"preços estimados","0","2","0.00","4.00"
"prime estacionamento navegantes","0","12","0.00","5.75"
"prime navegantes","0","6","0.00","6.00"
"prime select estacionamento","0","15","0.00","9.27"
"promoção estacionamento aeroporto guarulhos","0","4","0.00","61.50"
"próximo ao aeroporto","0","1","0.00","14.00"
"pátio confins","0","6","0.00","7.00"
"pátio guarulhos valor diária","0","5","0.00","26.20"
"quais as vantagens de reservar estacionamento perto do congonhas com traslado gratuito em são paulo?","0","2","0.00","4.00"
"quais estacionamentos perto de viracopos oferecem traslado gratuito até o terminal?","0","8","0.00","3.88"
"quais os melhores estacionamentos para o aeroporto de guarulhos","0","2","0.00","1.00"
"quais são as vantagens de usar estacionamentos parceiros fora do aeroporto com traslado gratuito?","0","2","0.00","6.50"
"quais são os benefícios de usar um estacionamento privado com transfer perto do gru?","0","2","0.00","3.00"
"qual a opção mais barata","0","1","0.00","1.00"
"qual aeroporto de curitiba","0","3","0.00","10.67"
"qual aeroporto de lisboa","0","3","0.00","9.33"
"qual aeroporto de santa catarina","0","1","0.00","1.00"
"qual aeroporto fica mais próximo","0","1","0.00","11.00"
"qual aeroporto mais proximo de curitiba","0","1","0.00","1.00"
"qual estacionamento fica dentro do aeroporto de viracopos","0","1","0.00","13.00"
"qual estacionamento mais barato em confins","0","4","0.00","12.00"
"qual estacionamento mais próximo do aeroporto de guarulhos","0","8","0.00","50.88"
"qual melhor estacionamento aeroporto confins","0","1","0.00","12.00"
"qual melhor estacionamento aeroporto guarulhos","0","25","0.00","45.72"
"qual melhor estacionamento aeroporto viracopos","0","8","0.00","6.00"
"qual nome do aeroporto de lisboa","0","3","0.00","8.00"
"qual o aeroporto de lisboa","0","2","0.00","9.00"
"qual o estacionamento com melhor custo-benefício no aeroporto de viracopos campinas em 2025?","0","5","0.00","9.60"
"qual o estacionamento dentro do aeroporto de viracopos","0","1","0.00","2.00"
"qual o estacionamento mais próximo","0","4","0.00","38.25"
"qual o estacionamento mais próximo do aeroporto de confins","0","1","0.00","2.00"
"qual o estacionamento mais próximo do aeroporto de guarulhos","0","4","0.00","66.50"
"qual o estacionamento oficial do aeroporto de congonhas","0","4","0.00","11.50"
"qual o melhor estacionamento aeroporto confins","0","30","0.00","21.07"
"qual o melhor estacionamento aeroporto congonhas","0","18","0.00","30.28"
"qual o melhor estacionamento aeroporto guarulhos","0","10","0.00","41.30"
"qual o melhor estacionamento perto do aeroporto de guarulhos","0","11","0.00","19.09"
"qual o nome do aeroporto de confins","0","2","0.00","35.00"
"qual o nome do aeroporto de lisboa","0","13","0.00","7.15"
"qual o nome do aeroporto de portugal","0","1","0.00","5.00"
"qual o preço","0","1","0.00","2.00"
"qual o preço do estacionamento do aeroporto de guarulhos","0","18","0.00","13.17"
"qual o preço do estacionamento no aeroporto de guarulhos","0","12","0.00","32.92"
"qual o valor","0","2","0.00","4.50"
"qual o valor da diaria do estacionamento do aeroporto","0","5","0.00","8.20"
"qual o valor da diária do estacionamento de guarulhos","0","10","0.00","44.70"
"qual o valor da diária do estacionamento do aeroporto de guarulhos","0","19","0.00","28.53"
"qual o valor da diária do estacionamento do aeroporto de salvador","0","1","0.00","10.00"
"qual o valor da diária no aeroporto de guarulhos","0","13","0.00","37.08"
"qual o valor da diária no estacionamento do aeroporto de guarulhos","0","12","0.00","33.92"
"qual o valor da diária para deixar o carro no aeroporto","0","1","0.00","10.00"
"qual o valor do estacionamento da rodoviária do tietê","0","4","0.00","11.75"
"qual o valor do estacionamento da rodoviária tietê","0","4","0.00","9.75"
"qual o valor do estacionamento dentro do aeroporto de guarulhos","0","1","0.00","12.00"
"qual o valor do estacionamento do aeroporto","0","4","0.00","4.50"
"qual o valor do estacionamento do aeroporto de brasília","0","8","0.00","7.50"
"qual o valor do estacionamento do aeroporto de confins","0","1","0.00","13.00"
"qual o valor do estacionamento do aeroporto de congonhas","0","2","0.00","1.00"
"qual o valor do estacionamento do aeroporto de curitiba","0","12","0.00","8.75"
"qual o valor do estacionamento do aeroporto de fortaleza","0","3","0.00","3.33"
"qual o valor do estacionamento do aeroporto de guarulhos","0","26","0.00","38.31"
"qual o valor do estacionamento do aeroporto de recife","0","5","0.00","9.20"
"qual o valor do estacionamento do aeroporto de salvador","0","10","0.00","10.50"
"qual o valor do estacionamento do aeroporto de viracopos","0","7","0.00","11.57"
"qual o valor do estacionamento do aeroporto galeão","0","11","0.00","8.27"
"qual o valor do estacionamento do aeroporto salgado filho","0","5","0.00","8.80"
"qual o valor do estacionamento do aeroporto santos dumont","0","10","0.00","7.60"
"qual o valor do estacionamento no aeroporto","0","2","0.00","7.00"
"qual o valor do estacionamento no aeroporto de confins","0","7","0.00","12.14"
"qual o valor do estacionamento no aeroporto de congonhas","0","2","0.00","13.00"
"qual o valor do estacionamento no aeroporto de guarulhos","0","20","0.00","39.15"
"qual o valor do estacionamento no aeroporto de viracopos","0","5","0.00","12.80"
"qual o valor do estacionamento no aeroporto de vitória","0","6","0.00","10.83"
"qual o valor do estacionamento no aeroporto do galeão","0","6","0.00","9.33"
"qual o valor do estacionamento no aeroporto galeão","0","3","0.00","9.00"
"qual o valor para deixar o carro no aeroporto","0","1","0.00","1.00"
"qual o valor para deixar o carro no aeroporto de guarulhos","0","1","0.00","10.00"
"qual o valor para deixar o carro no estacionamento do aeroporto","0","5","0.00","49.00"
"qual o valor?","0","1","0.00","4.00"
"qual seria o custo ?","0","1","0.00","3.00"
"qual valor","0","1","0.00","3.00"
"qual valor da diaria","0","1","0.00","4.00"
"qual valor da diaria do estacionamento do aeroporto de guarulhos","0","9","0.00","43.56"
"qual valor da diaria no estacionamento do aeroporto de guarulhos","0","12","0.00","37.67"
"qual valor da diária","0","1","0.00","2.00"
"qual valor diaria estacionamento aeroporto guarulhos","0","10","0.00","39.10"
"qual valor do estacionamento","0","3","0.00","3.00"
"qual valor do estacionamento do aeroporto","0","8","0.00","7.50"
"qual valor do estacionamento do aeroporto de brasilia","0","2","0.00","8.00"
"qual valor do estacionamento do aeroporto de confins","0","7","0.00","11.43"
"qual valor do estacionamento do aeroporto de congonhas","0","2","0.00","9.00"
"qual valor do estacionamento do aeroporto de curitiba","0","8","0.00","10.50"
"qual valor do estacionamento do aeroporto de guarulhos","0","18","0.00","23.33"
"qual valor do estacionamento do aeroporto de recife","0","1","0.00","10.00"
"qual valor do estacionamento do aeroporto de salvador","0","3","0.00","9.67"
"qual valor do estacionamento do galeao","0","6","0.00","7.83"
"qual valor do estacionamento no aeroporto de guarulhos","0","9","0.00","47.22"
"qual valor do estacionamento?","0","1","0.00","7.00"
"qual valor estacionamento aeroporto guarulhos","0","11","0.00","45.73"
"qual valor médio","0","1","0.00","3.00"
"qual valor para deixar o carro no aeroporto de guarulhos","0","6","0.00","65.83"
"qual é o aeroporto de curitiba","0","9","0.00","10.89"
"qual é o estacionamento dentro do aeroporto de confins","0","3","0.00","11.67"
"qual é o estacionamento dentro do aeroporto de guarulhos","0","5","0.00","67.00"
"qual é o estacionamento dentro do aeroporto de viracopos","0","2","0.00","12.50"
"qual é o estacionamento oficial do aeroporto de guarulhos","0","1","0.00","4.00"
"qual é o valor do estacionamento do aeroporto de guarulhos","0","15","0.00","32.00"
"qual é o valor?","0","1","0.00","5.00"
"quantas vagas tem?","0","1","0.00","9.00"
"quanto custa a diaria","0","1","0.00","4.00"
"quanto custa a diaria do estacionamento do aeroporto de salvador","0","8","0.00","10.13"
"quanto custa a diaria do estacionamento no aeroporto de guarulhos","0","21","0.00","25.38"
"quanto custa a diaria no aeroporto de guarulhos","0","12","0.00","34.00"
"quanto custa a diaria no estacionamento do aeroporto de brasilia","0","4","0.00","7.25"
"quanto custa a diaria no estacionamento do aeroporto de guarulhos","0","7","0.00","54.71"
"quanto custa a diaria no estacionamento do aeroporto de recife","0","7","0.00","9.00"
"quanto custa a diária do estacionamento do aeroporto de guarulhos","0","11","0.00","31.64"
"quanto custa deixar carro no aeroporto","0","1","0.00","50.00"
"quanto custa deixar o carro no aeroporto","0","2","0.00","60.00"
"quanto custa deixar o carro no aeroporto de guarulhos","0","7","0.00","64.43"
"quanto custa deixar o carro no aeroporto de recife","0","1","0.00","11.00"
"quanto custa deixar o carro no aeroporto de viracopos","0","1","0.00","12.00"
"quanto custa deixar o carro no estacionamento do aeroporto","0","5","0.00","39.80"
"quanto custa diaria estacionamento aeroporto guarulhos","0","9","0.00","40.67"
"quanto custa estacionamento aeroporto brasilia","0","6","0.00","7.33"
"quanto custa estacionamento aeroporto curitiba","0","9","0.00","10.11"
"quanto custa estacionamento aeroporto guarulhos","0","6","0.00","40.00"
"quanto custa estacionamento aeroporto recife","0","4","0.00","8.50"
"quanto custa estacionamento do aeroporto de guarulhos","0","12","0.00","38.50"
"quanto custa estacionamento no aeroporto de congonhas","0","14","0.00","26.43"
"quanto custa estacionamento no aeroporto de guarulhos","0","11","0.00","37.09"
"quanto custa estacionar no aeroporto de confins","0","3","0.00","11.00"
"quanto custa estacionar no aeroporto de congonhas","0","2","0.00","10.50"
"quanto custa estacionar no aeroporto de guarulhos","0","14","0.00","36.07"
"quanto custa estacionar no aeroporto de salvador","0","1","0.00","11.00"
"quanto custa estacionar no galeao","0","6","0.00","10.67"
"quanto custa o estacionamento do aeroporto","0","1","0.00","8.00"
"quanto custa o estacionamento do aeroporto de brasília","0","11","0.00","7.82"
"quanto custa o estacionamento do aeroporto de confins","0","1","0.00","10.00"
"quanto custa o estacionamento do aeroporto de congonhas","0","21","0.00","28.95"
"quanto custa o estacionamento do aeroporto de curitiba","0","9","0.00","10.89"
"quanto custa o estacionamento do aeroporto de florianópolis","0","2","0.00","11.50"
"quanto custa o estacionamento do aeroporto de fortaleza","0","8","0.00","10.88"
"quanto custa o estacionamento do aeroporto de guarulhos","0","23","0.00","40.43"
"quanto custa o estacionamento do aeroporto de recife","0","6","0.00","9.50"
"quanto custa o estacionamento do aeroporto de salvador","0","10","0.00","9.70"
"quanto custa o estacionamento do aeroporto de viracopos","0","12","0.00","12.25"
"quanto custa o estacionamento do aeroporto galeão","0","12","0.00","7.92"
"quanto custa o estacionamento do aeroporto santos dumont","0","9","0.00","8.00"
"quanto custa o estacionamento no aeroporto","0","2","0.00","53.50"
"quanto custa o estacionamento no aeroporto de congonhas","0","5","0.00","11.00"
"quanto custa o estacionamento no aeroporto de florianópolis","0","2","0.00","11.50"
"quanto custa o estacionamento no aeroporto de guarulhos","0","16","0.00","33.94"
"quanto custa o estacionamento no aeroporto de viracopos","0","5","0.00","12.20"
"quanto custa o estacionamento no aeroporto do galeão","0","6","0.00","9.33"
"quanto custa para deixar o carro no aeroporto","0","4","0.00","31.50"
"quanto custa para deixar o carro no aeroporto de congonhas","0","2","0.00","11.00"
"quanto custa para deixar o carro no aeroporto de curitiba","0","2","0.00","9.50"
"quanto custa para deixar o carro no aeroporto de guarulhos","0","6","0.00","67.83"
"quanto custa para deixar o carro no estacionamento do aeroporto","0","4","0.00","18.00"
"quanto custa para estacionar no aeroporto de guarulhos","0","9","0.00","48.56"
"quanto custa uma diária no estacionamento do aeroporto","0","4","0.00","8.00"
"quanto custa?","0","1","0.00","5.00"
"quanto e o estacionamento no aeroporto","0","4","0.00","4.25"
"quanto fica deixar o carro no aeroporto","0","1","0.00","7.00"
"quanto é a diaria do estacionamento do aeroporto de guarulhos","0","6","0.00","34.17"
"quanto é a diária do estacionamento do aeroporto","0","1","0.00","8.00"
"quanto é a diária para deixar o carro no aeroporto","0","1","0.00","10.00"
"quanto é a diária?","0","2","0.00","4.00"
"quanto é estacionamento no aeroporto","0","3","0.00","2.67"
"quanto é o estacionamento do aeroporto","0","7","0.00","27.57"
"quanto é o estacionamento do aeroporto de brasilia","0","1","0.00","7.00"
"quanto é o estacionamento do aeroporto de guarulhos","0","17","0.00","54.00"
"quanto é o estacionamento do aeroporto de recife","0","7","0.00","8.86"
"quanto é o estacionamento do aeroporto de salvador","0","3","0.00","9.00"
"quanto é o estacionamento do galeao","0","20","0.00","7.35"
"quanto é o estacionamento no aeroporto de guarulhos","0","6","0.00","64.33"
"quanto é o estacionamento?","0","1","0.00","12.00"
"quanto é para deixar o carro no aeroporto","0","4","0.00","5.00"
"quantos aeroporto tem em curitiba","0","1","0.00","52.00"
"quantos aeroporto tem em lisboa","0","2","0.00","18.00"
"quantos aeroportos tem em campinas","0","2","0.00","22.50"
"quantos aeroportos tem em curitiba","0","1","0.00","50.00"
"quantos aeroportos tem em lisboa","0","18","0.00","7.28"
"quantos portoes tem em congonhas","0","1","0.00","1.00"
"quantos portoes tem no aeroporto de confins","0","7","0.00","2.86"
"quantos portões tem o aeroporto de confins","0","2","0.00","4.00"
"quantos terminais tem o aeroporto de guarulhos","0","1","0.00","29.00"
"quantos terminais tem o aeroporto de viracopos","0","1","0.00","11.00"
"quatro dias","0","1","0.00","4.00"
"que horas abre o aeroporto de congonhas","0","1","0.00","68.00"
"que horas fecha o aeroporto de guarulhos","0","1","0.00","3.00"
"quero","0","2","0.00","5.50"
"r. joaquina de jesus, 745 - guarulhos | são paulo - cep 07140-233","0","7","0.00","4.71"
"ram classic","0","1","0.00","2.00"
"ramada hotel viracopos campinas","0","1","0.00","29.00"
"recife","0","1","0.00","7.00"
"recife park estacionamento","0","2","0.00","8.00"
"recife parking","0","1","0.00","58.00"
"recife tem quantos aeroportos","0","1","0.00","44.00"
"red park","0","1","0.00","60.00"
"red parking","0","5","0.00","68.80"
"red parking porto","0","1","0.00","71.00"
"redpark","0","6","0.00","25.17"
"reserva aeroporto","0","2","0.00","11.50"
"reserva antecipada","0","1","0.00","9.00"
"reserva estacionamento aeroporto","0","5","0.00","6.40"
"reserva estacionamento aeroporto confins","0","1","0.00","42.00"
"reserva estacionamento aeroporto curitiba","0","1","0.00","15.00"
"reserva estacionamento aeroporto de brasilia","0","11","0.00","10.64"
"reserva estacionamento aeroporto guarulhos","0","7","0.00","49.43"
"reserva estacionamento aeroporto recife","0","10","0.00","12.90"
"reserva estacionamento aeroporto santos dumont","0","21","0.00","10.43"
"reserva estacionamento congonhas","0","5","0.00","29.40"
"reserva estacionamento galeão","0","3","0.00","17.33"
"reserva estacionamento gru","0","3","0.00","70.33"
"reserva estacionamento guarulhos","0","8","0.00","36.75"
"reserva estacionamento santos dumont","0","4","0.00","8.25"
"reserva fácil aeroporto","0","2","0.00","21.50"
"reservar estacionamento aeroporto brasilia","0","5","0.00","10.60"
"reservar estacionamento aeroporto confins","0","1","0.00","46.00"
"reservar estacionamento aeroporto curitiba","0","1","0.00","11.00"
"reservar estacionamento aeroporto galeao","0","3","0.00","11.00"
"reservar estacionamento aeroporto guarulhos","0","7","0.00","36.29"
"reservar estacionamento aeroporto porto alegre","0","2","0.00","33.00"
"reservar estacionamento aeroporto recife","0","10","0.00","12.50"
"reserve fácil aeroporto","0","2","0.00","21.50"
"resopark","0","1","0.00","55.00"
"restaurantes aeroporto congonhas","0","1","0.00","3.00"
"rio de janeiro","0","1","0.00","12.00"
"rodovia santos dumont, km 66, km 66 - jardim aeroporto de campinas, sp - campinas, 13052901","0","1","0.00","1.00"
"rodoviaria tiete estacionamento","0","50","0.00","9.74"
"rodoviaria tiete tem estacionamento","0","5","0.00","10.20"
"rodoviária do tietê estacionamento","0","2","0.00","10.00"
"rodoviária tietê estacionamento","0","26","0.00","11.42"
"rua afonso pena curitiba","0","1","0.00","10.00"
"rua antônio luchiari 1100 distrito industrial campinas sp","0","4","0.00","11.00"
"rua antônio luchiari, 1100, distrito industrial, campinas, sp","0","2","0.00","11.50"
"rua areial 115 guarulhos","0","4","0.00","9.50"
"rua gumercino ribeiro dos santos, 1100, alto dos ribeiros – confins mg","0","5","0.00","7.00"
"rua joaquina de jesus 745 guarulhos","0","14","0.00","11.29"
"rua joaquina de jesus 745 guarulhos sp","0","11","0.00","11.36"
"rua lapa vermelha, 180 - confins/mg","0","6","0.00","6.83"
"rua milton teodoro 115 confins","0","7","0.00","9.71"
"rua nhu guaçu 211","0","11","0.00","8.91"
"rua pedro de toledo 480 – jardim santa lidia – guarulhos","0","7","0.00","10.29"
"rua pedro de toledo, 480 – jardim santa lidia – guarulhos são paulo - brasil cep: 07140-000","0","3","0.00","9.00"
"rua renascença 103","0","1","0.00","23.00"
"rua viracopos 64","0","1","0.00","6.00"
"rua waldemar amstalden, 400","0","1","0.00","3.00"
"santos dumont aeroporto estacionamento","0","3","0.00","10.33"
"santos dumont airport drop off","0","41","0.00","38.63"
"sao paulo airport drop off","0","10","0.00","49.30"
"sdu airport car service","0","10","0.00","48.20"
"sdu airport drop off","0","17","0.00","36.18"
"sdu airport pickup","0","13","0.00","47.46"
"sdu cab","0","10","0.00","21.60"
"sdu car rental","0","1","0.00","49.00"
"sdu car service","0","1","0.00","27.00"
"sdu drop off","0","9","0.00","32.67"
"sdu pickup","0","4","0.00","16.00"
"sdu transportation","0","8","0.00","23.63"
"sel park estacionamento","0","1","0.00","19.00"
"self park","0","3","0.00","6.00"
"self park estacionamentos","0","6","0.00","44.67"
"self park estacionamentos belo horizonte","0","1","0.00","10.00"
"serv park estacionamento","0","1","0.00","49.00"
"serv park guarulhos","0","3","0.00","10.00"
"serving park guarulhos","0","9","0.00","19.56"
"serviços oferecidos por portal estacionamento","0","3","0.00","9.00"
"servparking","0","32","0.00","14.16"
"servparking estacionamento guarulhos","0","9","0.00","9.56"
"servparking gru","0","5","0.00","28.80"
"servparking guarulhos","0","4","0.00","7.25"
"sete dias","0","1","0.00","6.00"
"shypark","0","2","0.00","27.50"
"si","0","1","0.00","7.00"
"sigla do aeroporto de confins","0","1","0.00","11.00"
"sigla do aeroporto de lisboa","0","1","0.00","8.00"
"significado de confins","0","1","0.00","28.00"
"sim por favor","0","1","0.00","3.00"
"sim verifique","0","1","0.00","11.00"
"sim.","0","1","0.00","6.00"
"sistema booking estacionamento","0","7","0.00","20.43"
"sistema reservas estacionamento","0","7","0.00","43.43"
"site:konclui.com","0","1","0.00","13.00"
"site:movepark.co","0","1","0.00","1.00"
"situaã ã o aeroporto confins","0","4","0.00","20.75"
"situaã ã o aeroporto viracopos","0","2","0.00","21.00"
"sky park","0","18","0.00","22.22"
"sky park lisboa","0","1","0.00","12.00"
"sky prk","0","1","0.00","3.00"
"skyepark","0","1","0.00","59.00"
"skyparck","0","1","0.00","4.00"
"skypark","0","56","0.00","19.29"
"skypark app","0","1","0.00","23.00"
"small parking","0","2","0.00","11.00"
"small parking estacionamento aeroporto","0","4","0.00","9.75"
"small parking estacionamento aeroporto.","0","2","0.00","10.00"
"smartpark","0","1","0.00","3.00"
"software estacionamento aeroporto","0","4","0.00","69.00"
"space park confins","0","73","0.00","13.26"
"space park estacionamento","0","2","0.00","10.00"
"starbucks aeroporto congonhas","0","2","0.00","24.50"
"starbucks congonhas","0","1","0.00","1.00"
"starbucks rodoviaria tiete","0","1","0.00","7.00"
"stay park congonhas","0","2","0.00","15.50"
"stop & park - estacionamento guarulhos ibis budget","0","1","0.00","27.00"
"stop park guarulhos","0","19","0.00","9.58"
"subway aeroporto congonhas","0","1","0.00","48.00"
"super park confins","0","1","0.00","23.00"
"super park estacionamento","0","3","0.00","39.67"
"super park estacionamento confins","0","1","0.00","18.00"
"superpark confins","0","5","0.00","53.00"
"tabela de preço estacionamento aeroporto recife","0","3","0.00","11.00"
"tabela de preços estacionamento","0","1","0.00","11.00"
"tabela de preços estacionamento aeroporto galeão","0","11","0.00","11.45"
"tabela estacionamento aeroporto guarulhos","0","7","0.00","58.00"
"talentos park aeroporto - estacionamento","0","2","0.00","3.00"
"tamanho do aeroporto de confins","0","3","0.00","6.33"
"tarifa estacionamento aeroporto","0","1","0.00","5.00"
"tarifa estacionamento aeroporto guarulhos","0","11","0.00","37.82"
"taxa de embarque curitiba","0","1","0.00","65.00"
"telefone do estacionamento do aeroporto de recife","0","4","0.00","3.25"
"telefone do estacionamento do aeroporto de vitória","0","1","0.00","3.00"
"telefone estacionamento aeroporto","0","1","0.00","11.00"
"telefone estacionamento aeroporto guarulhos","0","3","0.00","60.67"
"telefone estacionamento aeroporto recife","0","5","0.00","3.00"
"telefone movida aeroporto guarulhos","0","1","0.00","1.00"
"telefone virapark","0","2","0.00","11.50"
"telefone virapark campinas","0","20","0.00","5.40"
"tem algum estacionamento","0","1","0.00","7.00"
"tem alguma promoção?","0","1","0.00","5.00"
"tem burger king no aeroporto de congonhas","0","1","0.00","55.00"
"tem estacionamento","0","1","0.00","1.00"
"tem estacionamento na rodoviaria do tiete","0","3","0.00","12.00"
"tem estacionamento na rodoviaria tiete","0","1","0.00","12.00"
"tem estacionamento no aeroporto de congonhas","0","14","0.00","36.29"
"tem estacionamento no aeroporto de guarulhos","0","4","0.00","70.75"
"tem estacionamento por perto?","0","1","0.00","6.00"
"tem estacionamento?","0","1","0.00","3.00"
"tem mcdonald's no aeroporto de congonhas","0","1","0.00","54.00"
"tem starbucks no aeroporto de congonhas","0","2","0.00","49.50"
"tem subway no aeroporto de congonhas","0","1","0.00","56.00"
"tenho medo de deixar meu carro na rua enquanto viajo por congonhas, qual a melhor solução em são paulo?","0","2","0.00","4.50"
"tenho medo de perder o voo por causa do trânsito até viracopos, como me organizar melhor?","0","1","0.00","3.00"
"terminais aeroporto de guarulhos","0","2","0.00","28.00"
"terminais aeroporto guarulhos","0","3","0.00","45.33"
"terminais confins","0","1","0.00","3.00"
"terminais guarulhos","0","2","0.00","10.00"
"terminal 1","0","1","0.00","2.00"
"terminal 1 standard estacionamento","0","5","0.00","76.20"
"terminal 2","0","3","0.00","1.67"
"terminal 2 estacionamento","0","2","0.00","61.50"
"terminal 2 guarulhos estacionamento","0","2","0.00","71.00"
"terminal 2 guarulhos é nacional ou internacional","0","1","0.00","1.00"
"terminal 2 standard estacionamento","0","8","0.00","64.00"
"terminal 3","0","3","0.00","2.67"
"terminal 3 aeroporto de guarulhos estacionamento","0","3","0.00","75.00"
"terminal 3 estacionamento","0","5","0.00","75.00"
"terminal 3 guarulhos embarque","0","1","0.00","1.00"
"terminal 3 guarulhos estacionamento","0","9","0.00","80.22"
"terminal 3 padrão estacionamento aeroporto guarulhos sp","0","2","0.00","34.00"
"terminal afonso pena","0","1","0.00","52.00"
"terminal rodoviário tietê - garagem","0","22","0.00","21.18"
"terminal rodoviário tietê estacionamento","0","9","0.00","10.33"
"terminal tiete estacionamento","0","14","0.00","12.07"
"the parking","0","16","0.00","7.81"
"the parking estacionamento","0","39","0.00","12.21"
"the parking estacionamento congonhas","0","19","0.00","9.32"
"tiete estacionamento","0","2","0.00","10.50"
"top estacionamentos com traslado 24h e reserva online em viracopos campinas","0","1","0.00","2.00"
"transfer aeroporto confins","0","1","0.00","1.00"
"translado aeroporto guarulhos","0","1","0.00","1.00"
"trovão estacionamentos","0","1","0.00","56.00"
"três dias","0","1","0.00","6.00"
"umrry viracopos","0","1","0.00","15.00"
"unidas aeroporto curitiba","0","9","0.00","14.67"
"urba park","0","1","0.00","11.00"
"urban estacionamento","0","19","0.00","8.58"
"urban estacionamento guarulhos","0","12","0.00","8.25"
"urban oark","0","1","0.00","9.00"
"urban park","0","175","0.00","8.46"
"urban park congonhas","0","6","0.00","8.33"
"urban park estacionamento","0","11","0.00","10.00"
"urban park estacionamento guarulhos","0","12","0.00","7.33"
"urban park gru","0","64","0.00","8.00"
"urban park gru estacionamento","0","3","0.00","13.00"
"urban park gru estacionamento aeroporto guarulhos","0","96","0.00","11.19"
"urban park gru estacionamento aeroporto guarulhos - avenida ministro evandro lins e silva - parque cecap guarulhos - sp","0","9","0.00","6.89"
"urban park gru estacionamento aeroporto guarulhos guarulhos","0","7","0.00","8.29"
"urban park gru guarulhos airport parking","0","5","0.00","34.80"
"urban park guarulhos","0","72","0.00","10.75"
"urban parking","0","2","0.00","9.00"
"urban parl","0","1","0.00","7.00"
"urbano park","0","3","0.00","10.00"
"urbanpark","0","15","0.00","13.53"
"urbanpark aclimacao","0","9","0.00","60.56"
"urbanpark gru","0","1","0.00","8.00"
"urbanpark guarulhos","0","19","0.00","7.42"
"v parking estacionamento","0","1","0.00","11.00"
"vaga certa","0","1","0.00","4.00"
"vaga coberta","0","3","0.00","8.00"
"vaga descoberta","0","1","0.00","11.00"
"vaga oficial","0","1","0.00","11.00"
"vale a pena pagar estacionamento coberto com monitoramento 24h perto do aeroporto de congonhas em sp?","0","4","0.00","8.00"
"vale a pena reservar estacionamento de aeroporto online com antecedência?","0","3","0.00","1.33"
"valet","0","1","0.00","7.00"
"valet estacionamento","0","1","0.00","8.00"
"valet parking","0","1","0.00","11.00"
"valet service parking","0","1","0.00","52.00"
"vallet estacionamento","0","1","0.00","1.00"
"valor","0","2","0.00","5.50"
"valor da diaria de estacionamento no aeroporto de guarulhos","0","11","0.00","33.18"
"valor da diaria do estacionamento do aeroporto","0","7","0.00","8.00"
"valor da diaria do estacionamento do aeroporto de viracopos","0","5","0.00","12.00"
"valor da diaria estacionamento aeroporto guarulhos","0","12","0.00","46.25"
"valor da diaria estacionamento aeroporto salgado filho","0","1","0.00","6.00"
"valor da diaria estacionamento galeao","0","1","0.00","11.00"
"valor da diaria no aeroporto de guarulhos sp","0","8","0.00","36.25"
"valor da diaria no estacionamento do aeroporto de confins","0","3","0.00","11.67"
"valor da diaria no estacionamento do aeroporto de guarulhos","0","14","0.00","34.00"
"valor da diaria no estacionamento do aeroporto de salvador","0","1","0.00","1.00"
"valor da diaria no estacionamento do aeroporto de vitoria","0","7","0.00","9.00"
"valor da diaria para deixar o carro no aeroporto","0","3","0.00","5.00"
"valor da diária do estacionamento do aeroporto de florianópolis","0","4","0.00","10.00"
"valor da diária do estacionamento do aeroporto de guarulhos","0","13","0.00","37.62"
"valor da hora","0","1","0.00","7.00"
"valor da hora no estacionamento do aeroporto de fortaleza","0","5","0.00","9.80"
"valor de estacionamento no aeroporto de confins","0","4","0.00","12.00"
"valor de estacionamento no aeroporto de guarulhos","0","11","0.00","43.27"
"valor de estacionamento no aeroporto de viracopos","0","5","0.00","12.20"
"valor diaria aeroporto florianopolis","0","2","0.00","11.00"
"valor diaria aeroporto guarulhos","0","12","0.00","37.25"
"valor diaria estacionamento aeroporto","0","5","0.00","14.40"
"valor diaria estacionamento aeroporto afonso pena","0","12","0.00","8.17"
"valor diaria estacionamento aeroporto brasilia","0","9","0.00","6.11"
"valor diaria estacionamento aeroporto congonhas","0","4","0.00","11.50"
"valor diaria estacionamento aeroporto curitiba","0","3","0.00","9.00"
"valor diaria estacionamento aeroporto de salvador","0","2","0.00","8.50"
"valor diaria estacionamento aeroporto galeao","0","3","0.00","6.33"
"valor diaria estacionamento aeroporto guarulhos","0","21","0.00","26.95"
"valor diaria estacionamento aeroporto santos dumont","0","3","0.00","10.33"
"valor diaria estacionamento aeroporto viracopos","0","10","0.00","9.50"
"valor diaria estacionamento aeroporto vix","0","8","0.00","7.75"
"valor diaria estacionamento confins","0","1","0.00","13.00"
"valor diaria estacionamento floripa airport","0","9","0.00","11.78"
"valor diaria estacionamento viracopos","0","6","0.00","7.83"
"valor diária estacionamento aeroporto guarulhos 2026","0","9","0.00","37.11"
"valor diária estacionamento aeroporto","0","1","0.00","1.00"
"valor diária estacionamento aeroporto florianópolis","0","15","0.00","10.53"
"valor diária estacionamento aeroporto guarulhos","0","2","0.00","48.00"
"valor diária estacionamento aeroporto porto alegre","0","1","0.00","4.00"
"valor do estacionamento","0","2","0.00","9.50"
"valor do estacionamento aeroporto","0","6","0.00","7.17"
"valor do estacionamento aeroporto curitiba","0","2","0.00","11.00"
"valor do estacionamento aeroporto de congonhas","0","4","0.00","11.50"
"valor do estacionamento aeroporto de guarulhos","0","18","0.00","59.44"
"valor do estacionamento aeroporto guarulhos","0","6","0.00","50.17"
"valor do estacionamento aeroporto recife","0","4","0.00","9.25"
"valor do estacionamento aeroporto viracopos","0","4","0.00","12.00"
"valor do estacionamento da rodoviária tietê","0","10","0.00","9.40"
"valor do estacionamento de guarulhos","0","11","0.00","35.36"
"valor do estacionamento de viracopos","0","6","0.00","12.67"
"valor do estacionamento dentro do aeroporto de guarulhos","0","9","0.00","47.78"
"valor do estacionamento do aeroporto","0","5","0.00","12.00"
"valor do estacionamento do aeroporto de brasília","0","20","0.00","8.80"
"valor do estacionamento do aeroporto de campinas","0","7","0.00","11.29"
"valor do estacionamento do aeroporto de confins","0","2","0.00","12.00"
"valor do estacionamento do aeroporto de congonhas","0","8","0.00","12.38"
"valor do estacionamento do aeroporto de cuiabá","0","6","0.00","7.50"
"valor do estacionamento do aeroporto de curitiba","0","12","0.00","10.50"
"valor do estacionamento do aeroporto de florianópolis","0","22","0.00","11.14"
"valor do estacionamento do aeroporto de fortaleza","0","1","0.00","5.00"
"valor do estacionamento do aeroporto de goiânia","0","6","0.00","9.00"
"valor do estacionamento do aeroporto de goiânia por hora","0","6","0.00","10.33"
"valor do estacionamento do aeroporto de guarulhos","0","25","0.00","46.24"
"valor do estacionamento do aeroporto de maceió","0","6","0.00","11.50"
"valor do estacionamento do aeroporto de recife","0","44","0.00","9.50"
"valor do estacionamento do aeroporto de recife por hora","0","30","0.00","8.27"
"valor do estacionamento do aeroporto de salvador","0","4","0.00","10.50"
"valor do estacionamento do aeroporto de viracopos","0","10","0.00","10.30"
"valor do estacionamento do aeroporto de vitória","0","1","0.00","9.00"
"valor do estacionamento do aeroporto do galeão","0","9","0.00","7.67"
"valor do estacionamento do aeroporto galeão","0","11","0.00","13.18"
"valor do estacionamento do aeroporto santos dumont","0","11","0.00","8.73"
"valor do estacionamento do galeão","0","5","0.00","8.60"
"valor do estacionamento em guarulhos","0","6","0.00","51.67"
"valor do estacionamento em viracopos","0","4","0.00","13.00"
"valor do estacionamento na rodoviária tietê","0","2","0.00","5.00"
"valor do estacionamento no aeroporto","0","3","0.00","3.33"
"valor do estacionamento no aeroporto de confins","0","37","0.00","13.41"
"valor do estacionamento no aeroporto de congonhas","0","7","0.00","11.00"
"valor do estacionamento no aeroporto de florianópolis","0","2","0.00","11.00"
"valor do estacionamento no aeroporto de guarulhos","0","12","0.00","37.17"
"valor do estacionamento no aeroporto de porto alegre","0","1","0.00","67.00"
"valor do estacionamento no aeroporto de salvador","0","23","0.00","10.30"
"valor do estacionamento no aeroporto de viracopos","0","13","0.00","11.23"
"valor do estacionamento no aeroporto de vitória","0","16","0.00","10.88"
"valor do estacionamento no aeroporto do galeão","0","7","0.00","7.29"
"valor do estacionamento no aeroporto galeão","0","5","0.00","8.00"
"valor do estacionamento no aeroporto salgado filho","0","3","0.00","9.00"
"valor do estacionamento no galeão","0","18","0.00","14.67"
"valor do estacionamento no santos dumont","0","1","0.00","11.00"
"valor do estacionamento rodoviária tietê","0","3","0.00","10.33"
"valor do estacionamento viracopos","0","5","0.00","12.20"
"valor estacionamento aeroporto","0","11","0.00","9.91"
"valor estacionamento aeroporto afonso pena","0","15","0.00","9.87"
"valor estacionamento aeroporto brasilia","0","2","0.00","8.50"
"valor estacionamento aeroporto campinas","0","10","0.00","12.10"
"valor estacionamento aeroporto campo grande","0","8","0.00","9.13"
"valor estacionamento aeroporto campo grande ms","0","10","0.00","10.70"
"valor estacionamento aeroporto confins","0","10","0.00","15.20"
"valor estacionamento aeroporto congonhas","0","33","0.00","20.18"
"valor estacionamento aeroporto de brasilia","0","27","0.00","11.30"
"valor estacionamento aeroporto de confins","0","1","0.00","10.00"
"valor estacionamento aeroporto de congonhas","0","6","0.00","11.17"
"valor estacionamento aeroporto de goiânia","0","6","0.00","11.17"
"valor estacionamento aeroporto de guarulhos","0","6","0.00","65.17"
"valor estacionamento aeroporto florianopolis","0","4","0.00","11.25"
"valor estacionamento aeroporto florianópolis","0","24","0.00","11.71"
"valor estacionamento aeroporto fortaleza","0","14","0.00","7.71"
"valor estacionamento aeroporto galeao","0","9","0.00","8.56"
"valor estacionamento aeroporto guarulhos","0","25","0.00","40.00"
"valor estacionamento aeroporto guarulhos terminal 2","0","9","0.00","46.44"
"valor estacionamento aeroporto guarulhos terminal 3","0","7","0.00","61.14"
"valor estacionamento aeroporto joao pessoa","0","6","0.00","5.33"
"valor estacionamento aeroporto londrina","0","5","0.00","5.60"
"valor estacionamento aeroporto maceió","0","13","0.00","11.77"
"valor estacionamento aeroporto navegantes","0","28","0.00","7.21"
"valor estacionamento aeroporto porto alegre","0","6","0.00","32.33"
"valor estacionamento aeroporto recife","0","31","0.00","10.13"
"valor estacionamento aeroporto salvador","0","36","0.00","9.25"
"valor estacionamento aeroporto santos dumont","0","3","0.00","10.00"
"valor estacionamento aeroporto santos dumont rj","0","4","0.00","5.25"
"valor estacionamento aeroporto viracopos campinas","0","3","0.00","12.00"
"valor estacionamento aeroporto vitória","0","22","0.00","10.09"
"valor estacionamento congonhas","0","1","0.00","16.00"
"valor estacionamento dentro aeroporto guarulhos","0","11","0.00","42.64"
"valor estacionamento floripa airport","0","14","0.00","11.50"
"valor estacionamento galeao","0","37","0.00","8.76"
"valor estacionamento galeao diaria","0","4","0.00","8.50"
"valor estacionamento galeão","0","5","0.00","9.00"
"valor estacionamento gru","0","3","0.00","62.33"
"valor estacionamento gru terminal 3","0","5","0.00","67.60"
"valor estacionamento guarulhos","0","6","0.00","41.17"
"valor estacionamento guarulhos aeroporto","0","17","0.00","44.35"
"valor estacionamento no aeroporto de guarulhos","0","41","0.00","61.59"
"valor estacionamento rodoviaria tiete","0","14","0.00","11.14"
"valor estacionamento rodoviária tietê","0","42","0.00","12.64"
"valor estacionamento santos dumont","0","17","0.00","10.18"
"valor estacionamento santos dumont rj","0","2","0.00","6.50"
"valor estacionamento terminal 3 guarulhos","0","5","0.00","65.60"
"valor estacionamento terminal tiete","0","5","0.00","9.00"
"valor estacionamento tiete","0","10","0.00","11.00"
"valor estacionamento viracopos","0","7","0.00","11.00"
"valor estacionamento viracopos diaria","0","18","0.00","11.22"
"valor normal","0","1","0.00","3.00"
"valor para deixar o carro no aeroporto","0","4","0.00","3.50"
"valor para deixar o carro no aeroporto de guarulhos","0","7","0.00","59.14"
"valor?","0","1","0.00","6.00"
"valores","0","5","0.00","4.60"
"valores aproximados","0","1","0.00","3.00"
"valores da diária","0","1","0.00","1.00"
"valores de estacionamento no aeroporto de guarulhos","0","13","0.00","39.15"
"valores diária","0","1","0.00","10.00"
"valores do estacionamento do aeroporto de guarulhos","0","16","0.00","29.44"
"valores estacionamento aeroporto","0","2","0.00","5.50"
"valores estacionamento aeroporto confins","0","1","0.00","12.00"
"valores estacionamento aeroporto curitiba","0","4","0.00","10.25"
"valores estacionamento aeroporto florianopolis","0","1","0.00","12.00"
"valores estacionamento aeroporto guarulhos","0","11","0.00","35.09"
"valores estacionamento aeroporto porto alegre","0","1","0.00","52.00"
"valores estacionamento aeroporto salvador","0","2","0.00","10.00"
"valores por hora","0","1","0.00","5.00"
"vcm park","0","40","0.00","5.95"
"vcp aero viracopos","0","1","0.00","44.00"
"vcp aeroporto","0","1","0.00","1.00"
"vcp campinas","0","1","0.00","1.00"
"vcp estacionamento","0","19","0.00","38.21"
"ve park estacionamento aeroporto","0","24","0.00","6.75"
"ve parking","0","7","0.00","7.14"
"ve parking porto alegre","0","2","0.00","8.00"
"velox park","0","1","0.00","17.00"
"veparking","0","18","0.00","9.50"
"verifique","0","1","0.00","2.00"
"verpark","0","1","0.00","1.00"
"viagem park guarulhos","0","3","0.00","44.33"
"viajar de avião pela congonhas com carro próprio é complicado porque não sei onde guardar o veículo em são paulo por vários dias","0","1","0.00","11.00"
"viaje park","0","29","0.00","14.79"
"viaje park estacionamento guarulhos","0","7","0.00","8.57"
"viaje park guarulhos","0","44","0.00","11.59"
"viajepark","0","7","0.00","11.86"
"viajepark estacionamento","0","1","0.00","8.00"
"viajepark guarulhos","0","1","0.00","8.00"
"vila aeroporto guarulhos","0","1","0.00","2.00"
"villa park estacionamento","0","3","0.00","38.00"
"vira park campinas","0","48","0.00","19.77"
"vira park viracopos","0","23","0.00","6.30"
"vira parque","0","12","0.00","4.00"
"viracopos","0","38","0.00","6.89"
"viracopos (site:instagram.com/reel/ or site:instagram.com/p/)","0","1","0.00","4.00"
"viracopos aeroparking","0","20","0.00","44.80"
"viracopos aeroporto","0","1","0.00","2.00"
"viracopos aeroporto estacionamento","0","15","0.00","30.47"
"viracopos aeroporto onde fica","0","1","0.00","21.00"
"viracopos campinas","0","1","0.00","11.00"
"viracopos campinas estacionamento","0","18","0.00","33.61"
"viracopos clima","0","1","0.00","12.00"
"viracopos em campinas","0","1","0.00","11.00"
"viracopos estacionamento","0","23","0.00","18.83"
"viracopos estacionamento oficial tarifas 2026","0","2","0.00","11.00"
"viracopos estacionamento preço","0","16","0.00","10.81"
"viracopos fica onde","0","1","0.00","21.00"
"viracopos park","0","14","0.00","18.93"
"viracopos park estacionamento","0","6","0.00","9.00"
"viracopos parking","0","4","0.00","70.25"
"viracopos é uma cidade","0","1","0.00","5.00"
"viralpark","0","1","0.00","4.00"
"viraoark","0","2","0.00","6.00"
"virapack","0","2","0.00","6.00"
"virapar","0","4","0.00","3.75"
"virapark campinas telefone","0","22","0.00","6.77"
"virapark cupom de desconto","0","1","0.00","8.00"
"virapark estacionamento aeroporto viracopos","0","9","0.00","5.67"
"virapark estacionamento aeroporto viracopos campinas (vcp)","0","164","0.00","4.51"
"virapark estacionamento aeroporto viracopos campinas (vcp) - antiga rodovia santos dumont - jardim santa maria ii campinas - sp","0","15","0.00","3.93"
"virapark estacionamento aeroporto viracopos campinas (vcp) campinas","0","41","0.00","5.66"
"virapark estacionamento campinas","0","24","0.00","18.79"
"virapark estacionamento viracopos","0","39","0.00","16.90"
"virapark guarulhos","0","1","0.00","12.00"
"virapark telefone","0","5","0.00","7.00"
"virapark telefone campinas","0","14","0.00","6.71"
"virapark whatsapp","0","29","0.00","5.69"
"virapark é confiavel","0","6","0.00","10.50"
"virpark","0","4","0.00","3.50"
"vitoria airport estacionamento","0","1","0.00","12.00"
"voe park","0","1","0.00","23.00"
"voepark","0","6","0.00","57.00"
"voepark guarulhos","0","1","0.00","17.00"
"vora park","0","1","0.00","5.00"
"voracopos","0","1","0.00","10.00"
"vou de carro próprio","0","1","0.00","1.00"
"vou ficar 7 dias","0","1","0.00","9.00"
"vou viajar a trabalho por uma semana saindo de congonhas e não sei onde deixar meu carro com segurança em são paulo","0","4","0.00","2.25"
"vueling aeroporto porto","0","1","0.00","2.00"
"vueling porto","0","1","0.00","2.00"
"vários dias","0","1","0.00","6.00"
"w premium lounge terminal 1","0","1","0.00","1.00"
"whatsapp do aeroporto de cuiabá","0","1","0.00","9.00"
"where can we park","0","1","0.00","11.00"
"winpark estacionamento","0","1","0.00","47.00"
"www virapark com br","0","8","0.00","3.25"
"www.aeropark","0","1","0.00","5.00"
"yellow estacionamento","0","1","0.00","10.00"
"yellow estacionamento congonhas","0","13","0.00","9.23"
"yellow estacionamento guarulhos","0","7","0.00","11.86"
"yellow estacionamento viracopos","0","31","0.00","8.48"
"yellow park","0","17","0.00","9.88"
"yellow park campinas","0","14","0.00","9.07"
"yellow park congonhas","0","53","0.00","10.38"
"yellow park estacionamento","0","1","0.00","8.00"
"yellow park estacionamento campinas","0","1","0.00","10.00"
"yellow park guarulhos","0","98","0.00","18.28"
"yellow park viracopos","0","34","0.00","7.47"
"yellow parking","0","76","0.00","9.68"
"yellow parking campinas","0","16","0.00","8.94"
"yellow parking congonhas","0","184","0.00","8.15"
"yellow parking estacionamento","0","8","0.00","8.63"
"yellow parking estacionamento - viracopos","0","73","0.00","9.32"
"yellow parking estacionamento 24 horas aeroporto guarulhos","0","9","0.00","55.78"
"yellow parking guarulhos","0","24","0.00","16.54"
"yellow parking viracopos","0","286","0.00","9.63"
"yellow parking viracopos é bom","0","1","0.00","11.00"
"yellowparking","0","44","0.00","9.61"
"yelow park","0","1","0.00","9.00"
"é confiável?","0","1","0.00","3.00"
