"consulta","cliques","impressoes","ctr","posicao"
"movepark viracopos","482","1342","35.92","1.43"
"movepark","479","3753","12.76","5.49"
"estacionamento aeroporto curitiba","457","33433","1.37","11.95"
"virapark","411","87311","0.47","4.72"
"estacionamento viracopos","394","21737","1.81","6.26"
"aero park recife","365","1912","19.09","4.09"
"estacionamento aeroporto viracopos","235","15386","1.53","7.63"
"estacionamento aeroporto navegantes","226","11490","1.97","9.46"
"aeropark estacionamento recife","212","1005","21.09","3.11"
"estacionamento aeroporto recife","186","15840","1.17","10.70"
"estacionamento aeroporto afonso pena","164","11827","1.39","11.84"
"aeropark guarulhos","131","29265","0.45","5.74"
"aeropark recife","130","627","20.73","2.73"
"garageinn viracopos","117","17615","0.66","5.34"
"estacionamento próximo ao aeroporto de recife","114","1180","9.66","6.02"
"bh park santos dumont","106","1443","7.35","7.71"
"estacionamento aeroporto campinas","105","7310","1.44","8.74"
"estacionamento aeroporto congonhas","105","4831","2.17","23.15"
"estacionamento proximo ao aeroporto recife","97","1072","9.05","5.84"
"virapark campinas","94","24018","0.39","5.66"
"movepark campinas","89","143","62.24","1.17"
"abba park","85","8722","0.97","4.00"
"estacionamento congonhas park","81","2096","3.86","6.85"
"congonhas park estacionamento congonhas","80","2744","2.92","6.61"
"movepark estacionamento","80","1642","4.87","4.26"
"garageinn viracopos - estacione dentro do aeroporto de viracopos","79","7739","1.02","5.70"
"garage inn viracopos","74","10987","0.67","4.77"
"bh park","72","1013","7.11","6.33"
"movepark guarulhos","71","1948","3.64","3.72"
"estacionamento congonhas","68","2535","2.68","21.31"
"aeropark","66","12281","0.54","10.15"
"qual o melhor estacionamento no aeroporto de viracopos","65","3868","1.68","9.41"
"estacionamento proximo aeroporto recife","64","486","13.17","6.02"
"estacionamento perto do aeroporto de recife","63","899","7.01","7.36"
"estacionamento virapark","59","7502","0.79","7.09"
"estacionamento aeroporto guarulhos","55","10204","0.54","29.22"
"estacionamento em viracopos","54","3350","1.61","9.18"
"bh park estacionamento santos dumont","53","565","9.38","7.85"
"estacionamento aeroporto confins","52","3528","1.47","22.30"
"vira park","50","10173","0.49","5.27"
"bandeira park congonhas","48","8398","0.57","10.51"
"congonhas park","47","1907","2.46","5.28"
"bandeira park viracopos","46","16863","0.27","10.38"
"move park","44","1437","3.06","3.53"
"estacionamento campinas aeroporto","43","2506","1.72","12.14"
"express parking congonhas","43","7080","0.61","5.80"
"abba park estacionamento","42","3795","1.11","4.77"
"estacionamento aeroporto joão pessoa","42","5270","0.80","10.40"
"bh park estacionamento","41","970","4.23","7.01"
"estacionamento viracopos preço","41","5875","0.70","10.70"
"estacionamentos proximos ao aeroporto de recife","39","246","15.85","4.93"
"valor estacionamento aeroporto curitiba","39","2608","1.50","10.37"
"garageinn","38","7720","0.49","6.01"
"movepark estacionamento viracopos","37","110","33.64","1.05"
"central park confins","36","8067","0.45","8.35"
"edificio garagem viracopos","36","8363","0.43","8.77"
"estacionamento aeroporto de navegantes","36","1576","2.28","8.78"
"estacionamento santos dumont","36","1518","2.37","12.67"
"estacionamento viracopos campinas","36","2942","1.22","7.47"
"plenty park congonhas","36","2923","1.23","7.28"
"estacionamento aeroporto santos dumont","34","1707","1.99","11.28"
"movepark estacionamento campinas","33","101","32.67","1.04"
"virapark viracopos","33","7395","0.45","6.08"
"estacionamentos aeroporto curitiba preços","32","1149","2.79","11.28"
"valor estacionamento aeroporto navegantes","32","1050","3.05","6.46"
"best park estacionamento aeroporto de curitiba","31","1518","2.04","7.54"
"grand parking congonhas","31","5380","0.58","5.71"
"virapark estacionamento","31","5956","0.52","5.77"
"premium park confins","29","12967","0.22","7.50"
"aerovalet","28","2869","0.98","5.65"
"aerovalet congonhas","28","699","4.01","4.04"
"estacionamento aeroporto curitiba barato","28","740","3.78","11.76"
"estacionamento aeroporto de viracopos","28","1644","1.70","9.62"
"aeropark confins","27","6662","0.41","8.86"
"econopark","27","7331","0.37","7.12"
"estacionamento no aeroporto de viracopos","27","1348","2.00","6.07"
"estacionamento próximo ao aeroporto de congonhas com traslado","27","442","6.11","10.37"
"aero park","26","1813","1.43","7.55"
"estacionamento aeroporto viracopos campinas","26","2443","1.06","8.30"
"estacionamento congonhas leve a chave","26","624","4.17","7.42"
"grand parking estacionamento congonhas","26","2827","0.92","5.79"
"edifício garagem aeroporto internacional de viracopos","25","5354","0.47","9.31"
"estacionamento aeroporto viracopos preço","25","3263","0.77","14.37"
"melhor estacionamento aeroporto navegantes","25","359","6.96","5.26"
"mobi city congonhas","25","305","8.20","2.83"
"nation park estacionamento","25","7713","0.32","6.34"
"be park confins","24","4197","0.57","6.63"
"estacionamento em recife proximo ao aeroporto","24","323","7.43","6.10"
"garage in viracopos","24","2484","0.97","4.93"
"melhor estacionamento aeroporto guarulhos","24","3126","0.77","14.67"
"reserva estacionamento aeroporto santos dumont","24","837","2.87","9.46"
"aero park estacionamento recife","23","141","16.31","2.91"
"aeropark - estacionamento aeroporto de guarulhos cumbica","23","3850","0.60","6.87"
"estacionamento campinas","23","2499","0.92","10.64"
"foco park estacionamento","23","550","4.18","9.57"
"yellow parking viracopos","23","13560","0.17","10.42"
"aero park estacionamento","22","816","2.70","13.18"
"decolar park","22","12753","0.17","7.40"
"estacionamento aeroporto de brasilia","22","1044","2.11","22.54"
"estacionamento navegantes aeroporto","22","988","2.23","9.44"
"melhores estacionamentos aeroporto guarulhos","22","1313","1.68","8.96"
"movepark congonhas","22","54","40.74","1.00"
"valor estacionamento aeroporto viracopos","22","2678","0.82","9.94"
"bepark","21","9122","0.23","8.37"
"econopark aeroporto de guarulhos gru","21","3213","0.65","7.47"
"estacionamento em congonhas","21","759","2.77","20.20"
"estacionamento vcp","21","1139","1.84","10.49"
"estacionamento perto do aeroporto de campinas","20","1209","1.65","13.87"
"estacionamento viracopos aeroporto","20","1015","1.97","9.91"
"movepark estacionamento congonhas","20","62","32.26","1.58"
"estacionamento aeroporto congonhas com traslado","19","577","3.29","16.01"
"estacionamento aeroporto cuiaba","19","1290","1.47","10.33"
"estacionamento dummont park","19","1064","1.79","8.69"
"estacionamento rodoviaria tiete","19","3740","0.51","9.62"
"estacionamento viracopos azul","19","2146","0.89","11.38"
"estacionamentos aeroporto viracopos","19","1052","1.81","15.89"
"virapark estacionamento aeroporto viracopos campinas (vcp)","19","2061","0.92","5.32"
"estacionamento aeroporto de campinas","18","1552","1.16","10.09"
"one parking congonhas","18","1699","1.06","5.03"
"aeroporto viracopos estacionamento","17","1339","1.27","12.78"
"best park aeroporto","17","3379","0.50","7.59"
"estacionamento viracopos promoção","17","719","2.36","9.92"
"qual melhor estacionamento aeroporto guarulhos","17","1454","1.17","14.69"
"estacionamento aeroporto","16","2654","0.60","26.75"
"estacionamento aeroporto de curitiba","16","1310","1.22","17.64"
"estacionamento aeroporto de recife","16","1263","1.27","11.03"
"estacionamento aeroporto joao pessoa","16","1298","1.23","9.90"
"estacionamento confins","16","1470","1.09","32.91"
"estacionamento congonhas aeropark","16","1863","0.86","11.00"
"estacionamento congonhas barato","16","376","4.26","23.46"
"estacionamento perto aeroporto recife","16","131","12.21","6.41"
"estacionamento pátio confins","16","3056","0.52","7.57"
"grand parking","16","1628","0.98","4.94"
"movepark estacionamento guarulhos","16","583","2.74","3.56"
"virapark estacionamento viracopos","16","2926","0.55","8.15"
"aero park guarulhos","15","4585","0.33","6.10"
"estacionamento aeroporto londrina","15","630","2.38","13.52"
"estacionamento em viracopos preço","15","1160","1.29","13.20"
"estacionamento proximo ao aeroporto de recife","15","202","7.43","6.26"
"prime estacionamento navegantes","15","542","2.77","5.89"
"virapark estacionamento aeroporto viracopos campinas (vcp) - antiga rodovia santos dumont - jardim santa maria ii campinas - sp","15","680","2.21","3.96"
"aeropark estacionamento guarulhos","14","1781","0.79","5.17"
"estacionamento aeroporto maceio","14","2513","0.56","11.79"
"estacionamento perto do aeroporto afonso pena","14","440","3.18","9.69"
"estacionamento proximo ao santos dumont","14","249","5.62","9.76"
"estacionamento próximo ao aeroporto santos dumont","14","436","3.21","12.58"
"estacionamento viracopos barato","14","400","3.50","8.93"
"estacionamentos aeroporto curitiba","14","983","1.42","13.68"
"qual o melhor estacionamento aeroporto congonhas","14","823","1.70","11.30"
"viracopos estacionamento","14","900","1.56","14.84"
"aeropark congonhas","13","681","1.91","8.68"
"econopark guarulhos","13","4256","0.31","8.29"
"estacionamento aeroporto navegantes valor","13","521","2.50","6.65"
"estacionamento bh park aeroporto santos dumont","13","280","4.64","7.26"
"estacionamento em recife","13","211","6.16","11.32"
"estacionamento no aeroporto de campinas","13","984","1.32","15.66"
"estacionamento no aeroporto de navegantes","13","909","1.43","9.44"
"estacionamento proximo aeroporto viracopos","13","1010","1.29","16.92"
"estacionamento viracopos park","13","393","3.31","6.21"
"estacionamentos viracopos","13","907","1.43","22.06"
"move park guarulhos","13","1085","1.20","6.27"
"bhpark","12","200","6.00","7.46"
"estacionamento congonhas preço","12","944","1.27","16.16"
"estacionamento galeão","12","1197","1.00","31.50"
"estacionamento navegantes","12","568","2.11","12.10"
"estacionamento perto do aeroporto de congonhas","12","612","1.96","24.92"
"estacionamento perto do aeroporto de navegantes","12","407","2.95","7.61"
"estacionamento proximo ao aeroporto viracopos","12","822","1.46","16.50"
"estacionamento próximo ao aeroporto de viracopos","12","646","1.86","14.18"
"garage inn","12","2631","0.46","7.26"
"parebem estacionamento aeroporto curitiba","12","508","2.36","8.95"
"plenty park","12","1508","0.80","7.81"
"valor do estacionamento no aeroporto de curitiba","12","383","3.13","8.44"
"arai park","11","2745","0.40","6.40"
"estacionamento aeroporto brasilia","11","1711","0.64","26.30"
"estacionamento aeroporto de congonhas","11","819","1.34","20.46"
"estacionamento em viracopos campinas","11","847","1.30","7.80"
"estapar aeroporto curitiba","11","1739","0.63","12.15"
"preço estacionamento aeroporto curitiba","11","740","1.49","10.25"
"qual o melhor estacionamento perto do aeroporto de guarulhos","11","592","1.86","14.56"
"vira park campinas","11","1747","0.63","7.07"
"aerovalet é confiável","10","342","2.92","7.41"
"arai park congonhas","10","1271","0.79","6.83"
"estacionamento aeroporto curitiba preço","10","624","1.60","10.69"
"estacionamento aeroporto santos dumont bhpark","10","245","4.08","8.26"
"estacionamento afonso pena","10","1135","0.88","11.18"
"estacionamento dentro do aeroporto viracopos","10","808","1.24","7.74"
"estacionamento virapark campinas","10","2047","0.49","7.11"
"estacionamentos em viracopos","10","746","1.34","15.62"
"foco park estacionamento recife","10","152","6.58","8.30"
"melhor estacionamento aeroporto viracopos","10","552","1.81","4.85"
"melhor estacionamento viracopos","10","843","1.19","19.25"
"aero valet congonhas","9","358","2.51","5.94"
"aeroporto curitiba estacionamento","9","798","1.13","16.69"
"aeroporto de navegantes estacionamento","9","567","1.59","8.30"
"avaliações sobre bandeira park viracopos","9","1032","0.87","9.65"
"estacionamento aeroporto guarulhos barato","9","807","1.12","35.41"
"estacionamento aeroporto porto alegre","9","773","1.16","13.53"
"estacionamento barato aeroporto viracopos","9","129","6.98","8.33"
"estacionamento coberto viracopos","9","512","1.76","9.40"
"estacionamento em campinas perto do aeroporto","9","562","1.60","6.37"
"estacionamento em congonhas aeroporto","9","114","7.89","11.80"
"estacionamento perto aeroporto viracopos","9","437","2.06","6.83"
"estacionamento perto de viracopos","9","841","1.07","17.85"
"estacionamento proximo aeroporto afonso pena","9","709","1.27","11.43"
"estacionamento próximo ao aeroporto de congonhas","9","381","2.36","23.31"
"estacionamento recife aeroporto","9","584","1.54","11.92"
"estacionamento sdu","9","403","2.23","11.93"
"estacionamento tiete","9","1127","0.80","10.98"
"estacionamento vira copos","9","747","1.20","20.83"
"estacionamento virapark é bom","9","872","1.03","9.02"
"estacionamentos aeroporto afonso pena","9","318","2.83","12.40"
"estacionamentos próximos ao aeroporto afonso pena","9","272","3.31","14.00"
"express parking","9","2508","0.36","8.79"
"skypark","9","2170","0.41","18.77"
"abba park aeroporto curitiba","8","516","1.55","4.11"
"aeroporto campinas estacionamento","8","500","1.60","13.78"
"avaliações sobre bandeira park congonhas","8","746","1.07","10.75"
"congonhas park estacionamento","8","351","2.28","11.12"
"estacionamento aeroporto curitiba mais barato","8","167","4.79","6.65"
"estacionamento aeroporto salgado filho","8","873","0.92","12.48"
"estacionamento curitiba aeroporto","8","423","1.89","15.95"
"estacionamento do aeroporto de viracopos","8","386","2.07","8.26"
"estacionamento em congonhas com transfer","8","190","4.21","10.60"
"estacionamento guarulhos","8","2566","0.31","50.43"
"estacionamento proximo aeroporto congonhas","8","299","2.68","15.57"
"estacionamento próximo a viracopos","8","207","3.86","7.09"
"estacionamento recife","8","743","1.08","12.12"
"estacionamento rodoviária tietê","8","1015","0.79","9.47"
"estacionamentos aeroporto navegantes","8","357","2.24","9.37"
"estapar aeroporto afonso pena","8","1416","0.56","11.69"
"movepark estacionamentos","8","159","5.03","2.77"
"patio confins","8","3583","0.22","8.22"
"valor do estacionamento no aeroporto de navegantes","8","209","3.83","5.87"
"www virapark com br","8","230","3.48","3.00"
"abba park curitiba","7","529","1.32","4.12"
"abba park estacionamento aeroporto curitiba","7","640","1.09","4.20"
"aeropark estacionamento","7","1028","0.68","9.09"
"aeropark gru","7","723","0.97","5.30"
"aeroporto navegantes estacionamento","7","639","1.10","9.62"
"aerovalet tiete","7","41","17.07","2.46"
"avaliações sobre garageinn viracopos - estacione dentro do aeroporto de viracopos","7","2742","0.26","8.51"
"bh park santos dumont reserva","7","190","3.68","8.16"
"bolsão f viracopos","7","481","1.46","6.01"
"estacionamento aeroporto campinas viracopos","7","598","1.17","20.05"
"estacionamento aeroporto de campinas viracopos","7","333","2.10","10.96"
"estacionamento aeroporto galeão","7","1024","0.68","22.00"
"estacionamento aeroporto guarulhos mais barato","7","592","1.18","30.94"
"estacionamento barato aeroporto curitiba","7","185","3.78","6.09"
"estacionamento barato viracopos","7","577","1.21","17.06"
"estacionamento congonhas com traslado","7","189","3.70","11.09"
"estacionamento decolar guarulhos","7","2232","0.31","6.81"
"estacionamento dentro do aeroporto afonso pena","7","306","2.29","8.31"
"estacionamento galeao","7","1032","0.68","26.20"
"estacionamento na rodoviária tietê","7","321","2.18","11.23"
"estacionamento no aeroporto afonso pena","7","557","1.26","13.31"
"estacionamento no aeroporto de viracopos campinas","7","436","1.61","13.09"
"estacionamento perto aeroporto campinas","7","214","3.27","6.07"
"estacionamento perto do aeroporto viracopos","7","236","2.97","6.61"
"estacionamento perto viracopos","7","250","2.80","6.30"
"estacionamento próximo ao aeroporto afonso pena","7","395","1.77","12.28"
"estacionamento próximo ao aeroporto de campinas","7","365","1.92","6.59"
"estacionamento viracopos mais barato","7","178","3.93","10.49"
"estacionamentos próximos ao aeroporto de confins","7","287","2.44","21.18"
"estacionamentos próximos ao aeroporto de viracopos","7","167","4.19","5.56"
"estapar estacionamentos aeroporto de curitiba (cwb)","7","1479","0.47","9.25"
"flypark guarulhos","7","3015","0.23","8.04"
"garagem viracopos","7","725","0.97","9.65"
"mapa do aeroporto de guarulhos","7","350","2.00","4.75"
"mobiciti congonhas - estacionamento","7","1894","0.37","8.41"
"nation park - estacionamento aeroporto curitiba afonso pena (cwb)","7","1306","0.54","4.58"
"park confins oficial - estacionamento 24h","7","571","1.23","10.80"
"preço estacionamento aeroporto afonso pena","7","569","1.23","17.07"
"reserva estacionamento santos dumont","7","253","2.77","8.42"
"sim","7","77","9.09","4.62"
"valor estacionamento aeroporto afonso pena","7","581","1.20","7.63"
"viracopos park","7","256","2.73","8.94"
"virapark aeroporto campinas","7","875","0.80","6.30"
"abba estacionamento","6","546","1.10","4.39"
"avaliações sobre virapark","6","3765","0.16","9.83"
"bandeira park","6","3547","0.17","8.75"
"be park estacionamento","6","709","0.85","6.49"
"best park","6","692","0.87","7.38"
"best park aeroporto curitiba","6","711","0.84","6.54"
"cupom desconto virapark","6","196","3.06","10.74"
"decolar park guarulhos","6","3731","0.16","6.30"
"decolarpark","6","2959","0.20","7.44"
"diaria aeroporto curitiba","6","208","2.88","8.22"
"es park estacionamento aeroporto curitiba","6","497","1.21","12.49"
"estacionamento aeroporto afonso pena mais barato","6","409","1.47","5.22"
"estacionamento aeroporto confins premium park","6","295","2.03","6.34"
"estacionamento aeroporto de guarulhos","6","2205","0.27","51.54"
"estacionamento aeroporto florianópolis","6","264","2.27","9.47"
"estacionamento campinas viracopos","6","641","0.94","17.17"
"estacionamento congonhas aeroporto","6","277","2.17","16.70"
"estacionamento dentro do aeroporto de viracopos","6","426","1.41","8.21"
"estacionamento econômico viracopos","6","236","2.54","8.74"
"estacionamento em campinas aeroporto","6","468","1.28","9.46"
"estacionamento perto do aeroporto santos dumont","6","227","2.64","9.72"
"estacionamento proximo viracopos","6","627","0.96","22.24"
"estacionamento próximo ao aeroporto de guarulhos","6","1246","0.48","43.18"
"estacionamentos proximos ao aeroporto de curitiba","6","454","1.32","9.12"
"fly park estacionamento aeroporto guarulhos","6","713","0.84","10.34"
"grand park congonhas","6","429","1.40","7.12"
"mobiciti estacionamento congonhas","6","1880","0.32","7.71"
"premium park","6","1893","0.32","6.50"
"preço estacionamento aeroporto","6","164","3.66","21.15"
"preço estacionamento aeroporto viracopos","6","679","0.88","9.27"
"qual o melhor estacionamento aeroporto confins","6","645","0.93","11.47"
"virapark estacionamento aeroporto viracopos campinas (vcp) campinas","6","710","0.85","5.90"
"virapark estacionamento aeroporto viracopos campinas (vcp) fotos","6","277","2.17","5.50"
"virapark estacionamento campinas","6","1260","0.48","7.36"
"aba park estacionamento","5","224","2.23","4.83"
"acesso park estacionamento aeroporto curitiba","5","270","1.85","11.91"
"aero park recife fotos","5","27","18.52","3.22"
"aeropark estacionamento congonhas","5","415","1.20","8.04"
"aeropark recife estacionamento","5","22","22.73","1.86"
"aeroporto de recife estacionamento","5","323","1.55","10.00"
"aeroporto recife estacionamento","5","697","0.72","11.08"
"bpark","5","1405","0.36","9.84"
"diaria estacionamento aeroporto","5","452","1.11","16.39"
"estacionamento aeroporto confins mais barato","5","303","1.65","17.01"
"estacionamento aeroporto cwb","5","244","2.05","11.18"
"estacionamento aeroporto de navegantes sc","5","135","3.70","9.86"
"estacionamento aeroporto de viracopos campinas","5","328","1.52","8.06"
"estacionamento aeroporto navegantes dummont park","5","576","0.87","9.04"
"estacionamento aeroporto santos dumont bh park","5","57","8.77","5.88"
"estacionamento bandeira park congonhas","5","1103","0.45","12.18"
"estacionamento bh park","5","69","7.25","6.87"
"estacionamento bolsao f viracopos","5","280","1.79","7.43"
"estacionamento congonhas com transfer","5","126","3.97","8.37"
"estacionamento do aeroporto de congonhas","5","158","3.16","27.79"
"estacionamento do aeroporto de recife","5","826","0.61","10.15"
"estacionamento em campinas proximo ao aeroporto","5","147","3.40","5.30"
"estacionamento em vcp","5","116","4.31","7.27"
"estacionamento garageinn","5","554","0.90","6.44"
"estacionamento km 64","5","463","1.08","9.45"
"estacionamento mais barato aeroporto guarulhos","5","211","2.37","11.06"
"estacionamento no aeroporto viracopos","5","188","2.66","7.21"
"estacionamento one parking congonhas","5","549","0.91","8.17"
"estacionamento patio confins","5","985","0.51","7.41"
"estacionamento perto do aeroporto de viracopos","5","569","0.88","11.83"
"estacionamento proximo a viracopos","5","621","0.81","20.71"
"estacionamento proximo aeroporto campinas","5","253","1.98","7.19"
"estacionamento proximo aeroporto guarulhos","5","2143","0.23","47.23"
"estacionamento próximo aeroporto de congonhas","5","184","2.72","24.85"
"estacionamento próximo aeroporto de viracopos","5","225","2.22","7.06"
"estacionamento santos dumont reserva","5","176","2.84","9.47"
"estacionamento virapark viracopos campinas","5","207","2.42","4.99"
"melhor estacionamento aeroporto curitiba","5","462","1.08","9.91"
"move park estacionamento","5","199","2.51","3.13"
"nation park curitiba","5","1878","0.27","5.62"
"nation park estacionamento curitiba","5","694","0.72","6.90"
"onde estacionar no aeroporto de congonhas","5","146","3.42","2.95"
"park confins","5","2950","0.17","9.00"
"premium park estacionamento confins","5","505","0.99","6.13"
"premium park estacionamentos","5","878","0.57","6.92"
"premium park estacionamentos confins","5","955","0.52","7.65"
"preço estacionamento viracopos","5","1204","0.42","8.97"
"qual melhor estacionamento aeroporto congonhas","5","45","11.11","4.98"
"qual melhor estacionamento aeroporto viracopos","5","342","1.46","4.86"
"valor do estacionamento dentro do aeroporto de confins","5","380","1.32","12.44"
"valores estacionamento aeroporto curitiba","5","246","2.03","9.37"
"virapark cupom de desconto","5","71","7.04","10.38"
"abba park estacionamento curitiba","4","243","1.65","4.40"
"aeroparking guarulhos","4","361","1.11","6.29"
"aeroporto de viracopos estacionamento","4","240","1.67","12.06"
"aerovalet guarulhos","4","686","0.58","6.70"
"b park confins","4","896","0.45","7.88"
"bandeira park campinas","4","1170","0.34","13.01"
"be park","4","1915","0.21","6.51"
"be park estacionamento confins","4","389","1.03","7.37"
"bolsao economico viracopos","4","257","1.56","9.19"
"connect park","4","45","8.89","5.31"
"cupom de desconto virapark","4","196","2.04","10.70"
"diaria estacionamento aeroporto de curitiba","4","304","1.32","8.86"
"estacionamento 24h recife","4","64","6.25","7.39"
"estacionamento aeropark","4","717","0.56","10.29"
"estacionamento aeropark guarulhos","4","666","0.60","5.01"
"estacionamento aeroporto afonso pena valor","4","158","2.53","8.11"
"estacionamento aeroporto congonhas barato","4","254","1.57","39.66"
"estacionamento aeroporto congonhas sp","4","202","1.98","23.20"
"estacionamento aeroporto de londrina","4","196","2.04","12.77"
"estacionamento aeroporto galeao rj","4","120","3.33","14.93"
"estacionamento aeroporto guarulhos $7,99","4","238","1.68","11.85"
"estacionamento aeroporto santos dumont rio de janeiro","4","166","2.41","10.92"
"estacionamento aeroporto viracopos virapark","4","286","1.40","8.49"
"estacionamento bandeira park viracopos","4","1200","0.33","10.47"
"estacionamento com transfer congonhas","4","66","6.06","7.76"
"estacionamento congonhas sp","4","160","2.50","28.52"
"estacionamento em congonhas sp","4","44","9.09","20.09"
"estacionamento em viracopos barato","4","184","2.17","8.35"
"estacionamento gru","4","1302","0.31","39.84"
"estacionamento no aeroporto de congonhas","4","432","0.93","26.32"
"estacionamento no aeroporto de guarulhos","4","1037","0.39","53.03"
"estacionamento no aeroporto de recife","4","378","1.06","9.83"
"estacionamento no aeroporto santos dumont","4","161","2.48","12.89"
"estacionamento perto aeroporto curitiba","4","153","2.61","9.03"
"estacionamento perto da rodoviária tietê","4","159","2.52","9.21"
"estacionamento perto do aeroporto de curitiba","4","151","2.65","11.87"
"estacionamento perto do santos dumont","4","210","1.90","9.85"
"estacionamento proximo aeroporto brasilia","4","59","6.78","18.71"
"estacionamento proximo ao aeroporto congonhas","4","132","3.03","26.27"
"estacionamento proximo ao aeroporto curitiba","4","182","2.20","16.86"
"estacionamento próximo aeroporto curitiba","4","124","3.23","10.31"
"estacionamento próximo ao aeroporto","4","254","1.57","20.86"
"estacionamento rodoviária tiete","4","580","0.69","10.09"
"estacionamento rodoviária tietê preço","4","196","2.04","9.45"
"estacionamento rodoviária tietê valor","4","252","1.59","8.65"
"estacionamento salgado filho","4","79","5.06","12.01"
"estacionamento terminal tiete","4","1210","0.33","10.57"
"estacionamento vcp azul","4","340","1.18","12.99"
"estacionamento virapark viracopos","4","489","0.82","6.92"
"estacionamentos proximos ao aeroporto de brasilia","4","45","8.89","12.44"
"garagein viracopos","4","192","2.08","6.04"
"garageinn campinas","4","459","0.87","4.18"
"km64 estacionamento","4","664","0.60","9.69"
"melhor estacionamento aeroporto confins","4","121","3.31","11.30"
"melhores estacionamentos viracopos","4","174","2.30","5.60"
"mobi city","4","380","1.05","6.44"
"mobiciti congonhas","4","3831","0.10","8.21"
"move parking","4","296","1.35","6.38"
"multipark confins","4","905","0.44","12.72"
"national park aeroporto curitiba","4","148","2.70","5.23"
"onde estacionar em viracopos","4","158","2.53","4.99"
"ponce park","4","1110","0.36","11.90"
"qual o melhor estacionamento perto do aeroporto de confins","4","50","8.00","6.42"
"qual o valor do estacionamento do aeroporto de guarulhos","4","513","0.78","28.01"
"quanto custa deixar o carro no aeroporto de curitiba","4","95","4.21","7.32"
"quanto custa o estacionamento do aeroporto de congonhas","4","282","1.42","17.46"
"recife park estacionamento","4","115","3.48","9.81"
"the parking congonhas","4","140","2.86","19.48"
"valor diaria estacionamento aeroporto curitiba","4","342","1.17","6.58"
"valor diaria estacionamento aeroporto viracopos","4","393","1.02","8.89"
"virapark campinas telefone","4","358","1.12","7.58"
"virapark whatsapp","4","396","1.01","6.09"
"yellow park viracopos","4","940","0.43","9.54"
"abbapark","3","279","1.08","3.83"
"aero park congonhas","3","186","1.61","8.68"
"aeroporto congonhas estacionamento","3","978","0.31","36.40"
"aeroporto de campinas estacionamento","3","359","0.84","9.12"
"aeroporto de congonhas estacionamento","3","500","0.60","32.18"
"aeroporto santos dumont estacionamento","3","141","2.13","13.07"
"avaliações sobre abba park estacionamento","3","2217","0.14","7.44"
"avaliações sobre viracopos aeroparking","3","404","0.74","9.10"
"bpark confins","3","606","0.50","8.72"
"central park 24h - estacionamento aeroporto de guarulhos","3","171","1.75","7.71"
"cupom virapark","3","191","1.57","13.50"
"decolar estacionamento","3","1147","0.26","7.25"
"decolar estacionamento guarulhos","3","1268","0.24","6.51"
"diaria estacionamento aeroporto curitiba","3","100","3.00","7.92"
"diaria estacionamento aeroporto viracopos","3","325","0.92","7.83"
"diaria no aeroporto de guarulhos","3","211","1.42","18.31"
"diária estacionamento aeroporto curitiba","3","360","0.83","8.75"
"estacionamento 24 horas campinas","3","51","5.88","13.41"
"estacionamento abba park","3","378","0.79","4.05"
"estacionamento aeroporto afonso pena curitiba","3","499","0.60","13.69"
"estacionamento aeroporto confins melhor preço","3","55","5.45","9.24"
"estacionamento aeroporto congonhas 24 horas","3","317","0.95","17.44"
"estacionamento aeroporto congonhas mobicity","3","172","1.74","6.44"
"estacionamento aeroporto de congonhas com transfer","3","12","25.00","9.83"
"estacionamento aeroporto de congonhas com traslado","3","89","3.37","8.52"
"estacionamento aeroporto guarulhos aeropark","3","335","0.90","4.83"
"estacionamento aeroporto vira copos","3","70","4.29","5.57"
"estacionamento aeroporto viracopos azul","3","147","2.04","12.57"
"estacionamento barato congonhas","3","75","4.00","25.20"
"estacionamento barato em congonhas","3","161","1.86","40.37"
"estacionamento barato em viracopos","3","72","4.17","8.14"
"estacionamento barato perto de viracopos","3","66","4.55","6.30"
"estacionamento central park confins","3","793","0.38","8.26"
"estacionamento coberto aeroporto viracopos","3","78","3.85","7.49"
"estacionamento dentro do aeroporto de confins","3","443","0.68","13.95"
"estacionamento do aeroporto de joão pessoa","3","445","0.67","9.63"
"estacionamento em campinas","3","833","0.36","17.75"
"estacionamento em guarulhos aeroporto","3","152","1.97","32.78"
"estacionamento em guarulhos perto do aeroporto","3","121","2.48","40.82"
"estacionamento em navegantes aeroporto","3","213","1.41","8.28"
"estacionamento em.viracopos","3","43","6.98","5.60"
"estacionamento estapar aeroporto curitiba","3","360","0.83","9.63"
"estacionamento f viracopos","3","785","0.38","11.38"
"estacionamento galeao rj","3","382","0.79","16.75"
"estacionamento garageinn viracopos","3","500","0.60","4.15"
"estacionamento no aeroporto de confins","3","329","0.91","13.67"
"estacionamento oficial econômico aeroporto de viracopos","3","468","0.64","8.59"
"estacionamento perto aeroporto viracopos campinas","3","28","10.71","8.39"
"estacionamento perto congonhas","3","30","10.00","12.43"
"estacionamento perto de congonhas","3","283","1.06","24.76"
"estacionamento premium park confins","3","1311","0.23","7.85"
"estacionamento próximo a congonhas","3","27","11.11","4.78"
"estacionamento próximo aeroporto congonhas","3","33","9.09","12.45"
"estacionamento próximo aeroporto de campinas","3","212","1.42","6.98"
"estacionamento próximo ao aeroporto de brasília","3","69","4.35","16.86"
"estacionamento próximo ao aeroporto de curitiba","3","146","2.05","9.10"
"estacionamento próximo ao aeroporto de navegantes","3","82","3.66","8.06"
"estacionamento tietê rodoviária","3","446","0.67","8.83"
"estacionamento vcp campinas","3","202","1.49","7.47"
"estacionamento viracopos diaria","3","193","1.55","7.60"
"estacionamento viracopos edifício garagem","3","361","0.83","7.24"
"estacionamento viracopos virapark","3","297","1.01","7.81"
"estacionamentos aeroporto confins","3","543","0.55","26.18"
"estacionamentos perto de viracopos","3","130","2.31","7.09"
"estacionamentos proximos aeroporto confins","3","102","2.94","18.42"
"estacionamentos viracopos campinas","3","169","1.78","4.93"
"estapar curitiba aeroporto","3","157","1.91","9.73"
"estapar estacionamentos galeão","3","87","3.45","9.77"
"express estacionamento congonhas","3","397","0.76","5.54"
"facility park congonhas","3","230","1.30","12.02"
"flypark","3","1647","0.18","7.48"
"garagem aeroporto curitiba","3","77","3.90","11.74"
"garagem aeroporto viracopos","3","211","1.42","7.28"
"garagem in","3","623","0.48","5.89"
"imagens de aero park recife","3","72","4.17","4.11"
"imagens de virapark","3","224","1.34","6.15"
"melhor estacionamento perto do aeroporto de guarulhos","3","68","4.41","28.53"
"melhor estacionamento rodoviária tietê","3","203","1.48","9.52"
"melhores estacionamentos aeroporto congonhas","3","110","2.73","2.75"
"mobi city estacionamento congonhas","3","198","1.52","2.03"
"nationpark","3","419","0.72","3.50"
"onde deixar o carro no aeroporto de viracopos","3","127","2.36","5.09"
"onde estacionar no aeroporto de viracopos","3","137","2.19","2.91"
"park congonhas","3","43","6.98","6.49"
"ponce park congonhas","3","136","2.21","9.51"
"preco estacionamento afonso pena","3","91","3.30","3.97"
"preço estacionamento santos dumont","3","64","4.69","30.72"
"prime estacionamento","3","108","2.78","11.05"
"qual o melhor estacionamento aeroporto guarulhos","3","302","0.99","15.90"
"qual o valor do estacionamento do aeroporto de curitiba","3","152","1.97","8.98"
"quanto custa estacionamento aeroporto curitiba","3","206","1.46","9.56"
"quanto custa estacionamento no aeroporto de congonhas","3","144","2.08","30.34"
"quanto custa o estacionamento do aeroporto afonso pena","3","95","3.16","4.57"
"skypark lisboa","3","698","0.43","5.59"
"valor do estacionamento do aeroporto de viracopos","3","446","0.67","7.84"
"valor do estacionamento no aeroporto de viracopos","3","383","0.78","8.58"
"valor estacionamento aeroporto","3","185","1.62","20.39"
"valor estacionamento aeroporto campinas","3","472","0.64","8.50"
"valor estacionamento aeroporto guarulhos","3","1353","0.22","13.29"
"valor estacionamento congonhas","3","101","2.97","15.51"
"valor estacionamento viracopos","3","1204","0.25","8.39"
"ve park estacionamento aeroporto","3","309","0.97","12.06"
"vira park estacionamento","3","586","0.51","6.83"
"vira parque","3","386","0.78","5.94"
"""airport park""","2","41","4.88","32.95"
"4 dias","2","14","14.29","4.57"
"aeroporto","2","28","7.14","16.75"
"aeroporto afonso pena estacionamento","2","916","0.22","12.65"
"aeroporto confins onde fica","2","166","1.20","6.28"
"aeroporto de confins fica onde","2","793","0.25","5.43"
"aeroporto de joão pessoa estacionamento","2","450","0.44","9.66"
"aeroporto de lisboa","2","5358","0.04","17.63"
"aeroporto londrina estacionamento","2","82","2.44","20.41"
"aerovalet - estacionamento aeroporto guarulhos","2","122","1.64","5.87"
"aerovalet tietê","2","55","3.64","5.73"
"antiga rodovia santos dumont, km 64 - jardim santa maria ii, campinas - sp, 13053-701","2","290","0.69","3.68"
"av. novo brasil, 954 - cidade industrial satélite de são paulo, guarulhos - sp, 07221-010","2","89","2.25","6.04"
"avaliações sobre edifício garagem aeroporto internacional de viracopos","2","542","0.37","8.79"
"avaliações sobre express parking","2","579","0.35","9.23"
"avaliações sobre plenty park congonhas","2","198","1.01","9.62"
"bandeira park congonhas é confiável","2","244","0.82","8.64"
"bandeira park estacionamento congonhas","2","379","0.53","9.52"
"bandeira park vcp","2","468","0.43","9.75"
"bepark confins","2","969","0.21","6.88"
"bepark estacionamento","2","348","0.57","7.11"
"best park curitiba","2","643","0.31","7.03"
"best park estacionamento","2","795","0.25","8.73"
"blue park estacionamento aeroporto curitiba","2","34","5.88","12.03"
"central park estacionamento guarulhos","2","651","0.31","8.51"
"congonhas estacionamento","2","542","0.37","40.25"
"connect park estacionamento","2","22","9.09","6.77"
"custo estacionamento viracopos","2","144","1.39","8.92"
"decolar park estacionamento guarulhos","2","395","0.51","5.97"
"desconto estacionamento aeroporto curitiba","2","82","2.44","5.07"
"diaria do estacionamento do aeroporto de congonhas","2","66","3.03","1.88"
"diaria estacionamento viracopos","2","1472","0.14","10.31"
"diária estacionamento aeroporto afonso pena","2","197","1.02","8.95"
"diária estacionamento aeroporto guarulhos","2","436","0.46","33.92"
"diária estacionamento aeroporto navegantes","2","131","1.53","7.12"
"dumont park","2","183","1.09","9.15"
"econo park","2","155","1.29","8.64"
"econopark estacionamento guarulhos","2","187","1.07","5.29"
"econopark gru","2","200","1.00","6.62"
"edifício garagem aeroporto internacional de viracopos fotos","2","260","0.77","8.87"
"edifício garagem viracopos","2","1016","0.20","9.12"
"escudo park estacionamento aeroporto guarulhos","2","177","1.13","18.88"
"estacionamento aeropark confins","2","205","0.98","8.58"
"estacionamento aeroporto brasília","2","69","2.90","19.28"
"estacionamento aeroporto campinas valor","2","299","0.67","7.93"
"estacionamento aeroporto curitiba best park","2","42","4.76","4.50"
"estacionamento aeroporto de brasília","2","146","1.37","27.10"
"estacionamento aeroporto de confins","2","381","0.52","32.07"
"estacionamento aeroporto de congonhas barato","2","141","1.42","43.97"
"estacionamento aeroporto de joão pessoa","2","376","0.53","9.84"
"estacionamento aeroporto de maceio","2","141","1.42","11.34"
"estacionamento aeroporto diaria","2","24","8.33","3.92"
"estacionamento aeroporto florianópolis mais barato","2","19","10.53","6.68"
"estacionamento aeroporto gru","2","760","0.26","50.65"
"estacionamento aeroporto guarulhos decolar","2","100","2.00","4.63"
"estacionamento aeroporto guarulhos terminal 2","2","278","0.72","17.61"
"estacionamento aeroporto guarulhos valor","2","296","0.68","19.39"
"estacionamento aeroporto joão pessoa telefone","2","111","1.80","10.02"
"estacionamento aeroporto lisboa","2","3840","0.05","53.54"
"estacionamento aeroporto são josé dos pinhais","2","260","0.77","12.51"
"estacionamento aeroporto vcp","2","173","1.16","6.25"
"estacionamento azul viracopos","2","977","0.20","22.49"
"estacionamento bambuzal","2","150","1.33","9.17"
"estacionamento barato aeroporto guarulhos","2","181","1.10","37.81"
"estacionamento barato em guarulhos","2","161","1.24","37.99"
"estacionamento bepark","2","865","0.23","7.40"
"estacionamento bepark confins","2","222","0.90","6.51"
"estacionamento catedral navegantes","2","765","0.26","7.65"
"estacionamento cgh aeroporto","2","6","33.33","2.83"
"estacionamento coberto em viracopos","2","98","2.04","23.74"
"estacionamento confins mais barato","2","35","5.71","21.71"
"estacionamento congonhas valor","2","55","3.64","28.18"
"estacionamento cuiaba aeroporto","2","25","8.00","11.28"
"estacionamento da azul em viracopos","2","326","0.61","14.87"
"estacionamento de viracopos","2","134","1.49","6.35"
"estacionamento dentro aeroporto viracopos","2","144","1.39","5.26"
"estacionamento dentro de viracopos","2","212","0.94","7.42"
"estacionamento do aeroporto","2","228","0.88","9.73"
"estacionamento do aeroporto afonso pena","2","313","0.64","12.81"
"estacionamento do aeroporto de navegantes","2","372","0.54","11.10"
"estacionamento do aeroporto santos dumont","2","157","1.27","12.13"
"estacionamento do santos dumont","2","65","3.08","9.43"
"estacionamento dumont park","2","148","1.35","8.13"
"estacionamento economico viracopos","2","388","0.52","12.83"
"estacionamento econopark guarulhos","2","135","1.48","5.81"
"estacionamento em brasilia proximo ao aeroporto","2","18","11.11","18.44"
"estacionamento em campinas viracopos","2","139","1.44","29.11"
"estacionamento em curitiba aeroporto","2","18","11.11","8.94"
"estacionamento em guarulhos","2","858","0.23","54.66"
"estacionamento facility park congonhas","2","269","0.74","9.26"
"estacionamento garage inn viracopos","2","213","0.94","3.52"
"estacionamento garagem viracopos","2","750","0.27","9.73"
"estacionamento grand parking congonhas","2","339","0.59","5.63"
"estacionamento gru barato","2","61","3.28","38.16"
"estacionamento guarulhos aeroporto","2","1363","0.15","38.38"
"estacionamento guarulhos mais barato","2","231","0.87","29.19"
"estacionamento ilha do governador","2","12","16.67","26.75"
"estacionamento km 64 viracopos","2","201","1.00","8.94"
"estacionamento londrina aeroporto","2","65","3.08","11.57"
"estacionamento mais barato aeroporto curitiba","2","44","4.55","7.93"
"estacionamento national park","2","412","0.49","6.54"
"estacionamento no aeroporto","2","674","0.30","55.74"
"estacionamento no aeroporto de brasilia","2","9","22.22","23.33"
"estacionamento no aeroporto de curitiba","2","183","1.09","17.39"
"estacionamento no aeroporto salgado filho","2","64","3.13","11.73"
"estacionamento perto aeroporto congonhas","2","180","1.11","15.26"
"estacionamento perto aeroporto guarulhos","2","1004","0.20","47.33"
"estacionamento perto de congonhas com traslado","2","97","2.06","8.90"
"estacionamento perto de viracopos campinas","2","106","1.89","4.10"
"estacionamento perto do aeroporto congonhas","2","147","1.36","38.10"
"estacionamento perto do aeroporto de brasília","2","9","22.22","15.56"
"estacionamento proximo aeroporto","2","144","1.39","28.42"
"estacionamento proximo aeroporto confins","2","193","1.04","17.59"
"estacionamento proximo aeroporto de navegantes sc","2","60","3.33","7.42"
"estacionamento proximo aeroporto navegantes","2","51","3.92","7.71"
"estacionamento proximo aeroporto viracopos campinas","2","26","7.69","5.62"
"estacionamento proximo ao aeroporto","2","170","1.18","19.51"
"estacionamento proximo ao aeroporto de campinas","2","159","1.26","7.21"
"estacionamento proximo ao aeroporto de viracopos","2","83","2.41","5.41"
"estacionamento próximo aeroporto","2","121","1.65","22.38"
"estacionamento próximo aeroporto afonso pena","2","244","0.82","10.05"
"estacionamento próximo ao aeroporto de guarulhos mais barato","2","66","3.03","22.71"
"estacionamento próximo ao aeroporto viracopos","2","103","1.94","6.96"
"estacionamento próximo viracopos","2","127","1.57","7.03"
"estacionamento santos dumont rio de janeiro","2","40","5.00","10.75"
"estacionamento santos dumont valor","2","120","1.67","24.52"
"estacionamento sdu reserva","2","96","2.08","6.92"
"estacionamento terminal tiete valor","2","145","1.38","8.90"
"estacionamento terminal tietê","2","152","1.32","9.99"
"estacionamento vira park","2","494","0.40","5.51"
"estacionamento viracopos oficial","2","275","0.73","7.78"
"estacionamento viravopos","2","65","3.08","4.71"
"estacionamento.congonhas","2","40","5.00","23.35"
"estacionamento.viracopos","2","206","0.97","6.67"
"estacionamentos aeroporto guarulhos","2","792","0.25","48.04"
"estacionamentos perto do aeroporto de congonhas","2","93","2.15","18.61"
"estacionamentos perto do aeroporto de viracopos","2","136","1.47","5.80"
"estacionamentos próximos ao aeroporto de congonhas","2","115","1.74","10.77"
"estapar estacionamento galeão","2","209","0.96","8.33"
"estapar galeao","2","947","0.21","11.43"
"estapar viracopos","2","599","0.33","30.19"
"estapar viracopos economico","2","7","28.57","8.29"
"foto do aeroporto de lisboa","2","177","1.13","1.00"
"garage in","2","944","0.21","7.68"
"garageinn estacionamento","2","387","0.52","7.20"
"garagem inn campinas","2","223","0.90","5.19"
"imagens de abba park estacionamento","2","72","2.78","4.24"
"km 64 estacionamento","2","814","0.25","9.97"
"locapark navegantes","2","106","1.89","6.82"
"melhor estacionamento aeroporto congonhas","2","156","1.28","5.90"
"melhores estacionamento aeroporto guarulhos","2","101","1.98","9.34"
"mob city congonhas","2","14","14.29","2.43"
"mobiciti parking congonhas","2","248","0.81","7.00"
"moove park","2","63","3.17","6.83"
"moovi park","2","2","100.00","1.50"
"multipark","2","176","1.14","9.13"
"multipark viracopos","2","526","0.38","8.95"
"national park curitiba","2","1942","0.10","5.87"
"onde estacionar em congonhas","2","50","4.00","2.76"
"pare bem estacionamento","2","9","22.22","4.00"
"parebem curitiba","2","469","0.43","9.88"
"park confins estacionamento","2","773","0.26","11.74"
"park estacionamento confins","2","288","0.69","10.42"
"parques estacionamento aeroporto lisboa","2","55","3.64","43.13"
"preco estacionamento congonhas","2","51","3.92","23.00"
"preco estacionamento guarulhos","2","77","2.60","24.12"
"preco estacionamento viracopos","2","320","0.63","8.71"
"premium estacionamento aeroporto curitiba","2","105","1.90","7.57"
"preço do estacionamento do aeroporto","2","51","3.92","16.59"
"preço estacionamento rodoviária tietê","2","179","1.12","10.42"
"pátio confins","2","596","0.34","8.69"
"qual estacionamento mais proximo do aeroporto de confins","2","16","12.50","7.81"
"qual melhor estacionamento aeroporto confins","2","42","4.76","7.17"
"qual o valor do estacionamento do aeroporto de viracopos","2","365","0.55","8.74"
"quanto custa deixar o carro no aeroporto de guarulhos","2","159","1.26","27.42"
"quanto custa o estacionamento do aeroporto de viracopos","2","382","0.52","9.15"
"reserva estacionamento aeroporto curitiba","2","63","3.17","11.86"
"reservar estacionamento aeroporto recife","2","142","1.41","12.52"
"stop park guarulhos","2","1643","0.12","9.29"
"talentos park aeroporto","2","33","6.06","2.91"
"tem estacionamento no aeroporto de congonhas","2","133","1.50","32.84"
"valor da diaria do estacionamento do aeroporto de viracopos","2","259","0.77","9.23"
"valor da diaria estacionamento aeroporto guarulhos","2","107","1.87","35.65"
"valor diaria estacionamento viracopos","2","231","0.87","7.69"
"valor diária estacionamento aeroporto londrina","2","20","10.00","11.90"
"valor do estacionamento do aeroporto de guarulhos","2","911","0.22","18.09"
"valor do estacionamento do aeroporto de joão pessoa","2","48","4.17","9.75"
"valor estacionamento aeroporto congonhas","2","317","0.63","23.19"
"valor estacionamento aeroporto cuiabá","2","30","6.67","6.67"
"valor estacionamento aeroporto guarulhos terminal 2","2","282","0.71","13.84"
"valor estacionamento aeroporto recife 2026","2","37","5.41","4.89"
"valor estacionamento aeroporto vitória es","2","28","7.14","5.96"
"valor para deixar o carro no aeroporto","2","28","7.14","4.71"
"viaje park","2","1635","0.12","9.06"
"vira park viracopos","2","279","0.72","6.92"
"viracopos aeroporto estacionamento","2","469","0.43","15.53"
"viracopos edificio garagem","2","51","3.92","9.02"
"viracopos estacionamento preço","2","164","1.22","9.05"
"yellowparking","2","370","0.54","9.14"
"11 dias","1","3","33.33","6.67"
"2 diarias","1","1","100.00","7.00"
"6 dias","1","9","11.11","4.78"
"7 dias","1","17","5.88","4.18"
"aero park confins","1","1102","0.09","9.04"
"aeropark campinas","1","209","0.48","15.54"
"aeropark reserva","1","16","6.25","3.81"
"aeroparking","1","580","0.17","9.99"
"aeroporto afonso pena","1","11820","0.01","15.61"
"aeroporto brasilia estacionamento","1","75","1.33","28.36"
"aeroporto confins","1","90","1.11","43.29"
"aeroporto confins estacionamento","1","252","0.40","40.05"
"aeroporto de belo horizonte minas gerais","1","11","9.09","1.27"
"aeroporto de brasilia estacionamento","1","512","0.20","42.96"
"aeroporto de confins","1","1924","0.05","11.25"
"aeroporto de confins estacionamento","1","151","0.66","26.74"
"aeroporto de confins fica em qual cidade","1","31","3.23","9.42"
"aeroporto de congonhas","1","123","0.81","19.11"
"aeroporto de congonhas embarque e desembarque","1","6","16.67","16.00"
"aeroporto de congonhas estacionamento próximo","1","134","0.75","33.14"
"aeroporto de congonhas tem estacionamento","1","68","1.47","24.85"
"aeroporto de curitiba estacionamento","1","274","0.36","14.77"
"aeroporto de guarulhos estacionamento","1","579","0.17","50.12"
"aeroporto de maceio estacionamento","1","100","1.00","11.21"
"aeroporto de portugal","1","146","0.68","24.46"
"aeroporto de são paulo/congonhas–deputado freitas nobre","1","23","4.35","2.00"
"aeroporto do recife estacionamento","1","33","3.03","8.36"
"aeroporto francisco sá carneiro","1","8","12.50","2.38"
"aeroporto galeão estacionamento","1","162","0.62","22.84"
"aeroporto guarulhos estacionamento","1","560","0.18","46.82"
"aeroporto lis","1","2020","0.05","8.95"
"aeroporto lisboa","1","2799","0.04","17.30"
"aeroporto lisboa estacionamento","1","2222","0.05","59.45"
"aeroporto salgado filho estacionamento","1","124","0.81","12.36"
"aeroporto viracopos","1","94","1.06","7.38"
"aeroporto viracopos campinas estacionamento","1","170","0.59","27.08"
"aeroporto viracopos estacionamento preço","1","459","0.22","11.43"
"aeroportos lisboa","1","150","0.67","21.17"
"aerporto de navegantes","1","1","100.00","1.00"
"airpark","1","2225","0.04","15.61"
"aonde fica o aeroporto de confins","1","50","2.00","2.24"
"arai estacionamento congonhas","1","229","0.44","6.05"
"arai park estacionamento","1","39","2.56","5.69"
"aropark","1","29","3.45","5.48"
"autorimessa abba","1","1","100.00","4.00"
"av washington luiz, 7135 - são paulo - sp","1","246","0.41","8.96"
"av. novo brasil, 954 – guarulhos, sp, 07221-010","1","85","1.18","7.18"
"avaliações","1","1","100.00","4.00"
"avaliações sobre aero park recife","1","10","10.00","5.70"
"avaliações sobre aeropark confins","1","538","0.19","9.91"
"avaliações sobre aerovalet - estacionamento aeroporto guarulhos","1","253","0.40","10.57"
"avaliações sobre bepark","1","275","0.36","9.03"
"avaliações sobre br parking viracopos","1","975","0.10","10.78"
"avaliações sobre central park confins","1","659","0.15","9.95"
"avaliações sobre congonhas park","1","237","0.42","6.38"
"avaliações sobre congonhas park estacionamento congonhas","1","122","0.82","6.33"
"avaliações sobre decolarpark","1","432","0.23","10.60"
"avaliações sobre estacionamento aeroporto navegantes dummont park","1","204","0.49","8.00"
"avaliações sobre estacionamento bandeira park congonhas","1","40","2.50","7.45"
"avaliações sobre fly park estacionamento aeroporto guarulhos","1","68","1.47","9.78"
"avaliações sobre grand parking estacionamento congonhas","1","665","0.15","10.34"
"avaliações sobre mobiciti congonhas - estacionamento","1","155","0.65","10.24"
"avaliações sobre the parking estacionamento","1","10","10.00","8.00"
"avaliações sobre yellow parking viracopos","1","738","0.14","10.98"
"b park","1","615","0.16","8.81"
"b park estacionamento confins","1","257","0.39","8.44"
"bandeira park estacionamento","1","474","0.21","9.79"
"bandeira park guarulhos","1","607","0.16","13.14"
"bandeira park viracopos reclame aqui","1","25","4.00","9.08"
"bandeira park viracopos é bom","1","133","0.75","9.58"
"bandeirapark","1","396","0.25","8.87"
"bepark estacionamento aeroporto confins","1","322","0.31","8.60"
"bestpark estacionamentos","1","184","0.54","8.91"
"bh estacionamento","1","1","100.00","1.00"
"bh park sdu","1","27","3.70","9.04"
"bhpark santos dumont","1","30","3.33","8.73"
"blue estapar aeroporto curitiba","1","85","1.18","20.44"
"br parking campinas","1","564","0.18","19.05"
"br parking viracopos","1","2623","0.04","13.74"
"brparking campinas","1","267","0.37","10.57"
"central park aeroporto","1","491","0.20","8.98"
"central park aeroporto guarulhos","1","113","0.88","8.29"
"central park estacionamento","1","263","0.38","21.38"
"central park estacionamento confins","1","652","0.15","7.43"
"como funciona o estacionamento do aeroporto de guarulhos","1","39","2.56","49.03"
"como rastrear","1","1","100.00","2.00"
"conect park","1","7","14.29","4.14"
"congonhas airport","1","2","50.00","5.00"
"congonhas park estacionamento congonhas fotos","1","74","1.35","4.36"
"congonhas tem estacionamento","1","5","20.00","3.20"
"connect park aeroporto curitiba","1","27","3.70","6.22"
"connect park estacionamento aeroporto","1","12","8.33","5.58"
"cupom de desconto virapark campinas","1","9","11.11","12.33"
"dame las dos opciones","1","1","100.00","6.00"
"de sexta a domingo","1","1","100.00","3.00"
"de sexta a segunda","1","1","100.00","14.00"
"desconto estacionamento viracopos","1","80","1.25","8.10"
"diaria aeroporto guarulhos","1","461","0.22","17.64"
"diaria estacionamento aeroporto congonhas","1","132","0.76","10.27"
"diaria estacionamento aeroporto fortaleza","1","13","7.69","10.08"
"diaria estacionamento aeroporto londrina","1","5","20.00","4.60"
"diaria estacionamento confins","1","107","0.93","23.31"
"diaria estacionamento congonhas","1","267","0.37","21.22"
"distancia virapark aeroporto viracopos","1","333","0.30","7.94"
"diária de r$ 9,90 a partir da 5ª diária - estacionamento aeroporto confins - multipark","1","78","1.28","10.45"
"diária do estacionamento do aeroporto de guarulhos","1","90","1.11","35.09"
"diária estacionamento santos dumont","1","45","2.22","32.27"
"econo park guarulhos","1","33","3.03","7.45"
"ecopark guarulhos","1","177","0.56","10.99"
"edificio garagem aeroporto viracopos","1","453","0.22","8.67"
"edificio garagem campinas","1","47","2.13","8.94"
"edificio garagem viracopos preço","1","32","3.13","7.97"
"edifício garagem","1","142","0.70","13.76"
"edifício garagem (oficial)","1","20","5.00","8.45"
"embarque aeroporto de confins","1","8","12.50","17.25"
"en turbaco bolívar","1","1","100.00","5.00"
"estacionamento 24 horas recife","1","3","33.33","15.67"
"estacionamento 24 horas rodoviária curitiba","1","2","50.00","19.00"
"estacionamento 24h botafogo","1","1","100.00","5.00"
"estacionamento 24h campinas","1","45","2.22","8.07"
"estacionamento aero park","1","211","0.47","15.88"
"estacionamento aeroporto brasilia valor","1","11","9.09","13.27"
"estacionamento aeroporto campo grande","1","150","0.67","8.36"
"estacionamento aeroporto comgonhas","1","2","50.00","8.00"
"estacionamento aeroporto confins bh","1","66","1.52","44.27"
"estacionamento aeroporto confins preço","1","95","1.05","21.11"
"estacionamento aeroporto congonhas mais barato","1","132","0.76","31.69"
"estacionamento aeroporto congonhas valor","1","73","1.37","26.51"
"estacionamento aeroporto cuiabá","1","39","2.56","10.46"
"estacionamento aeroporto curitiba estapar","1","108","0.93","8.91"
"estacionamento aeroporto curitiba valor","1","172","0.58","9.59"
"estacionamento aeroporto de confins belo horizonte","1","11","9.09","1.82"
"estacionamento aeroporto de cuiaba","1","23","4.35","8.78"
"estacionamento aeroporto de fortaleza","1","36","2.78","7.28"
"estacionamento aeroporto de goiania","1","461","0.22","9.35"
"estacionamento aeroporto de guarulhos barato","1","10","10.00","7.10"
"estacionamento aeroporto de joao pessoa","1","262","0.38","9.58"
"estacionamento aeroporto faro","1","2740","0.04","50.43"
"estacionamento aeroporto fortaleza","1","453","0.22","4.35"
"estacionamento aeroporto galeao","1","202","0.50","19.59"
"estacionamento aeroporto guararapes","1","268","0.37","8.94"
"estacionamento aeroporto guarulhos decolar park","1","233","0.43","6.07"
"estacionamento aeroporto guarulhos diaria","1","114","0.88","39.72"
"estacionamento aeroporto guarulhos econopark","1","51","1.96","5.98"
"estacionamento aeroporto guarulhos mais proximo","1","1","100.00","2.00"
"estacionamento aeroporto joão pessoa valor","1","23","4.35","9.57"
"estacionamento aeroporto maceió","1","131","0.76","11.01"
"estacionamento aeroporto preco","1","18","5.56","1.72"
"estacionamento aeroporto salvador","1","193","0.52","8.96"
"estacionamento aeroporto salvador diaria","1","8","12.50","9.75"
"estacionamento aeroporto santos dumont preço","1","19","5.26","31.42"
"estacionamento aeroporto teresina","1","58","1.72","7.38"
"estacionamento aeroporto valor","1","62","1.61","13.08"
"estacionamento aeroporto viracopos estapar","1","8","12.50","5.25"
"estacionamento aeroporto viracopos valor","1","123","0.81","10.59"
"estacionamento aeroporto vitoria","1","279","0.36","9.46"
"estacionamento aeroporto.curitiba","1","69","1.45","11.01"
"estacionamento aeroporto.recife","1","1","100.00","1.00"
"estacionamento aerovalet","1","41","2.44","4.59"
"estacionamento afonso pena curitiba","1","350","0.29","11.51"
"estacionamento arroporto","1","27","3.70","10.11"
"estacionamento azul confins","1","4","25.00","4.00"
"estacionamento bambuzal aeroporto salvador","1","10","10.00","9.30"
"estacionamento barato aeroporto confins","1","2","50.00","13.00"
"estacionamento barato aeroporto congonhas","1","32","3.13","6.91"
"estacionamento barato no aeroporto de guarulhos","1","5","20.00","5.00"
"estacionamento be park","1","98","1.02","6.17"
"estacionamento bh park santos dumont","1","27","3.70","9.00"
"estacionamento blumenau navegantes","1","8","12.50","5.38"
"estacionamento campinas aeroporto viracopos","1","99","1.01","24.96"
"estacionamento cgh","1","112","0.89","38.98"
"estacionamento cnf","1","28","3.57","36.00"
"estacionamento coberto aeroporto guarulhos","1","648","0.15","45.89"
"estacionamento coberto aeroporto porto alegre","1","7","14.29","14.86"
"estacionamento coberto aeroporto salgado filho","1","9","11.11","11.67"
"estacionamento confins aeroporto","1","209","0.48","27.42"
"estacionamento confins preço","1","15","6.67","11.93"
"estacionamento conginhas","1","7","14.29","9.29"
"estacionamento connect park","1","8","12.50","3.13"
"estacionamento cumbica","1","1198","0.08","31.31"
"estacionamento d viracopos","1","3","33.33","4.33"
"estacionamento de congonhas preço","1","11","9.09","14.64"
"estacionamento decolar","1","427","0.23","7.84"
"estacionamento decolar aeroporto guarulhos","1","226","0.44","6.05"
"estacionamento decolar park guarulhos","1","316","0.32","6.93"
"estacionamento dentro do aeroporto de congonhas preço","1","15","6.67","9.07"
"estacionamento dentro do aeroporto de guarulhos","1","413","0.24","33.93"
"estacionamento dentro viracopos","1","47","2.13","3.45"
"estacionamento do aeroporto congonhas","1","90","1.11","37.69"
"estacionamento do aeroporto de curitiba","1","140","0.71","19.54"
"estacionamento do aeroporto de guarulhos","1","913","0.11","40.32"
"estacionamento do aeroporto de londrina","1","59","1.69","10.85"
"estacionamento do aeroporto de maceió","1","196","0.51","10.11"
"estacionamento do aeroporto do recife","1","59","1.69","7.15"
"estacionamento do aeroporto viracopos","1","199","0.50","4.37"
"estacionamento do terminal rodoviário tietê","1","629","0.16","10.25"
"estacionamento do terminal rodoviário tietê fotos","1","110","0.91","8.54"
"estacionamento do tietê","1","181","0.55","16.85"
"estacionamento dummont navegantes","1","37","2.70","8.81"
"estacionamento e4 salgado filho","1","12","8.33","11.25"
"estacionamento economico aeroporto guarulhos","1","3","33.33","14.33"
"estacionamento economico aeroporto viracopos","1","3","33.33","11.67"
"estacionamento econopark","1","97","1.03","7.81"
"estacionamento edificio garagem viracopos","1","701","0.14","8.04"
"estacionamento edifício garagem viracopos","1","252","0.40","6.75"
"estacionamento em confins","1","171","0.58","33.61"
"estacionamento em congonhas barato","1","49","2.04","7.29"
"estacionamento em congonhas preço","1","31","3.23","3.10"
"estacionamento em frente ao aeroporto de congonhas","1","11","9.09","17.09"
"estacionamento em navegantes","1","153","0.65","14.17"
"estacionamento em sao jose dos pinhais","1","3","33.33","10.67"
"estacionamento em viracopos azul","1","87","1.15","3.01"
"estacionamento em viracopos valor","1","49","2.04","4.20"
"estacionamento express parking congonhas","1","290","0.34","5.53"
"estacionamento f viracopos campinas","1","38","2.63","8.82"
"estacionamento galeão terminal 1","1","26","3.85","45.35"
"estacionamento gru airport","1","293","0.34","42.13"
"estacionamento guarulhos barato","1","89","1.12","27.04"
"estacionamento guarulhos preço","1","896","0.11","39.18"
"estacionamento indigo aeroporto de guarulhos","1","204","0.49","14.14"
"estacionamento joao pessoa aeroporto","1","25","4.00","9.44"
"estacionamento mais barato aeroporto confins","1","11","9.09","2.73"
"estacionamento mensal perto de mim","1","9","11.11","6.44"
"estacionamento mobiciti congonhas","1","205","0.49","7.88"
"estacionamento mobicity","1","180","0.56","8.11"
"estacionamento moto aeroporto congonhas","1","30","3.33","1.00"
"estacionamento moto congonhas","1","3","33.33","1.00"
"estacionamento multipark confins","1","186","0.54","18.80"
"estacionamento no aeroporto congonhas","1","125","0.80","43.30"
"estacionamento no aeroporto de campinas viracopos","1","96","1.04","6.88"
"estacionamento no santos dumont","1","122","0.82","11.17"
"estacionamento oficial","1","17","5.88","3.82"
"estacionamento oficial aeroporto confins","1","163","0.61","4.10"
"estacionamento oficial aeroporto congonhas","1","79","1.27","14.43"
"estacionamento oficial do aeroporto","1","16","6.25","6.63"
"estacionamento oficial economico aeroporto de viracopos","1","228","0.44","16.93"
"estacionamento para aeroporto de guarulhos","1","71","1.41","43.80"
"estacionamento park confins","1","442","0.23","12.06"
"estacionamento park confins é bom","1","26","3.85","10.38"
"estacionamento perto aeroporto","1","84","1.19","26.88"
"estacionamento perto aeroporto afonso pena","1","3","33.33","13.00"
"estacionamento perto aeroporto de congonhas","1","93","1.08","36.48"
"estacionamento perto aeroporto salgado filho","1","11","9.09","11.09"
"estacionamento perto confins","1","14","7.14","16.64"
"estacionamento perto de mim","1","558","0.18","11.53"
"estacionamento perto do aeroporto","1","378","0.26","20.58"
"estacionamento perto do aeroporto de confins","1","102","0.98","22.76"
"estacionamento perto do aeroporto de florianópolis","1","13","7.69","3.77"
"estacionamento perto do aeroporto de guarulhos","1","1980","0.05","38.60"
"estacionamento perto do aeroporto de lisboa","1","13","7.69","39.38"
"estacionamento perto do aeroporto de porto alegre","1","25","4.00","38.76"
"estacionamento perto do aeroporto de salvador","1","11","9.09","9.64"
"estacionamento perto rodoviaria tiete","1","15","6.67","10.13"
"estacionamento porto alegre aeroporto","1","32","3.13","40.09"
"estacionamento poup park - aeroporto guarulhos","1","7","14.29","1.14"
"estacionamento premium park","1","276","0.36","7.00"
"estacionamento proximo a congonhas","1","224","0.45","27.73"
"estacionamento proximo a guarulhos","1","39","2.56","41.59"
"estacionamento proximo aeroporto de congonhas","1","46","2.17","26.89"
"estacionamento proximo aeroporto de florianopolis","1","3","33.33","3.33"
"estacionamento proximo aeroporto de guarulhos","1","56","1.79","48.59"
"estacionamento proximo ao aeroporto confins","1","81","1.23","22.35"
"estacionamento proximo ao aeroporto de brasilia","1","26","3.85","18.42"
"estacionamento proximo ao aeroporto de congonhas","1","190","0.53","29.03"
"estacionamento proximo ao aeroporto de cuiaba","1","32","3.13","11.22"
"estacionamento proximo ao aeroporto guarulhos","1","1044","0.10","46.48"
"estacionamento proximo ao aeroporto salvador","1","6","16.67","12.50"
"estacionamento proximo ao aeroporto santos dumont rj","1","24","4.17","10.79"
"estacionamento proximo ao galeao","1","14","7.14","12.64"
"estacionamento proximo rodoviaria tiete","1","103","0.97","12.03"
"estacionamento próximo a confins","1","5","20.00","20.40"
"estacionamento próximo a rodoviária tietê","1","113","0.88","8.97"
"estacionamento próximo aeroporto de guarulhos","1","655","0.15","47.99"
"estacionamento próximo aeroporto viracopos","1","210","0.48","7.45"
"estacionamento próximo ao aeroporto de salvador","1","8","12.50","9.25"
"estacionamento próximo ao aeroporto salgado filho","1","18","5.56","13.56"
"estacionamento próximo do aeroporto de congonhas","1","14","7.14","6.29"
"estacionamento próximos ao aeroporto de guarulhos","1","50","2.00","42.42"
"estacionamento rodoviaria tiete diaria","1","88","1.14","9.63"
"estacionamento santos dumont aeroporto","1","120","0.83","14.38"
"estacionamento sdu preço","1","20","5.00","15.45"
"estacionamento self park","1","6","16.67","9.83"
"estacionamento shopping tiete","1","4","25.00","2.25"
"estacionamento terminal rodoviário tietê","1","919","0.11","10.88"
"estacionamento the parking congonhas é bom","1","31","3.23","5.94"
"estacionamento tiete 24h","1","183","0.55","9.36"
"estacionamento tiete rodoviaria","1","228","0.44","15.54"
"estacionamento tiete sp","1","75","1.33","9.25"
"estacionamento tiete valor","1","220","0.45","9.01"
"estacionamento tietê 24 horas","1","44","2.27","10.52"
"estacionamento urban park guarulhos","1","2710","0.04","11.14"
"estacionamento urban park guarulhos é bom","1","1","100.00","1.00"
"estacionamento viracopos coberto","1","106","0.94","7.42"
"estacionamento viracopos dentro do aeroporto","1","185","0.54","4.30"
"estacionamento viracopos desconto azul","1","29","3.45","15.07"
"estacionamento viracopos estapar","1","68","1.47","38.69"
"estacionamento viracopos garageinn","1","103","0.97","3.98"
"estacionamento viracopos preco","1","118","0.85","9.57"
"estacionamento viracopos sem parar","1","35","2.86","6.86"
"estacionamento viracopos valor","1","507","0.20","11.30"
"estacionamento viracopus","1","218","0.46","31.44"
"estacionamento.aeroporto","1","45","2.22","11.62"
"estacionamentos aeroporto","1","71","1.41","31.99"
"estacionamentos aeroporto de viracopos","1","9","11.11","3.11"
"estacionamentos aeroporto porto alegre","1","17","5.88","16.12"
"estacionamentos confins","1","105","0.95","40.38"
"estacionamentos em curitiba","1","17","5.88","52.47"
"estacionamentos no aeroporto afonso pena","1","24","4.17","32.08"
"estacionamentos no aeroporto de guarulhos","1","206","0.49","56.04"
"estacionamentos perto de mim","1","68","1.47","14.75"
"estacionamentos perto do aeroporto","1","73","1.37","21.88"
"estacionamentos perto do aeroporto afonso pena","1","25","4.00","9.44"
"estacionamentos perto do aeroporto de curitiba","1","87","1.15","9.28"
"estacionamentos perto do aeroporto de guarulhos","1","212","0.47","33.87"
"estacionamentos proximo aeroporto confins","1","12","8.33","8.17"
"estacionamentos proximo aeroporto congonhas","1","60","1.67","21.55"
"estacionamentos proximos aeroporto congonhas","1","17","5.88","9.76"
"estacionamentos proximos aeroporto guarulhos","1","118","0.85","43.88"
"estacionamentos proximos ao aeroporto salgado filho","1","16","6.25","10.88"
"estacionamentos próximo aeroporto de guarulhos","1","82","1.22","41.59"
"estacionamentos próximo ao aeroporto de brasília","1","10","10.00","22.30"
"estacionamiento aeropuerto","1","17","5.88","14.35"
"estacionamneto viracopos","1","25","4.00","5.88"
"estacionar em congonhas","1","7","14.29","33.57"
"estacionar no aeroporto","1","6","16.67","23.67"
"estacionar no aeroporto de confins","1","37","2.70","24.73"
"estacionar no aeroporto de guarulhos","1","93","1.08","36.77"
"estacione tiete","1","179","0.56","17.06"
"estapar aeroporto de viracopos (vcp)","1","157","0.64","10.91"
"estapar aeroporto londrina","1","20","5.00","18.85"
"estapar aeroporto navegantes","1","39","2.56","9.56"
"estapar congonhas","1","70","1.43","57.04"
"estapar estacionamento aeroporto curitiba","1","263","0.38","9.80"
"estapar estacionamentos off site aeroporto salgado filho (poa)","1","1","100.00","1.00"
"estapar galeao rj","1","38","2.63","9.84"
"estavionamento congonhas","1","8","12.50","5.13"
"express park","1","185","0.54","12.21"
"express park aeroporto curitiba","1","110","0.91","10.17"
"express park curitiba","1","67","1.49","8.10"
"facility estacionamento congonhas","1","255","0.39","10.74"
"fotos do aeroporto de lisboa","1","294","0.34","1.02"
"garagein","1","533","0.19","9.26"
"garageinn estacionamentos","1","9","11.11","7.00"
"garageinn viracopos é bom","1","221","0.45","8.14"
"garagem aeroporto salgado filho","1","14","7.14","11.43"
"grandparking","1","450","0.22","3.58"
"hangar vip aeroporto","1","53","1.89","7.21"
"imagens de aeroporto afonso pena","1","1686","0.06","2.56"
"imagens de aeroporto tancredo neves","1","20","5.00","5.90"
"imagens de airport park gru","1","5","20.00","3.40"
"imagens de garageinn viracopos - estacione dentro do aeroporto de viracopos","1","159","0.63","8.36"
"imagens do aeroporto de lisboa","1","198","0.51","1.11"
"indigo estacionamento","1","568","0.18","10.06"
"indigo estacionamento guarulhos","1","210","0.48","13.48"
"links","1","2","50.00","3.00"
"lisboa portugal aeroporto","1","93","1.08","17.40"
"lmg 800 km 11,5 confins/mg","1","204","0.49","6.94"
"loca park","1","20","5.00","4.50"
"locapark","1","47","2.13","7.15"
"mapa estacionamento aeroporto salgado filho","1","5","20.00","26.20"
"mapa terminais aeroporto guarulhos","1","1","100.00","2.00"
"mavepark","1","1","100.00","1.00"
"mcdonald's aeroporto congonhas","1","25","4.00","5.08"
"me fale mais sobre isso","1","1","100.00","5.00"
"melhor estacionamento aeroporto de guarulhos","1","5","20.00","10.20"
"melhor estacionamento aeroporto lisboa","1","686","0.15","38.95"
"mobiciti estacionamento","1","376","0.27","10.82"
"mobicity congonhas","1","844","0.12","7.52"
"mobicity estacionamento congonhas","1","532","0.19","6.73"
"movapark","1","4","25.00","2.75"
"movepark gru – aeroporto guarulhos","1","167","0.60","3.83"
"multipark aeroporto confins","1","27","3.70","11.22"
"muvipark","1","2","50.00","2.50"
"nation park","1","162","0.62","3.73"
"nikkey estacionamento","1","185","0.54","7.70"
"o que fazer no aeroporto de lisboa","1","7","14.29","21.43"
"onde comer barato no aeroporto de congonhas","1","1","100.00","1.00"
"onde deixar o carro em viracopos","1","11","9.09","4.45"
"onde deixar o carro no aeroporto de congonhas","1","50","2.00","2.14"
"onde deixar o carro no aeroporto de guarulhos","1","117","0.85","21.49"
"onde estacionar aeroporto viracopos","1","29","3.45","3.55"
"onde estacionar o carro no aeroporto de viracopos","1","23","4.35","2.35"
"onde fica confins aeroporto","1","125","0.80","4.55"
"onde parar o carro no aeroporto de guarulhos","1","12","8.33","1.00"
"one parking","1","161","0.62","6.84"
"pare bem aeroporto curitiba","1","299","0.33","9.29"
"parebem","1","13","7.69","5.92"
"park confins oficial","1","64","1.56","9.31"
"park confins oficial estacionamento 24h","1","128","0.78","23.81"
"park premium confins","1","252","0.40","7.61"
"parking viracopos","1","50","2.00","4.84"
"parque congonhas","1","1","100.00","3.00"
"patio confins estacionamento","1","787","0.13","7.05"
"plenty park estacionamento","1","162","0.62","6.70"
"ponce estacionamento","1","97","1.03","11.82"
"ponce park guarulhos","1","240","0.42","11.75"
"preco do estacionamento do aeroporto","1","4","25.00","7.25"
"preco estacionamento gru","1","293","0.34","18.66"
"premium park estacionamento","1","333","0.30","7.00"
"premium.park confins","1","72","1.39","7.67"
"preço diaria estacionamento viracopos","1","154","0.65","7.08"
"preço estacionamento aeroporto guarulhos","1","1115","0.09","24.27"
"preço estacionamento aeroporto santos dumont","1","19","5.26","22.68"
"preço estacionamento confins","1","45","2.22","15.16"
"preço estacionamento guarulhos","1","572","0.17","42.38"
"preço estacionamento viracopos campinas","1","67","1.49","10.43"
"qual estacionamento fica dentro do aeroporto de viracopos","1","119","0.84","5.86"
"qual estacionamento mais barato aeroporto guarulhos","1","13","7.69","1.00"
"qual estacionamento mais barato em confins","1","37","2.70","9.16"
"qual o estacionamento dentro do aeroporto de viracopos","1","104","0.96","3.15"
"qual o mais proximo?","1","1","100.00","1.00"
"qual o preço do estacionamento do aeroporto de guarulhos","1","104","0.96","23.87"
"qual o valor","1","4","25.00","2.75"
"qual o valor da diária do estacionamento do aeroporto de guarulhos","1","118","0.85","22.04"
"qual o valor da diária no aeroporto de guarulhos","1","132","0.76","22.07"
"qual o valor do estacionamento do aeroporto de confins","1","32","3.13","4.16"
"qual o valor do estacionamento do aeroporto de congonhas","1","117","0.85","5.69"
"qual o valor do estacionamento do galeão","1","8","12.50","8.25"
"qual o valor do estacionamento no aeroporto de confins","1","58","1.72","4.95"
"qual o valor do estacionamento no aeroporto de curitiba","1","31","3.23","8.26"
"qual valor diaria estacionamento aeroporto guarulhos","1","57","1.75","36.67"
"qual valor do estacionamento do aeroporto de guarulhos","1","245","0.41","20.70"
"qual é o estacionamento dentro do aeroporto de congonhas","1","25","4.00","2.96"
"quanto custa deixar carro no aeroporto","1","16","6.25","30.75"
"quanto custa deixar o carro no aeroporto","1","90","1.11","15.92"
"quanto custa deixar o carro no aeroporto de congonhas","1","46","2.17","2.02"
"quanto custa deixar o carro no estacionamento do aeroporto","1","31","3.23","25.94"
"quanto custa estacionamento no aeroporto de guarulhos","1","199","0.50","21.16"
"quanto custa o estacionamento do aeroporto de guarulhos","1","405","0.25","18.07"
"quanto é o estacionamento do aeroporto","1","60","1.67","15.48"
"queria um mais em conta","1","1","100.00","4.00"
"quero","1","6","16.67","2.67"
"quero o link","1","1","100.00","1.00"
"quero sim","1","1","100.00","1.00"
"recife parking","1","4","25.00","25.50"
"reserva digital","1","1","100.00","4.00"
"reserva estacionamento aeroporto guarulhos","1","170","0.59","33.99"
"reservar estacionamento viracopos","1","12","8.33","4.67"
"rodoviaria tiete estacionamento","1","548","0.18","11.93"
"rua joaquina de jesus 745 guarulhos","1","257","0.39","10.38"
"rua lapa vermelha 180 - confins/mg","1","328","0.30","6.56"
"santos dumont aeroporto estacionamento","1","57","1.75","13.98"
"santos dumont estacionamento","1","81","1.23","17.41"
"self park","1","170","0.59","8.48"
"sim, por favor","1","1","100.00","1.00"
"site","1","1","100.00","1.00"
"sky park","1","693","0.14","14.98"
"skypark aeroporto lisboa","1","33","3.03","6.55"
"tabela de valores","1","1","100.00","6.00"
"telefone do estacionamento do aeroporto de recife","1","42","2.38","14.93"
"tem estacionamento no aeroporto santos dumont","1","15","6.67","6.13"
"tem no rio?","1","1","100.00","1.00"
"urban park","1","2050","0.05","11.50"
"urban park gru","1","470","0.21","12.34"
"urban park guarulhos","1","1576","0.06","11.61"
"valor da diaria no estacionamento do aeroporto de guarulhos","1","100","1.00","25.14"
"valor diaria estacionamento aeroporto afonso pena","1","121","0.83","7.24"
"valor diaria estacionamento aeroporto congonhas","1","120","0.83","1.66"
"valor diaria estacionamento confins","1","40","2.50","10.10"
"valor diária estacionamento aeroporto maringá","1","24","4.17","1.29"
"valor diária estacionamento aeroporto recife","1","18","5.56","17.89"
"valor diária estacionamento galeão","1","96","1.04","48.75"
"valor do estacionamento aeroporto","1","16","6.25","6.44"
"valor do estacionamento da rodoviária tietê","1","225","0.44","9.65"
"valor do estacionamento de viracopos","1","126","0.79","9.38"
"valor do estacionamento do aeroporto de campinas","1","169","0.59","9.52"
"valor do estacionamento do aeroporto de curitiba","1","179","0.56","8.91"
"valor do estacionamento do aeroporto de recife","1","113","0.88","26.13"
"valor do estacionamento do aeroporto de recife 2026","1","7","14.29","5.71"
"valor do estacionamento do aeroporto de recife por hora","1","42","2.38","10.21"
"valor do estacionamento em congonhas","1","13","7.69","2.85"
"valor do estacionamento no aeroporto de recife","1","3","33.33","8.00"
"valor do estacionamento no aeroporto santos dumont","1","35","2.86","27.91"
"valor estacionamento aeroporto brasília","1","89","1.12","23.47"
"valor estacionamento aeroporto confins","1","299","0.33","10.58"
"valor estacionamento aeroporto joao pessoa","1","41","2.44","10.80"
"valor estacionamento aeroporto maceió","1","43","2.33","12.05"
"valor estacionamento aeroporto salgado filho","1","14","7.14","6.29"
"valor estacionamento aeroporto santos dumont 2025","1","7","14.29","1.00"
"valor estacionamento aeroporto viracopos campinas","1","323","0.31","9.73"
"valor estacionamento congonhas aeroporto","1","5","20.00","1.20"
"valor estacionamento dentro aeroporto guarulhos","1","292","0.34","11.51"
"valor estacionamento galeao","1","73","1.37","25.03"
"valor estacionamento rodoviária tietê","1","652","0.15","10.33"
"valor estacionamento viracopos campinas","1","146","0.68","9.90"
"valores do estacionamento do aeroporto de guarulhos","1","64","1.56","27.75"
"valores estacionamento aeroporto","1","22","4.55","6.77"
"valores?","1","1","100.00","2.00"
"verapark","1","7","14.29","4.57"
"verpark","1","5","20.00","3.60"
"viaje park guarulhos","1","1679","0.06","9.32"
"viracopos aeroparking","1","921","0.11","15.69"
"virapark reserva","1","32","3.13","2.19"
"virapark vcp","1","289","0.35","4.75"
"virapark viracopos é bom","1","223","0.45","8.99"
"virpark","1","11","9.09","2.82"
"vix park estacionamento","1","18","5.56","9.39"
"vixpark estacionamento","1","5","20.00","9.80"
"yellow estacionamento campinas","1","234","0.43","11.21"
"yellow park","1","448","0.22","10.74"
"yellow park congonhas","1","154","0.65","9.12"
"yellow parking","1","1727","0.06","9.18"
"yellow parking campinas","1","381","0.26","9.96"
"""air cad sky park""","0","1","0.00","10.00"
"""clkngiujscpalk""","0","8","0.00","2.88"
"""fpark estacionamento""","0","13","0.00","8.31"
"""fpark estacionamento"" curitiba","0","15","0.00","8.53"
"""fpark estacionamento"" estacionamento","0","2","0.00","10.00"
"""ponce park""","0","2","0.00","11.50"
"+""clkngiujscpalk""","0","2","0.00","3.00"
"-site:""play.google.com"" inurl:""com.mcp.parcking""","0","3","0.00","118.00"
"07 dias","0","1","0.00","7.00"
"07190-100","0","2","0.00","74.00"
"1","0","2","0.00","3.50"
"1 dia","0","2","0.00","3.50"
"1 mês e 15 dias","0","1","0.00","4.00"
"10","0","2","0.00","2.50"
"10 dias","0","4","0.00","2.00"
"10,99","0","1","0.00","8.00"
"12 dias","0","6","0.00","5.67"
"13 dias","0","2","0.00","3.00"
"14 dias","0","1","0.00","17.00"
"15 dias","0","1","0.00","1.00"
"16 dias","0","1","0.00","4.00"
"17 dias","0","2","0.00","3.00"
"2 dias","0","4","0.00","3.50"
"2 semanas","0","1","0.00","5.00"
"22 dias","0","1","0.00","4.00"
"222 park","0","5","0.00","8.00"
"222 parking","0","1","0.00","12.00"
"23 dias","0","1","0.00","1.00"
"24 dias","0","1","0.00","12.00"
"24 horas","0","1","0.00","1.00"
"24h carpark","0","25","0.00","45.40"
"3 dias","0","13","0.00","5.31"
"3 diárias","0","1","0.00","5.00"
"3 horas","0","1","0.00","5.00"
"3 noites","0","1","0.00","5.00"
"30 minutos","0","1","0.00","3.00"
"33500-000","0","5","0.00","81.80"
"4","0","3","0.00","4.00"
"4 diarias","0","2","0.00","2.50"
"48 horas","0","1","0.00","5.00"
"5","0","1","0.00","7.00"
"5 a 8 de setembro","0","1","0.00","5.00"
"5 dias","0","10","0.00","5.00"
"5 diárias","0","1","0.00","4.00"
"6","0","2","0.00","8.50"
"6 diarias","0","1","0.00","7.00"
"7","0","1","0.00","5.00"
"8 dias","0","10","0.00","4.90"
"9 dias","0","2","0.00","9.00"
"a dia","0","1","0.00","2.00"
"a park","0","1","0.00","59.00"
"a que horas abre o aeroporto de lisboa","0","2","0.00","18.00"
"a que horas fecha o aeroporto de lisboa","0","5","0.00","11.80"
"a1 express parking","0","1","0.00","42.00"
"a380 airbus","0","2","0.00","2.00"
"a380 capacidade","0","1","0.00","2.00"
"aarepark","0","1","0.00","8.00"
"aba park","0","78","0.00","6.85"
"aba parking","0","4","0.00","20.25"
"abapark","0","9","0.00","4.44"
"abas estacionamiento","0","1","0.00","4.00"
"abb park","0","28","0.00","6.71"
"abba","0","1","0.00","2.00"
"abba login","0","8","0.00","6.38"
"abba park aeroporto","0","160","0.00","4.20"
"abba park reclame aqui","0","1","0.00","3.00"
"abba parking","0","39","0.00","4.36"
"abba parque","0","45","0.00","17.80"
"abba.com parked","0","4","0.00","8.25"
"abbas estacionamiento","0","3","0.00","7.67"
"abbas park","0","1","0.00","3.00"
"abbe park","0","2","0.00","8.50"
"abo park","0","1","0.00","2.00"
"abpark","0","1","0.00","7.00"
"abparks","0","1","0.00","4.00"
"abra park","0","7","0.00","4.57"
"abra parking","0","1","0.00","18.00"
"abt park","0","2","0.00","76.00"
"ac park estacionamentos","0","1","0.00","92.00"
"academia no aeroporto de guarulhos","0","1","0.00","1.00"
"acesso ao aeroporto de guarulhos","0","7","0.00","1.00"
"acesso park estacionamento aeroporto curitiba são josé dos pinhais","0","24","0.00","8.42"
"acm guarulhos preços","0","1","0.00","1.00"
"acquamotion estacionamento","0","7","0.00","1.00"
"aepark","0","5","0.00","3.00"
"aer park","0","1","0.00","12.00"
"aereo park","0","5","0.00","6.20"
"aereopark","0","5","0.00","30.60"
"aereoporto lisboa","0","2","0.00","4.50"
"aeripark","0","3","0.00","7.00"
"aeriporto de lisboa","0","1","0.00","13.00"
"aeriporto lisboa","0","2","0.00","7.50"
"aero","0","2","0.00","1.00"
"aero confins","0","1","0.00","2.00"
"aero congonhas","0","1","0.00","49.00"
"aero curitiba","0","2","0.00","11.50"
"aero estacionamento","0","54","0.00","36.41"
"aero park campinas","0","51","0.00","10.51"
"aero park estacionamento guarulhos","0","82","0.00","6.04"
"aero park hotel","0","7","0.00","47.29"
"aero park londrina","0","2","0.00","56.00"
"aero park prudente","0","5","0.00","10.20"
"aero park viracopos","0","52","0.00","10.67"
"aero parking","0","23","0.00","7.65"
"aero parks","0","4","0.00","13.00"
"aero porto afonso pena","0","1","0.00","11.00"
"aero porto curitiba","0","2","0.00","11.50"
"aero porto de recife","0","1","0.00","2.00"
"aero sleep viracopos","0","4","0.00","4.75"
"aero valet","0","71","0.00","5.79"
"aero viracopos","0","1","0.00","4.00"
"aero.park","0","17","0.00","6.82"
"aeroark","0","10","0.00","5.00"
"aerobus lisboa","0","1","0.00","1.00"
"aerogru horario","0","1","0.00","4.00"
"aerolineas argentinas","0","1","0.00","4.00"
"aerolineas argentinas guarulhos","0","1","0.00","3.00"
"aerolineas argentinas terminal guarulhos","0","1","0.00","1.00"
"aeromix aeroporto congonhas","0","5","0.00","11.60"
"aeromix park","0","1","0.00","10.00"
"aeromovel guarulhos mapa","0","1","0.00","22.00"
"aeronpark","0","1","0.00","5.00"
"aeropaek","0","26","0.00","6.04"
"aeroparc","0","1","0.00","58.00"
"aeroparck","0","33","0.00","6.33"
"aeropark - estacionamento aeroporto de guarulhos cumbica guarulhos","0","13","0.00","5.85"
"aeropark - várzea grande","0","16","0.00","13.19"
"aeropark 2","0","1","0.00","11.00"
"aeropark belépő","0","1","0.00","47.00"
"aeropark confins é confiável","0","46","0.00","10.13"
"aeropark cuiaba","0","7","0.00","11.29"
"aeropark estacionamento aeroporto de guarulhos cumbica","0","74","0.00","12.58"
"aeropark estacionamiento","0","11","0.00","6.36"
"aeropark glorinha","0","3","0.00","11.00"
"aeropark guarulhos e bom","0","1","0.00","1.00"
"aeropark guarulhos endereço","0","9","0.00","6.22"
"aeropark guarulhos é bom","0","79","0.00","3.34"
"aeropark hotel londrina","0","1","0.00","46.00"
"aeropark lisboa","0","32","0.00","48.47"
"aeropark logo","0","2","0.00","1.00"
"aeropark londrina","0","2","0.00","40.00"
"aeropark medellin","0","1","0.00","39.00"
"aeropark official website","0","5","0.00","5.00"
"aeropark parking","0","3","0.00","1.00"
"aeropark presidente prudente","0","3","0.00","32.00"
"aeropark rionegro","0","1","0.00","38.00"
"aeropark shop","0","1","0.00","50.00"
"aeropark varzea grande","0","7","0.00","10.86"
"aeropark viracopos","0","96","0.00","9.03"
"aeropark várzea grande","0","11","0.00","17.64"
"aeropark webshop","0","1","0.00","43.00"
"aeropark.","0","6","0.00","7.67"
"aeroparkin","0","4","0.00","6.50"
"aeroparking - estacionamento aeroporto cascavel","0","12","0.00","10.42"
"aeroparking campinas","0","159","0.00","48.87"
"aeroparking estacionamento","0","115","0.00","28.73"
"aeroparking estacionamento palmas-to","0","4","0.00","43.75"
"aeroparking hmo","0","1","0.00","43.00"
"aeroparking official website","0","1","0.00","9.00"
"aeroparking viracopos","0","402","0.00","34.43"
"aeroparkingatc","0","1","0.00","7.00"
"aeroparks","0","11","0.00","50.82"
"aeroparkvg","0","1","0.00","10.00"
"aeroparl","0","58","0.00","8.74"
"aeroparque","0","1","0.00","53.00"
"aeroparque estacionamiento","0","3","0.00","1.67"
"aeroparque guarulhos","0","5","0.00","11.60"
"aeroparque lisboa","0","8","0.00","56.50"
"aeropatk","0","10","0.00","5.50"
"aeropk","0","28","0.00","7.04"
"aeropoark","0","13","0.00","6.00"
"aeropoeto lisboa","0","1","0.00","1.00"
"aeropork","0","9","0.00","5.89"
"aeroporo de lisboa","0","1","0.00","9.00"
"aeroporo lisboa","0","3","0.00","10.67"
"aeroporot lisboa","0","1","0.00","1.00"
"aeroport curitiba","0","2","0.00","12.00"
"aeroport de lisboa","0","3","0.00","56.00"
"aeroport de lisbonne","0","2","0.00","70.50"
"aeroport humberto delgado","0","1","0.00","11.00"
"aeroport lisboa","0","9","0.00","18.22"
"aeroporto 2","0","1","0.00","1.00"
"aeroporto 24 horas","0","2","0.00","10.00"
"aeroporto afinso pena","0","2","0.00","12.50"
"aeroporto afonso","0","16","0.00","47.50"
"aeroporto afonso oena","0","10","0.00","13.90"
"aeroporto afonso pena curitiba","0","413","0.00","16.64"
"aeroporto afonso pena desembarque","0","46","0.00","26.61"
"aeroporto afonso pena em curitiba","0","42","0.00","30.29"
"aeroporto afonso pena embarque","0","15","0.00","37.33"
"aeroporto afonso pena endereço","0","43","0.00","20.37"
"aeroporto afonso pena fica onde","0","13","0.00","7.85"
"aeroporto afonso pena fotos","0","1","0.00","78.00"
"aeroporto afonso pena hoje","0","7","0.00","11.71"
"aeroporto afonso pena horário de funcionamento","0","2","0.00","8.00"
"aeroporto afonso pena localiza","0","1","0.00","1.00"
"aeroporto afonso pena lojas","0","24","0.00","12.54"
"aeroporto afonso pena mapa","0","2","0.00","62.50"
"aeroporto afonso pena onde fica","0","374","0.00","10.51"
"aeroporto afonso pena restaurantes","0","2","0.00","24.00"
"aeroporto afonso pena são josé dos pinhais","0","3","0.00","36.00"
"aeroporto afonso pena telefone","0","2","0.00","39.00"
"aeroporto afonso pena vagas","0","3","0.00","47.00"
"aeroporto afonso penna","0","2","0.00","50.50"
"aeroporto afonso.pena","0","4","0.00","12.25"
"aeroporto agonso pena","0","4","0.00","12.00"
"aeroporto alfonso pena","0","7","0.00","12.00"
"aeroporto ana estacionamento","0","3","0.00","38.00"
"aeroporto andre franco montoro","0","1","0.00","3.00"
"aeroporto bacacheri","0","1","0.00","2.00"
"aeroporto bayeux","0","1","0.00","2.00"
"aeroporto beja","0","2","0.00","2.50"
"aeroporto belo horizonte","0","15","0.00","9.73"
"aeroporto belo horizonte confins","0","7","0.00","3.43"
"aeroporto belo horizonte mg","0","2","0.00","1.00"
"aeroporto berlim","0","1","0.00","9.00"
"aeroporto bh","0","9","0.00","2.00"
"aeroporto bh confins","0","6","0.00","3.17"
"aeroporto bh estacionamento","0","5","0.00","2.40"
"aeroporto bhz belo horizonte","0","1","0.00","2.00"
"aeroporto blog","0","1","0.00","72.00"
"aeroporto bogotá","0","1","0.00","3.00"
"aeroporto bsb","0","1","0.00","1.00"
"aeroporto bsb estacionamento","0","1","0.00","79.00"
"aeroporto bue","0","5","0.00","1.00"
"aeroporto campinas","0","3","0.00","1.67"
"aeroporto campinas endereço","0","1","0.00","36.00"
"aeroporto campinas sao paulo","0","2","0.00","93.00"
"aeroporto campinas sp","0","1","0.00","2.00"
"aeroporto campinas vcp","0","3","0.00","69.33"
"aeroporto campinas viracopos","0","1","0.00","4.00"
"aeroporto carlos drummond de andrade","0","1","0.00","3.00"
"aeroporto casablanca","0","1","0.00","1.00"
"aeroporto cascavel estacionamento","0","2","0.00","3.00"
"aeroporto centro de sao paulo","0","1","0.00","1.00"
"aeroporto cep","0","1","0.00","1.00"
"aeroporto cgb onde fica","0","9","0.00","8.67"
"aeroporto cgh","0","9","0.00","1.00"
"aeroporto cgh estacionamento","0","6","0.00","1.17"
"aeroporto cgh onde fica","0","9","0.00","60.22"
"aeroporto cgh são paulo","0","1","0.00","1.00"
"aeroporto charles de gaulle","0","1","0.00","5.00"
"aeroporto cnf","0","6","0.00","3.67"
"aeroporto cnf belo horizonte","0","1","0.00","2.00"
"aeroporto cnf bh","0","1","0.00","2.00"
"aeroporto cnf onde fica","0","201","0.00","7.14"
"aeroporto coimbra","0","1","0.00","4.00"
"aeroporto comfins","0","1","0.00","3.00"
"aeroporto como chegar","0","1","0.00","1.00"
"aeroporto confina","0","1","0.00","4.00"
"aeroporto confins belo horizonte","0","1","0.00","3.00"
"aeroporto confins bh","0","4","0.00","3.50"
"aeroporto confins bh estacionamento","0","5","0.00","58.20"
"aeroporto confins endereço","0","17","0.00","3.12"
"aeroporto confins estacionamento oficial","0","42","0.00","5.50"
"aeroporto confins fica em qual cidade","0","1","0.00","13.00"
"aeroporto confins fica onde","0","1","0.00","1.00"
"aeroporto confins hoje","0","10","0.00","1.00"
"aeroporto confins hotel proximo","0","1","0.00","2.00"
"aeroporto confins mg","0","1","0.00","68.00"
"aeroporto confins minas gerais","0","1","0.00","5.00"
"aeroporto confins nome","0","1","0.00","12.00"
"aeroporto confins restaurantes","0","1","0.00","6.00"
"aeroporto confins sigla","0","9","0.00","9.44"
"aeroporto confis","0","1","0.00","100.00"
"aeroporto congonhas","0","56","0.00","46.89"
"aeroporto congonhas bairro","0","1","0.00","14.00"
"aeroporto congonhas cgh","0","1","0.00","1.00"
"aeroporto congonhas desembarque","0","1","0.00","2.00"
"aeroporto congonhas endereco","0","1","0.00","1.00"
"aeroporto congonhas endereço","0","6","0.00","66.50"
"aeroporto congonhas estacionamento diaria","0","2","0.00","6.00"
"aeroporto congonhas estacionamento oficial","0","3","0.00","4.33"
"aeroporto congonhas estacionamento preço","0","25","0.00","34.76"
"aeroporto congonhas horario funcionamento","0","1","0.00","69.00"
"aeroporto congonhas lojas","0","2","0.00","38.50"
"aeroporto congonhas mcdonalds","0","3","0.00","1.00"
"aeroporto congonhas sp","0","1","0.00","3.00"
"aeroporto congonhas terminal 1","0","1","0.00","1.00"
"aeroporto coritiba","0","1","0.00","3.00"
"aeroporto cpq","0","1","0.00","1.00"
"aeroporto cuiaba","0","1","0.00","10.00"
"aeroporto cuiaba estacionamento","0","67","0.00","14.45"
"aeroporto cumbica","0","11","0.00","1.00"
"aeroporto cumbica endereço","0","7","0.00","84.57"
"aeroporto cumbica estacionamento","0","5","0.00","40.60"
"aeroporto cumbica guarulhos","0","2","0.00","1.00"
"aeroporto cumbica onde fica","0","2","0.00","29.50"
"aeroporto curitba","0","8","0.00","11.75"
"aeroporto curitiba","0","4894","0.00","11.83"
"aeroporto curitiba afonso pena","0","21","0.00","31.81"
"aeroporto curitiba agora","0","2","0.00","60.00"
"aeroporto curitiba cwb","0","4","0.00","46.75"
"aeroporto curitiba endereço","0","4","0.00","36.50"
"aeroporto curitiba estacionamento valor","0","12","0.00","9.92"
"aeroporto curitiba pr","0","2","0.00","31.50"
"aeroporto curitiba vagas","0","1","0.00","69.00"
"aeroporto curitiva","0","11","0.00","16.91"
"aeroporto curtiba","0","8","0.00","10.88"
"aeroporto cwb","0","5","0.00","34.60"
"aeroporto cwb curitiba","0","2","0.00","1.50"
"aeroporto cwb curitiba endereço","0","3","0.00","99.33"
"aeroporto cwb estacionamento","0","25","0.00","12.84"
"aeroporto cwb onde fica","0","16","0.00","40.44"
"aeroporto d elisboa","0","6","0.00","9.33"
"aeroporto da lisboa","0","7","0.00","36.29"
"aeroporto da pampulha","0","1","0.00","3.00"
"aeroporto da pampulha está funcionando","0","1","0.00","3.00"
"aeroporto da portela","0","1","0.00","2.00"
"aeroporto da terceira","0","1","0.00","3.00"
"aeroporto de","0","1","0.00","1.00"
"aeroporto de afonso pena","0","55","0.00","13.44"
"aeroporto de aracaju estacionamento","0","1","0.00","3.00"
"aeroporto de bacacheri","0","3","0.00","2.67"
"aeroporto de belem","0","1","0.00","4.00"
"aeroporto de belem estacionamento","0","2","0.00","1.50"
"aeroporto de belo horizonte","0","46","0.00","2.04"
"aeroporto de belo horizonte cnf","0","2","0.00","2.00"
"aeroporto de belo horizonte confins","0","5","0.00","2.60"
"aeroporto de belo horizonte nome","0","1","0.00","3.00"
"aeroporto de belo horizonte por dentro","0","2","0.00","4.50"
"aeroporto de belo.horizonte","0","1","0.00","2.00"
"aeroporto de berlim","0","2","0.00","1.00"
"aeroporto de bh","0","11","0.00","2.09"
"aeroporto de bh confins","0","6","0.00","11.17"
"aeroporto de brasília","0","1","0.00","12.00"
"aeroporto de brasília estacionamento","0","14","0.00","26.21"
"aeroporto de ca","0","2","0.00","1.00"
"aeroporto de campina grande","0","1","0.00","4.00"
"aeroporto de campinas","0","31","0.00","6.16"
"aeroporto de campinas desembarque","0","1","0.00","2.00"
"aeroporto de campinas nome","0","3","0.00","65.67"
"aeroporto de campinas sigla","0","1","0.00","71.00"
"aeroporto de campinas são paulo","0","2","0.00","8.50"
"aeroporto de campinas vcp","0","1","0.00","1.00"
"aeroporto de campinas viracopos","0","3","0.00","3.00"
"aeroporto de cnf","0","1","0.00","2.00"
"aeroporto de cofins","0","5","0.00","4.20"
"aeroporto de colonia","0","1","0.00","4.00"
"aeroporto de confina","0","1","0.00","10.00"
"aeroporto de confins agora","0","7","0.00","1.00"
"aeroporto de confins belo horizonte","0","11","0.00","5.45"
"aeroporto de confins bh","0","6","0.00","7.67"
"aeroporto de confins cep","0","3","0.00","2.00"
"aeroporto de confins cnf","0","1","0.00","2.00"
"aeroporto de confins como chegar","0","18","0.00","12.67"
"aeroporto de confins em belo horizonte","0","1","0.00","2.00"
"aeroporto de confins em belo horizonte localizacao","0","10","0.00","10.90"
"aeroporto de confins em bh","0","3","0.00","89.67"
"aeroporto de confins endereço","0","44","0.00","10.18"
"aeroporto de confins estacionamento oficial","0","97","0.00","6.74"
"aeroporto de confins estacionamento preço","0","1","0.00","13.00"
"aeroporto de confins está fechado hoje","0","1","0.00","5.00"
"aeroporto de confins fotos","0","20","0.00","1.90"
"aeroporto de confins hoje","0","9","0.00","9.33"
"aeroporto de confins internacional","0","1","0.00","78.00"
"aeroporto de confins localização","0","5","0.00","2.80"
"aeroporto de confins mapa","0","3","0.00","3.33"
"aeroporto de confins mg","0","3","0.00","2.67"
"aeroporto de confins minas gerais","0","7","0.00","19.86"
"aeroporto de confins nome","0","11","0.00","1.00"
"aeroporto de confins onde fica","0","440","0.00","9.19"
"aeroporto de confins por dentro","0","158","0.00","6.64"
"aeroporto de confins sigla","0","9","0.00","41.11"
"aeroporto de confins tem hotel","0","1","0.00","1.00"
"aeroporto de confins tem sala vip","0","1","0.00","3.00"
"aeroporto de confins terminal 1","0","6","0.00","54.00"
"aeroporto de confins terminal 2","0","1","0.00","94.00"
"aeroporto de confins é grande","0","28","0.00","8.18"
"aeroporto de confis","0","3","0.00","12.33"
"aeroporto de confresa","0","1","0.00","13.00"
"aeroporto de congonhas agora","0","2","0.00","8.00"
"aeroporto de congonhas ainda existe","0","1","0.00","16.00"
"aeroporto de congonhas alimentação","0","2","0.00","68.50"
"aeroporto de congonhas bairro","0","8","0.00","53.75"
"aeroporto de congonhas desembarque","0","9","0.00","3.44"
"aeroporto de congonhas desembarque endereço","0","2","0.00","38.50"
"aeroporto de congonhas em são paulo","0","4","0.00","28.25"
"aeroporto de congonhas embarque","0","3","0.00","2.33"
"aeroporto de congonhas endereco","0","5","0.00","62.60"
"aeroporto de congonhas endereço","0","7","0.00","40.29"
"aeroporto de congonhas estacionamento oficial","0","21","0.00","2.71"
"aeroporto de congonhas estacionamento preço","0","50","0.00","22.30"
"aeroporto de congonhas fica aberto 24 horas","0","16","0.00","59.19"
"aeroporto de congonhas fica em qual cidade","0","17","0.00","70.12"
"aeroporto de congonhas fica onde","0","9","0.00","58.22"
"aeroporto de congonhas fica perto da onde","0","2","0.00","99.00"
"aeroporto de congonhas fotos","0","1","0.00","11.00"
"aeroporto de congonhas horário de funcionamento","0","3","0.00","64.00"
"aeroporto de congonhas hotel","0","1","0.00","2.00"
"aeroporto de congonhas interior","0","3","0.00","2.00"
"aeroporto de congonhas localização","0","2","0.00","42.50"
"aeroporto de congonhas lojas","0","14","0.00","49.50"
"aeroporto de congonhas mapa interno","0","1","0.00","1.00"
"aeroporto de congonhas nome","0","2","0.00","58.50"
"aeroporto de congonhas onde fica","0","12","0.00","68.08"
"aeroporto de congonhas por dentro","0","19","0.00","41.00"
"aeroporto de congonhas quando foi inaugurado","0","1","0.00","1.00"
"aeroporto de congonhas sp","0","7","0.00","67.57"
"aeroporto de congonhas são paulo","0","1","0.00","56.00"
"aeroporto de congonhas tamanho","0","2","0.00","1.00"
"aeroporto de congonhas tem estacionamento para deixar o carro","0","1","0.00","2.00"
"aeroporto de congonhas tem mac mcdonald's","0","1","0.00","1.00"
"aeroporto de congonhas tem starbucks","0","3","0.00","33.33"
"aeroporto de congonhas terminal 1","0","5","0.00","47.60"
"aeroporto de congonhas é 24 horas","0","1","0.00","1.00"
"aeroporto de congonhas é o mesmo de guarulhos","0","4","0.00","60.00"
"aeroporto de coritiba","0","47","0.00","10.09"
"aeroporto de cumbica","0","13","0.00","1.15"
"aeroporto de cumbica e guarulhos é o mesmo","0","2","0.00","97.00"
"aeroporto de cumbica endereço","0","9","0.00","81.89"
"aeroporto de cumbica estacionamento","0","98","0.00","48.11"
"aeroporto de cumbica fica onde","0","11","0.00","44.64"
"aeroporto de cumbica guarulhos","0","1","0.00","74.00"
"aeroporto de cumbica onde fica","0","10","0.00","52.80"
"aeroporto de cumbica sp","0","1","0.00","1.00"
"aeroporto de cumbica são paulo","0","1","0.00","1.00"
"aeroporto de cumbica telefone","0","4","0.00","82.25"
"aeroporto de curitba","0","19","0.00","11.26"
"aeroporto de curitiba","0","11268","0.00","10.81"
"aeroporto de curitiba afonso pena","0","31","0.00","25.29"
"aeroporto de curitiba endereço","0","24","0.00","26.92"
"aeroporto de curitiba fica em sao jose dos pinhais","0","1","0.00","1.00"
"aeroporto de curitiba lojas","0","1","0.00","2.00"
"aeroporto de curitiba nome","0","1","0.00","1.00"
"aeroporto de curitiba paraná","0","35","0.00","17.46"
"aeroporto de curitiba pr","0","11","0.00","37.09"
"aeroporto de curitiba é internacional","0","14","0.00","12.21"
"aeroporto de curitiva","0","27","0.00","10.78"
"aeroporto de curtiba","0","19","0.00","18.16"
"aeroporto de cwb","0","3","0.00","62.33"
"aeroporto de faro","0","1","0.00","3.00"
"aeroporto de faro ana estacionamento","0","15","0.00","71.33"
"aeroporto de faro estacionamento","0","366","0.00","53.48"
"aeroporto de florianópolis estacionamento","0","27","0.00","1.00"
"aeroporto de fortaleza estacionamento","0","39","0.00","2.74"
"aeroporto de foz do iguaçu estacionamento","0","2","0.00","3.00"
"aeroporto de garulhos","0","1","0.00","4.00"
"aeroporto de goiania","0","1","0.00","2.00"
"aeroporto de goiania estacionamento","0","8","0.00","30.88"
"aeroporto de goiânia estacionamento","0","9","0.00","2.22"
"aeroporto de gru","0","1","0.00","8.00"
"aeroporto de guar","0","9","0.00","70.67"
"aeroporto de guarulhos","0","106","0.00","11.02"
"aeroporto de guarulhos (gru)","0","1","0.00","1.00"
"aeroporto de guarulhos (gru) - rodovia hélio smidt - aeroporto guarulhos - sp","0","2","0.00","2.00"
"aeroporto de guarulhos agora ao vivo","0","1","0.00","2.00"
"aeroporto de guarulhos ao vivo","0","1","0.00","6.00"
"aeroporto de guarulhos até rodoviaria tiete","0","1","0.00","2.00"
"aeroporto de guarulhos bairro","0","2","0.00","34.50"
"aeroporto de guarulhos casas de câmbio","0","1","0.00","86.00"
"aeroporto de guarulhos cep","0","11","0.00","8.45"
"aeroporto de guarulhos cumbica","0","3","0.00","21.33"
"aeroporto de guarulhos desembarque 2","0","1","0.00","1.00"
"aeroporto de guarulhos desembarque internacional","0","4","0.00","9.00"
"aeroporto de guarulhos desembarque terminal 2","0","1","0.00","1.00"
"aeroporto de guarulhos em são paulo","0","1","0.00","48.00"
"aeroporto de guarulhos embarque internacional","0","1","0.00","3.00"
"aeroporto de guarulhos embarque internacional ordem check-in segurança imigração","0","1","0.00","11.00"
"aeroporto de guarulhos endereco","0","1","0.00","66.00"
"aeroporto de guarulhos endereço","0","65","0.00","39.12"
"aeroporto de guarulhos endereço completo","0","1","0.00","14.00"
"aeroporto de guarulhos estacionamento oficial","0","1","0.00","1.00"
"aeroporto de guarulhos estacionamento preço","0","104","0.00","42.98"
"aeroporto de guarulhos estacionamento terminal 2","0","3","0.00","1.00"
"aeroporto de guarulhos estacionamento terminal 3","0","13","0.00","55.46"
"aeroporto de guarulhos estacionamento valor","0","104","0.00","46.64"
"aeroporto de guarulhos estacionamentos","0","74","0.00","59.35"
"aeroporto de guarulhos fecha a noite","0","1","0.00","2.00"
"aeroporto de guarulhos fechado hoje","0","2","0.00","2.50"
"aeroporto de guarulhos fica em qual cidade","0","4","0.00","43.50"
"aeroporto de guarulhos fotos","0","1","0.00","1.00"
"aeroporto de guarulhos gol terminal 2","0","2","0.00","2.00"
"aeroporto de guarulhos hoje","0","1","0.00","1.00"
"aeroporto de guarulhos informações","0","1","0.00","1.00"
"aeroporto de guarulhos latam terminal 2","0","1","0.00","3.00"
"aeroporto de guarulhos localiza","0","1","0.00","2.00"
"aeroporto de guarulhos localização","0","42","0.00","9.26"
"aeroporto de guarulhos lojas","0","1","0.00","8.00"
"aeroporto de guarulhos mapa","0","54","0.00","32.02"
"aeroporto de guarulhos maps","0","2","0.00","43.00"
"aeroporto de guarulhos planta","0","1","0.00","1.00"
"aeroporto de guarulhos site oficial","0","16","0.00","78.19"
"aeroporto de guarulhos sp","0","7","0.00","66.14"
"aeroporto de guarulhos são paulo","0","2","0.00","59.50"
"aeroporto de guarulhos tamanho","0","1","0.00","2.00"
"aeroporto de guarulhos tem cabine para dormir","0","1","0.00","1.00"
"aeroporto de guarulhos tem estacionamento","0","37","0.00","43.51"
"aeroporto de guarulhos tem lugar para dormir","0","1","0.00","1.00"
"aeroporto de guarulhos tem quantos terminais","0","15","0.00","10.13"
"aeroporto de guarulhos terminais","0","3","0.00","52.33"
"aeroporto de guarulhos terminal","0","1","0.00","1.00"
"aeroporto de guarulhos terminal 2","0","4","0.00","2.25"
"aeroporto de guarulhos terminal 2 embarque gol","0","2","0.00","1.00"
"aeroporto de guarulhos terminal 2 estacionamento","0","21","0.00","27.62"
"aeroporto de guarulhos terminal 3","0","1","0.00","3.00"
"aeroporto de guarulhos terminal 3 desembarque","0","1","0.00","2.00"
"aeroporto de guarulhos terminal 3 embarque internacional","0","1","0.00","2.00"
"aeroporto de guarulhos terminal 3 estacionamento","0","3","0.00","20.67"
"aeroporto de guarulhos terminal internacional","0","1","0.00","1.00"
"aeroporto de guarulhos valor do estacionamento","0","1","0.00","1.00"
"aeroporto de guarulhos voos internacionais terminal","0","2","0.00","1.50"
"aeroporto de guarulhos é 24 horas","0","1","0.00","1.00"
"aeroporto de guaruljos","0","1","0.00","3.00"
"aeroporto de istambul","0","1","0.00","3.00"
"aeroporto de jabaquara","0","1","0.00","43.00"
"aeroporto de joinville estacionamento","0","2","0.00","4.00"
"aeroporto de joão pessoa","0","2","0.00","7.50"
"aeroporto de joão pessoa pb","0","1","0.00","10.00"
"aeroporto de l","0","1","0.00","9.00"
"aeroporto de liaboa","0","4","0.00","10.75"
"aeroporto de liboa","0","7","0.00","11.00"
"aeroporto de lins","0","2","0.00","3.00"
"aeroporto de lis","0","97","0.00","13.53"
"aeroporto de lisbao","0","4","0.00","7.50"
"aeroporto de lisbia","0","10","0.00","11.50"
"aeroporto de lisbo","0","21","0.00","16.57"
"aeroporto de lisboa - partidas e chegadas","0","1","0.00","88.00"
"aeroporto de lisboa chegadas estacionamento","0","61","0.00","77.48"
"aeroporto de lisboa endereço","0","37","0.00","10.30"
"aeroporto de lisboa esta aberto","0","2","0.00","12.00"
"aeroporto de lisboa estacionamento","0","2262","0.00","60.77"
"aeroporto de lisboa fica perto do centro","0","2","0.00","13.00"
"aeroporto de lisboa fotos","0","24","0.00","1.00"
"aeroporto de lisboa hoje","0","6","0.00","1.33"
"aeroporto de lisboa humberto delgado","0","45","0.00","10.89"
"aeroporto de lisboa informações","0","11","0.00","19.64"
"aeroporto de lisboa interior","0","22","0.00","5.32"
"aeroporto de lisboa internacional","0","16","0.00","7.13"
"aeroporto de lisboa lis","0","109","0.00","36.42"
"aeroporto de lisboa localização","0","3","0.00","13.33"
"aeroporto de lisboa mapa","0","1","0.00","1.00"
"aeroporto de lisboa morada","0","16","0.00","11.38"
"aeroporto de lisboa nome","0","288","0.00","18.38"
"aeroporto de lisboa notícias hoje","0","1","0.00","3.00"
"aeroporto de lisboa parking","0","80","0.00","51.89"
"aeroporto de lisboa parque","0","757","0.00","60.11"
"aeroporto de lisboa parque 5","0","25","0.00","89.32"
"aeroporto de lisboa parque 5 lisboa","0","53","0.00","89.70"
"aeroporto de lisboa parque de estacionamento","0","13","0.00","58.46"
"aeroporto de lisboa por dentro","0","5","0.00","20.40"
"aeroporto de lisboa portas de embarque","0","1","0.00","2.00"
"aeroporto de lisboa portela","0","9","0.00","14.33"
"aeroporto de lisboa portugal","0","1021","0.00","8.94"
"aeroporto de lisboa sigla","0","397","0.00","3.31"
"aeroporto de lisboa tem wifi","0","11","0.00","9.45"
"aeroporto de lisboa terminal 1","0","3","0.00","5.33"
"aeroporto de lisboa vista aerea","0","1","0.00","3.00"
"aeroporto de lisboa é grande","0","25","0.00","10.76"
"aeroporto de lisbos","0","3","0.00","12.33"
"aeroporto de londrina estacionamento","0","94","0.00","17.18"
"aeroporto de losboa","0","5","0.00","9.60"
"aeroporto de lsiboa","0","1","0.00","10.00"
"aeroporto de lusboa","0","7","0.00","11.86"
"aeroporto de manaus estacionamento","0","1","0.00","2.00"
"aeroporto de marilia","0","1","0.00","2.00"
"aeroporto de maringa estacionamento","0","2","0.00","1.00"
"aeroporto de minas","0","1","0.00","36.00"
"aeroporto de minas gerais confins","0","1","0.00","2.00"
"aeroporto de natal estacionamento","0","8","0.00","1.00"
"aeroporto de navegantes","0","7","0.00","8.43"
"aeroporto de navegantes endereço","0","1","0.00","1.00"
"aeroporto de navegantes fica em qual cidade","0","1","0.00","1.00"
"aeroporto de navegantes fica onde","0","2","0.00","69.00"
"aeroporto de navegantes nome","0","2","0.00","46.00"
"aeroporto de navegantes onde fica","0","7","0.00","67.14"
"aeroporto de navegantes sc","0","10","0.00","54.90"
"aeroporto de navegantes tem estacionamento","0","13","0.00","8.23"
"aeroporto de palmas estacionamento","0","2","0.00","1.00"
"aeroporto de parana","0","23","0.00","13.39"
"aeroporto de paraná","0","4","0.00","19.75"
"aeroporto de parati","0","1","0.00","1.00"
"aeroporto de paulo afonso está funcionando","0","1","0.00","1.00"
"aeroporto de pinhais","0","32","0.00","10.47"
"aeroporto de portela","0","1","0.00","2.00"
"aeroporto de portela lisboa","0","32","0.00","10.91"
"aeroporto de porto alegre estacionamento","0","6","0.00","1.50"
"aeroporto de portugal lisboa","0","898","0.00","11.59"
"aeroporto de portugual","0","4","0.00","1.00"
"aeroporto de presidente prudente","0","2","0.00","2.00"
"aeroporto de prudente","0","1","0.00","2.00"
"aeroporto de recife","0","2","0.00","9.50"
"aeroporto de ribeirão preto","0","1","0.00","2.00"
"aeroporto de ribeirão preto estacionamento","0","6","0.00","18.33"
"aeroporto de salvador estacionamento","0","6","0.00","4.50"
"aeroporto de sao jose dos pinhais","0","2","0.00","44.50"
"aeroporto de sao luis","0","1","0.00","3.00"
"aeroporto de sao paulo","0","6","0.00","1.67"
"aeroporto de sao paulo congonhas","0","1","0.00","64.00"
"aeroporto de sao paulo guarulhos","0","1","0.00","41.00"
"aeroporto de sao paulo vcp","0","1","0.00","1.00"
"aeroporto de sp","0","1","0.00","1.00"
"aeroporto de são carlos sp","0","1","0.00","3.00"
"aeroporto de são josé do rio preto estacionamento","0","7","0.00","50.71"
"aeroporto de são josé dos pinhais","0","2","0.00","34.00"
"aeroporto de são paulo","0","3","0.00","2.33"
"aeroporto de são paulo guarulhos","0","1","0.00","98.00"
"aeroporto de são paulo viracopos","0","1","0.00","2.00"
"aeroporto de são paulo/congonhas–deputado freitas nobre código cgh","0","1","0.00","1.00"
"aeroporto de são paulo/congonhas–deputado freitas nobre fotos","0","2","0.00","18.50"
"aeroporto de teresina piauí","0","1","0.00","2.00"
"aeroporto de valencia","0","4","0.00","1.75"
"aeroporto de valinhos","0","1","0.00","1.00"
"aeroporto de valinhos sp","0","1","0.00","1.00"
"aeroporto de vcp","0","1","0.00","35.00"
"aeroporto de vcp sao paulo","0","1","0.00","1.00"
"aeroporto de vira copos","0","2","0.00","2.50"
"aeroporto de viracopos","0","42","0.00","35.81"
"aeroporto de viracopos agora","0","1","0.00","1.00"
"aeroporto de viracopos campinas","0","2","0.00","2.00"
"aeroporto de viracopos campinas sp","0","3","0.00","90.33"
"aeroporto de viracopos campinas terminal moderno","0","1","0.00","10.00"
"aeroporto de viracopos desembarque","0","1","0.00","2.00"
"aeroporto de viracopos fica em qual cidade","0","17","0.00","24.12"
"aeroporto de viracopos fica onde","0","12","0.00","26.67"
"aeroporto de viracopos localização","0","4","0.00","53.00"
"aeroporto de viracopos onde fica","0","32","0.00","29.59"
"aeroporto de viracopos por dentro","0","9","0.00","18.78"
"aeroporto de viracopos sp","0","7","0.00","70.29"
"aeroporto de viracopos são paulo","0","1","0.00","1.00"
"aeroporto de viracopos tem estacionamento","0","1","0.00","13.00"
"aeroporto de viracopos tem sala vip","0","1","0.00","1.00"
"aeroporto de vitoria","0","1","0.00","3.00"
"aeroporto de vitoria estacionamento","0","1","0.00","1.00"
"aeroporto de vitoria nome","0","2","0.00","1.00"
"aeroporto de vitória estacionamento","0","10","0.00","10.80"
"aeroporto de.cumbica","0","1","0.00","1.00"
"aeroporto de.curitiba","0","2","0.00","7.00"
"aeroporto de.lisboa","0","5","0.00","2.00"
"aeroporto delgado lisboa","0","6","0.00","9.67"
"aeroporto delisboa","0","2","0.00","10.50"
"aeroporto desembarque","0","1","0.00","1.00"
"aeroporto di guarulhos","0","1","0.00","1.00"
"aeroporto dmk","0","1","0.00","1.00"
"aeroporto do galeão","0","1","0.00","12.00"
"aeroporto do lisboa","0","11","0.00","51.36"
"aeroporto do parana","0","1","0.00","1.00"
"aeroporto do recife","0","1","0.00","8.00"
"aeroporto do recife - imbiribeira","0","2","0.00","28.00"
"aeroporto do recife telefone","0","1","0.00","90.00"
"aeroporto dos navegantes onde fica","0","8","0.00","57.25"
"aeroporto e","0","1","0.00","86.00"
"aeroporto em belo horizonte minas gerais","0","1","0.00","69.00"
"aeroporto em bh","0","1","0.00","53.00"
"aeroporto em bh confins","0","1","0.00","3.00"
"aeroporto em campinas","0","6","0.00","1.00"
"aeroporto em campinas sp","0","9","0.00","72.78"
"aeroporto em campinas são paulo","0","1","0.00","1.00"
"aeroporto em campinas viracopos","0","3","0.00","76.00"
"aeroporto em curitiba","0","178","0.00","9.86"
"aeroporto em curitiba pr","0","32","0.00","8.88"
"aeroporto em guarulhos","0","4","0.00","1.50"
"aeroporto em itajai","0","1","0.00","1.00"
"aeroporto em lisboa","0","306","0.00","12.84"
"aeroporto em lisboa portugal","0","71","0.00","9.68"
"aeroporto em navegantes sc","0","2","0.00","66.50"
"aeroporto em pernambuco","0","1","0.00","42.00"
"aeroporto em portugal","0","59","0.00","11.36"
"aeroporto em portugal lisboa","0","90","0.00","24.22"
"aeroporto em recife","0","1","0.00","8.00"
"aeroporto em sao paulo","0","1","0.00","3.00"
"aeroporto em são josé dos pinhais","0","1","0.00","12.00"
"aeroporto em viracopos","0","2","0.00","5.50"
"aeroporto estacionamento","0","632","0.00","54.90"
"aeroporto estacionamento brasilia","0","1","0.00","34.00"
"aeroporto estacionamento confins","0","44","0.00","38.41"
"aeroporto estacionamento curitiba","0","117","0.00","17.40"
"aeroporto estacionamento fortaleza","0","1","0.00","1.00"
"aeroporto estacionamento guarulhos","0","119","0.00","47.42"
"aeroporto estacionamento lisboa","0","47","0.00","56.64"
"aeroporto estacionamento low cost","0","3","0.00","48.00"
"aeroporto estacionamento porto alegre","0","6","0.00","2.83"
"aeroporto estacionamento recife","0","47","0.00","8.72"
"aeroporto estacionamento valor","0","3","0.00","10.00"
"aeroporto estacionamento viracopos","0","5","0.00","3.40"
"aeroporto evora","0","1","0.00","2.00"
"aeroporto express guarulhos","0","1","0.00","1.00"
"aeroporto faro estacionamento","0","440","0.00","50.69"
"aeroporto faro parking","0","1","0.00","45.00"
"aeroporto faro parking low cost","0","111","0.00","36.93"
"aeroporto faro parque","0","215","0.00","52.76"
"aeroporto fe lisboa","0","1","0.00","14.00"
"aeroporto fecha que horas","0","1","0.00","1.00"
"aeroporto figo maduro","0","2","0.00","3.00"
"aeroporto florianopolis estacionamento","0","2","0.00","9.50"
"aeroporto florianopolis estacionamento diaria","0","5","0.00","9.80"
"aeroporto florianópolis estacionamento","0","2","0.00","8.50"
"aeroporto floripa estacionamento","0","1","0.00","3.00"
"aeroporto fortaleza estacionamento","0","19","0.00","2.26"
"aeroporto foz do iguaçu estacionamento","0","7","0.00","1.14"
"aeroporto francisco sá carneiro onde fica","0","1","0.00","3.00"
"aeroporto galeao estacionamento","0","51","0.00","24.75"
"aeroporto galeao vagas","0","1","0.00","47.00"
"aeroporto galeão","0","1","0.00","3.00"
"aeroporto galeão estacionamento preço","0","3","0.00","6.33"
"aeroporto galeão terminal 2 desembarque","0","1","0.00","3.00"
"aeroporto goiania","0","1","0.00","7.00"
"aeroporto goiania estacionamento","0","4","0.00","4.75"
"aeroporto grill preço","0","1","0.00","1.00"
"aeroporto gru","0","40","0.00","1.70"
"aeroporto gru estacionamento","0","82","0.00","49.34"
"aeroporto gru onde fica","0","3","0.00","10.00"
"aeroporto guarulhos","0","13","0.00","31.92"
"aeroporto guarulhos a rodoviaria tiete","0","1","0.00","2.00"
"aeroporto guarulhos barra funda","0","2","0.00","1.00"
"aeroporto guarulhos cep","0","4","0.00","1.00"
"aeroporto guarulhos cumbica","0","3","0.00","20.00"
"aeroporto guarulhos desembarque","0","3","0.00","1.00"
"aeroporto guarulhos desembarque nacional","0","1","0.00","1.00"
"aeroporto guarulhos distancia","0","1","0.00","1.00"
"aeroporto guarulhos endereco","0","1","0.00","18.00"
"aeroporto guarulhos endereço","0","44","0.00","20.05"
"aeroporto guarulhos estacionamento barato","0","73","0.00","43.95"
"aeroporto guarulhos estacionamento preço","0","11","0.00","40.64"
"aeroporto guarulhos estacionamento terminal 2","0","10","0.00","1.00"
"aeroporto guarulhos estacionamento terminal 3","0","12","0.00","50.67"
"aeroporto guarulhos internacional","0","2","0.00","1.00"
"aeroporto guarulhos localização","0","5","0.00","47.80"
"aeroporto guarulhos mapa","0","92","0.00","9.30"
"aeroporto guarulhos onde fica","0","1","0.00","1.00"
"aeroporto guarulhos onibus","0","1","0.00","3.00"
"aeroporto guarulhos para rodoviária tietê","0","1","0.00","2.00"
"aeroporto guarulhos são paulo","0","1","0.00","52.00"
"aeroporto guarulhos telefone","0","1","0.00","1.00"
"aeroporto guarulhos terminais","0","16","0.00","41.50"
"aeroporto guarulhos terminal 2","0","5","0.00","2.80"
"aeroporto guarulhos terminal 2 - embarque","0","1","0.00","2.00"
"aeroporto guarulhos terminal 2 estacionamento","0","3","0.00","18.00"
"aeroporto guarulhos terminal 3","0","1","0.00","2.00"
"aeroporto guarulhos terminal 3 - embarque","0","1","0.00","2.00"
"aeroporto guarulhos terminal 3 desembarque","0","1","0.00","2.00"
"aeroporto guarulhos terminal 3 estacionamento","0","68","0.00","45.16"
"aeroporto humberto delgado","0","1233","0.00","15.23"
"aeroporto humberto delgado (lis)","0","95","0.00","12.22"
"aeroporto humberto delgado fotos","0","19","0.00","3.79"
"aeroporto humberto delgado interior","0","2","0.00","3.00"
"aeroporto humberto delgado lisboa","0","54","0.00","37.65"
"aeroporto humberto delgado lisboa portugal","0","5","0.00","1.00"
"aeroporto humberto delgado lojas","0","1","0.00","10.00"
"aeroporto humberto delgado mapa","0","1","0.00","1.00"
"aeroporto iah","0","5","0.00","1.00"
"aeroporto informações","0","2","0.00","62.00"
"aeroporto internacional","0","1","0.00","1.00"
"aeroporto internacional afonso pena","0","560","0.00","14.51"
"aeroporto internacional afonso pena curitiba","0","10","0.00","35.20"
"aeroporto internacional afonso pena localizado em são josé dos pinhais","0","7","0.00","12.57"
"aeroporto internacional afonso pena onde fica","0","33","0.00","10.64"
"aeroporto internacional belo horizonte confins tancredo neves","0","1","0.00","4.00"
"aeroporto internacional belo horizonte/confins–tancredo neves","0","9","0.00","3.56"
"aeroporto internacional belo horizonte/confins–tancredo neves fotos","0","87","0.00","4.13"
"aeroporto internacional confins","0","9","0.00","38.33"
"aeroporto internacional curitiba","0","13","0.00","42.23"
"aeroporto internacional de belo horizonte confins","0","2","0.00","89.00"
"aeroporto internacional de belo horizonte confins informações","0","1","0.00","6.00"
"aeroporto internacional de campinas","0","2","0.00","5.00"
"aeroporto internacional de campinas viracopos","0","1","0.00","85.00"
"aeroporto internacional de confins","0","46","0.00","57.61"
"aeroporto internacional de confins - tancredo neves","0","1","0.00","16.00"
"aeroporto internacional de congonhas","0","4","0.00","49.25"
"aeroporto internacional de curitiba","0","246","0.00","15.58"
"aeroporto internacional de curitiba - afonso pena","0","1656","0.00","11.22"
"aeroporto internacional de curitiba - afonso pena fotos","0","71","0.00","3.37"
"aeroporto internacional de curitiba afonso pena","0","148","0.00","43.18"
"aeroporto internacional de curitiba afonso pena fotos","0","78","0.00","6.05"
"aeroporto internacional de guarulhos","0","5","0.00","54.20"
"aeroporto internacional de guarulhos desembarque","0","2","0.00","1.00"
"aeroporto internacional de guarulhos endereço","0","1","0.00","33.00"
"aeroporto internacional de guarulhos estacionamento","0","38","0.00","69.18"
"aeroporto internacional de guarulhos são paulo","0","3","0.00","85.33"
"aeroporto internacional de lisboa","0","339","0.00","21.61"
"aeroporto internacional de lisboa humberto delgado","0","322","0.00","16.74"
"aeroporto internacional de lisboa humberto delgado fotos","0","11","0.00","8.09"
"aeroporto internacional de lisboa nome","0","31","0.00","27.03"
"aeroporto internacional de navegantes","0","1","0.00","5.00"
"aeroporto internacional de navegantes endereço","0","1","0.00","66.00"
"aeroporto internacional de portugal","0","244","0.00","11.67"
"aeroporto internacional de recife","0","1","0.00","3.00"
"aeroporto internacional de são paulo guarulhos governador andré franco montoro","0","1","0.00","46.00"
"aeroporto internacional de são paulo/guarulhos–governador andré franco montoro","0","6","0.00","2.50"
"aeroporto internacional de são paulo/guarulhos–governador andré franco montoro (gru) - rodovia hélio smidt - aeroporto guarulhos - sp","0","1","0.00","3.00"
"aeroporto internacional de são paulo/guarulhos–governador andré franco montoro fotos","0","4","0.00","5.50"
"aeroporto internacional de viracopos","0","30","0.00","2.67"
"aeroporto internacional de viracopos (vcp)","0","12","0.00","6.92"
"aeroporto internacional de viracopos (vcp) - rodovia santos dumont - parque universitario de viracopos campinas - sp","0","3","0.00","8.67"
"aeroporto internacional de viracopos código vcp","0","1","0.00","1.00"
"aeroporto internacional de viracopos fotos","0","21","0.00","6.52"
"aeroporto internacional de viracopos vcp onde fica","0","2","0.00","26.00"
"aeroporto internacional do parana","0","2","0.00","14.00"
"aeroporto internacional em portugal","0","2","0.00","1.00"
"aeroporto internacional governador andré franco montoro","0","7","0.00","71.57"
"aeroporto internacional guarulhos","0","3","0.00","94.00"
"aeroporto internacional humberto delgado","0","7","0.00","10.71"
"aeroporto internacional lisboa","0","71","0.00","30.34"
"aeroporto internacional no brasil","0","1","0.00","1.00"
"aeroporto internacional portugal","0","3","0.00","36.00"
"aeroporto internacional sao paulo","0","1","0.00","1.00"
"aeroporto internacional tancredo neves","0","11","0.00","2.09"
"aeroporto internacional vira copos","0","3","0.00","1.00"
"aeroporto internacional viracopos","0","3","0.00","2.33"
"aeroporto internacional viracopos onde fica","0","2","0.00","1.00"
"aeroporto internacional viracopos são paulo","0","2","0.00","1.00"
"aeroporto interno","0","1","0.00","11.00"
"aeroporto joinville estacionamento","0","10","0.00","20.20"
"aeroporto joão pessoa estacionamento","0","241","0.00","9.78"
"aeroporto jp","0","1","0.00","4.00"
"aeroporto juazeiro do norte estacionamento","0","2","0.00","3.00"
"aeroporto l","0","29","0.00","10.79"
"aeroporto laponia","0","1","0.00","1.00"
"aeroporto leite lopes estacionamento","0","2","0.00","24.00"
"aeroporto liaboa","0","3","0.00","17.67"
"aeroporto liboa","0","3","0.00","5.67"
"aeroporto lidboa","0","1","0.00","14.00"
"aeroporto lis lisboa","0","27","0.00","11.81"
"aeroporto lisbao","0","1","0.00","11.00"
"aeroporto lisbia","0","2","0.00","5.50"
"aeroporto lisbo","0","8","0.00","22.88"
"aeroporto lisboa agora","0","1","0.00","15.00"
"aeroporto lisboa chegada","0","13","0.00","41.15"
"aeroporto lisboa chegadas estacionamento","0","3","0.00","78.67"
"aeroporto lisboa codigo","0","11","0.00","2.09"
"aeroporto lisboa endereço","0","2","0.00","5.00"
"aeroporto lisboa estacionamento chegadas","0","29","0.00","64.86"
"aeroporto lisboa estacionamento low cost","0","1890","0.00","52.87"
"aeroporto lisboa humberto delgado","0","17","0.00","8.29"
"aeroporto lisboa informações","0","39","0.00","27.26"
"aeroporto lisboa interior","0","9","0.00","6.67"
"aeroporto lisboa internacional","0","7","0.00","12.57"
"aeroporto lisboa lis","0","20","0.00","7.25"
"aeroporto lisboa lojas","0","1","0.00","4.00"
"aeroporto lisboa mapa","0","1","0.00","3.00"
"aeroporto lisboa mapa terminal 1","0","1","0.00","55.00"
"aeroporto lisboa morada","0","81","0.00","12.19"
"aeroporto lisboa nome","0","158","0.00","19.25"
"aeroporto lisboa novo","0","1","0.00","6.00"
"aeroporto lisboa p2","0","2","0.00","1.00"
"aeroporto lisboa parking","0","294","0.00","54.20"
"aeroporto lisboa parking low cost","0","541","0.00","39.17"
"aeroporto lisboa parque","0","853","0.00","59.93"
"aeroporto lisboa parque 3","0","5","0.00","52.00"
"aeroporto lisboa parque 5","0","37","0.00","87.81"
"aeroporto lisboa parque estacionamento","0","2","0.00","54.00"
"aeroporto lisboa parque low cost","0","13","0.00","58.08"
"aeroporto lisboa parque p5","0","40","0.00","65.60"
"aeroporto lisboa parques","0","2","0.00","43.00"
"aeroporto lisboa portela","0","9","0.00","25.89"
"aeroporto lisboa portugal","0","169","0.00","18.29"
"aeroporto lisboa pt","0","4","0.00","89.75"
"aeroporto lisboa sigla","0","93","0.00","5.17"
"aeroporto lisboa terminais","0","1","0.00","14.00"
"aeroporto lisboa terminal 1","0","2","0.00","57.00"
"aeroporto lisboa.","0","1","0.00","1.00"
"aeroporto lisbon","0","25","0.00","20.20"
"aeroporto local","0","1","0.00","1.00"
"aeroporto losboa","0","4","0.00","6.75"
"aeroporto luis eduardo magalhães","0","1","0.00","2.00"
"aeroporto lusboa","0","2","0.00","6.50"
"aeroporto luís de camões","0","1","0.00","51.00"
"aeroporto lx","0","2","0.00","21.00"
"aeroporto maceio estacionamento","0","40","0.00","10.20"
"aeroporto mad","0","1","0.00","1.00"
"aeroporto mais perto","0","1","0.00","1.00"
"aeroporto mais perto de campinas","0","1","0.00","1.00"
"aeroporto mais perto de campinas sp","0","2","0.00","1.00"
"aeroporto mais perto de curitiba","0","1","0.00","3.00"
"aeroporto mais perto de mim","0","2","0.00","1.00"
"aeroporto mais proximo","0","4","0.00","1.00"
"aeroporto mais proximo de campinas","0","1","0.00","1.00"
"aeroporto mais proximo de campinas sp","0","1","0.00","1.00"
"aeroporto mais proximo de curitiba","0","1","0.00","3.00"
"aeroporto mais proximo de mim","0","2","0.00","1.00"
"aeroporto mais próximo","0","4","0.00","1.00"
"aeroporto mais próximo da minha localização","0","1","0.00","1.00"
"aeroporto mais próximo de curitiba","0","2","0.00","2.00"
"aeroporto mais próximo de mim","0","1","0.00","1.00"
"aeroporto maringa estacionamento","0","1","0.00","3.00"
"aeroporto mg","0","1","0.00","41.00"
"aeroporto minas gerais","0","2","0.00","1.00"
"aeroporto minas gerais confins","0","2","0.00","2.00"
"aeroporto mvd","0","1","0.00","1.00"
"aeroporto mxp","0","1","0.00","1.00"
"aeroporto natal estacionamento","0","5","0.00","1.40"
"aeroporto navegante","0","1","0.00","15.00"
"aeroporto navegantes","0","4","0.00","4.50"
"aeroporto navegantes onde fica","0","3","0.00","69.00"
"aeroporto navegantes sc","0","1","0.00","2.00"
"aeroporto no sul do brasil","0","1","0.00","1.00"
"aeroporto nvt","0","1","0.00","11.00"
"aeroporto pampulha bh","0","2","0.00","3.00"
"aeroporto pampulha sigla","0","1","0.00","2.00"
"aeroporto para joao pessoa","0","2","0.00","74.50"
"aeroporto parana","0","2","0.00","34.00"
"aeroporto parana curitiba","0","2","0.00","7.00"
"aeroporto paraná","0","1","0.00","90.00"
"aeroporto park","0","66","0.00","61.35"
"aeroporto park confins","0","2","0.00","23.50"
"aeroporto park de estacionamento","0","1","0.00","73.00"
"aeroporto park guarulhos","0","1","0.00","10.00"
"aeroporto park lisboa","0","1","0.00","82.00"
"aeroporto parking","0","36","0.00","65.06"
"aeroporto parque","0","415","0.00","73.41"
"aeroporto parque - estacionamento low cost aeroporto lisboa","0","2","0.00","55.00"
"aeroporto parque estacionamento","0","27","0.00","62.22"
"aeroporto parque lisboa","0","612","0.00","65.40"
"aeroporto parque low cost","0","8","0.00","52.63"
"aeroporto parque.com","0","1","0.00","93.00"
"aeroporto parques","0","53","0.00","71.79"
"aeroporto passo fundo estacionamento","0","5","0.00","1.00"
"aeroporto perto","0","1","0.00","1.00"
"aeroporto perto de campinas","0","4","0.00","1.50"
"aeroporto perto de campinas sp","0","1","0.00","3.00"
"aeroporto perto de curitiba","0","3","0.00","2.33"
"aeroporto perto de indaiatuba","0","1","0.00","1.00"
"aeroporto perto de lisboa","0","1","0.00","16.00"
"aeroporto perto de mim","0","8","0.00","1.00"
"aeroporto perto de recife","0","6","0.00","35.67"
"aeroporto pinhais","0","1","0.00","2.00"
"aeroporto piraquara","0","1","0.00","4.00"
"aeroporto poa estacionamento","0","8","0.00","26.25"
"aeroporto por dentro","0","19","0.00","2.58"
"aeroporto portela","0","3","0.00","1.67"
"aeroporto portela de sacavem lisboa","0","1","0.00","19.00"
"aeroporto portela lisboa","0","13","0.00","12.62"
"aeroporto porto alegre estacionamento","0","38","0.00","22.47"
"aeroporto portugal","0","61","0.00","20.85"
"aeroporto portugal lisboa","0","307","0.00","12.50"
"aeroporto proximo a alphaville sp","0","3","0.00","1.00"
"aeroporto proximo a curitiba","0","2","0.00","2.00"
"aeroporto proximo de curitiba","0","1","0.00","13.00"
"aeroporto recife","0","5","0.00","7.60"
"aeroporto recife endereco","0","1","0.00","98.00"
"aeroporto recife estacionamento preço","0","25","0.00","24.40"
"aeroporto regional de maringá - silvio name júnior","0","1","0.00","4.00"
"aeroporto ribeirao preto","0","1","0.00","3.00"
"aeroporto ribeirão preto estacionamento","0","1","0.00","52.00"
"aeroporto rio preto estacionamento","0","3","0.00","46.33"
"aeroporto riogaleão","0","1","0.00","6.00"
"aeroporto salgado filho","0","1","0.00","6.00"
"aeroporto salvador estacionamento","0","3","0.00","9.33"
"aeroporto santos dumont telefone","0","2","0.00","45.50"
"aeroporto santos dumont tem estacionamento","0","5","0.00","8.40"
"aeroporto santos dumont vagas","0","3","0.00","46.67"
"aeroporto sao","0","2","0.00","2.00"
"aeroporto sao jose do rio preto","0","1","0.00","3.00"
"aeroporto sao jose dos pinhais","0","32","0.00","45.50"
"aeroporto sao jose dos pinhais estacionamento","0","1","0.00","12.00"
"aeroporto sao luis estacionamento","0","2","0.00","1.00"
"aeroporto sao paulo","0","5","0.00","2.40"
"aeroporto sao paulo campinas","0","1","0.00","1.00"
"aeroporto sao paulo capital","0","2","0.00","1.00"
"aeroporto sao paulo guarulhos","0","1","0.00","98.00"
"aeroporto siqueira campos","0","1","0.00","1.00"
"aeroporto sjp onde fica","0","48","0.00","8.33"
"aeroporto são jose dos pinhais","0","5","0.00","9.40"
"aeroporto são josé dos pinhais","0","22","0.00","22.55"
"aeroporto são josé dos pinhais curitiba","0","1","0.00","11.00"
"aeroporto são paulo","0","2","0.00","1.00"
"aeroporto são paulo viracopos","0","2","0.00","24.50"
"aeroporto tancredo neves","0","16","0.00","2.81"
"aeroporto uberlandia","0","1","0.00","3.00"
"aeroporto uberlandia estacionamento","0","3","0.00","6.00"
"aeroporto v","0","3","0.00","1.00"
"aeroporto valinhos","0","2","0.00","1.00"
"aeroporto vcp","0","38","0.00","2.50"
"aeroporto vcp campinas","0","2","0.00","49.00"
"aeroporto vcp estacionamento","0","58","0.00","4.91"
"aeroporto vcp onde fica","0","26","0.00","20.54"
"aeroporto vcp são paulo","0","1","0.00","1.00"
"aeroporto vila copos","0","8","0.00","49.88"
"aeroporto vira","0","3","0.00","2.33"
"aeroporto vira copo","0","2","0.00","54.50"
"aeroporto vira copos","0","3","0.00","5.33"
"aeroporto viracopos azul","0","2","0.00","1.00"
"aeroporto viracopos brasil","0","8","0.00","47.00"
"aeroporto viracopos campinas","0","3","0.00","4.67"
"aeroporto viracopos campinas endereço","0","2","0.00","57.50"
"aeroporto viracopos campinas sp","0","5","0.00","72.60"
"aeroporto viracopos campinas são paulo","0","1","0.00","2.00"
"aeroporto viracopos de campinas","0","2","0.00","17.00"
"aeroporto viracopos desembarque","0","13","0.00","4.69"
"aeroporto viracopos em são paulo","0","2","0.00","1.50"
"aeroporto viracopos endereço","0","4","0.00","1.00"
"aeroporto viracopos estacionamento oficial","0","15","0.00","7.47"
"aeroporto viracopos fica em qual cidade","0","3","0.00","1.00"
"aeroporto viracopos fica onde","0","23","0.00","12.35"
"aeroporto viracopos horario de funcionamento","0","1","0.00","1.00"
"aeroporto viracopos hotel proximo","0","1","0.00","2.00"
"aeroporto viracopos localização","0","3","0.00","17.00"
"aeroporto viracopos logo","0","3","0.00","60.67"
"aeroporto viracopos lojas","0","23","0.00","33.22"
"aeroporto viracopos mapa interno","0","8","0.00","6.63"
"aeroporto viracopos onde fica","0","45","0.00","32.69"
"aeroporto viracopos restaurantes","0","4","0.00","8.75"
"aeroporto viracopos sigla","0","9","0.00","64.44"
"aeroporto viracopos são paulo","0","4","0.00","2.25"
"aeroporto viracopos tamanho","0","2","0.00","1.00"
"aeroporto viracopos vcp","0","1","0.00","9.00"
"aeroporto viracopos é internacional","0","2","0.00","1.00"
"aeroporto viracorpos","0","1","0.00","1.00"
"aeroporto vitoria estacionamento","0","12","0.00","21.92"
"aeroporto vix estacionamento","0","8","0.00","5.75"
"aeroporto vpc","0","1","0.00","1.00"
"aeroporto ônibus","0","1","0.00","1.00"
"aeroporto-guarulhos","0","1","0.00","2.00"
"aeroporto.afonso pena","0","3","0.00","12.67"
"aeroporto.congonhas","0","1","0.00","18.00"
"aeroporto.cumbica","0","1","0.00","1.00"
"aeroporto.curitiba","0","3","0.00","3.00"
"aeroporto.de curitiba","0","2","0.00","2.50"
"aeroporto.de.curitiba","0","1","0.00","4.00"
"aeroporto.de.lisboa","0","5","0.00","3.60"
"aeroporto.gru","0","1","0.00","1.00"
"aeroporto.lisboa","0","9","0.00","1.33"
"aeroportode lisboa","0","1","0.00","8.00"
"aeroportolisboa","0","6","0.00","10.83"
"aeroportopark","0","4","0.00","6.75"
"aeroportos","0","1","0.00","9.00"
"aeroportos belo horizonte","0","1","0.00","2.00"
"aeroportos brasil viracopos","0","4","0.00","23.50"
"aeroportos brasil viracopos - abv","0","1","0.00","1.00"
"aeroportos confins","0","2","0.00","36.50"
"aeroportos congonhas","0","3","0.00","59.00"
"aeroportos curitiba","0","7","0.00","2.29"
"aeroportos de bh","0","1","0.00","3.00"
"aeroportos de campinas","0","2","0.00","19.00"
"aeroportos de congonhas","0","13","0.00","61.46"
"aeroportos de curitiba","0","102","0.00","14.00"
"aeroportos de guarulhos","0","2","0.00","97.00"
"aeroportos de lisboa","0","308","0.00","14.05"
"aeroportos de navegantes","0","3","0.00","86.67"
"aeroportos de portugal","0","1","0.00","2.00"
"aeroportos de sao paulo","0","7","0.00","1.00"
"aeroportos de sao paulo congonhas","0","1","0.00","1.00"
"aeroportos de são paulo","0","1","0.00","1.00"
"aeroportos de viracopos","0","8","0.00","26.00"
"aeroportos do sul do brasil","0","1","0.00","6.00"
"aeroportos em belo horizonte","0","1","0.00","2.00"
"aeroportos em campinas","0","1","0.00","1.00"
"aeroportos em campinas sp","0","1","0.00","89.00"
"aeroportos em curitiba","0","22","0.00","10.50"
"aeroportos em lisboa","0","189","0.00","15.56"
"aeroportos em lisboa portugal","0","50","0.00","13.98"
"aeroportos em minas gerais","0","2","0.00","1.00"
"aeroportos em portugal","0","2","0.00","3.00"
"aeroportos em sao paulo","0","1","0.00","1.00"
"aeroportos em sp","0","1","0.00","1.00"
"aeroportos em são paulo","0","2","0.00","1.00"
"aeroportos estado de são paulo","0","1","0.00","1.00"
"aeroportos internacionais de portugal","0","5","0.00","11.00"
"aeroportos internacionais em portugal","0","12","0.00","57.67"
"aeroportos internacionais portugal","0","3","0.00","48.67"
"aeroportos no paraná","0","2","0.00","1.00"
"aeroportos perto de mim","0","1","0.00","1.00"
"aeroportos perto de recife","0","3","0.00","53.67"
"aeroportos portugal","0","1","0.00","2.00"
"aeroportos portugal continental","0","1","0.00","3.00"
"aeroportos sao paulo","0","1","0.00","1.00"
"aeroportos sp","0","1","0.00","1.00"
"aeroportos viracopos","0","6","0.00","34.33"
"aeroposto de lisboa","0","3","0.00","13.33"
"aeroposto lisboa","0","2","0.00","8.00"
"aeropoto confins","0","3","0.00","60.67"
"aeropoto de lisboa","0","19","0.00","17.68"
"aeropoto lisboa","0","1","0.00","7.00"
"aeropprto de lisboa","0","4","0.00","5.50"
"aeropprto lisboa","0","2","0.00","10.00"
"aeroprak","0","12","0.00","18.33"
"aeroprk","0","17","0.00","5.65"
"aeroproto de lisboa","0","4","0.00","10.00"
"aeroproto lisboa","0","5","0.00","12.40"
"aeroprto de lisboa","0","6","0.00","10.83"
"aeroprto guarulhos","0","1","0.00","4.00"
"aeroprto lisboa","0","1","0.00","9.00"
"aeropsrk","0","13","0.00","5.92"
"aeropuerto afonso pena","0","1","0.00","12.00"
"aeropuerto curitiba","0","1","0.00","4.00"
"aeropuerto de curitiba","0","3","0.00","42.67"
"aeropuerto internacional afonso pena","0","2","0.00","62.50"
"aeropuerto internacional afonso pena fotos","0","20","0.00","5.15"
"aeropuerto sao paulo mapa","0","1","0.00","21.00"
"aeropuertos de sao paulo","0","2","0.00","1.00"
"aeropórto de guarulhos","0","1","0.00","36.00"
"aerovale","0","1","0.00","16.00"
"aerovale congonhas sp","0","2","0.00","7.00"
"aerovalet gru","0","28","0.00","4.79"
"aerovalet viracopos","0","26","0.00","6.69"
"aerporto afonso pena","0","7","0.00","21.14"
"aerporto curitiba","0","5","0.00","9.80"
"aerporto de confins","0","1","0.00","30.00"
"aerporto de curitiba","0","28","0.00","10.39"
"aerporto de lisboa","0","29","0.00","8.79"
"aerporto lisboa","0","8","0.00","20.25"
"aeuropark","0","1","0.00","6.00"
"afo parking","0","2","0.00","20.50"
"afonso curitiba","0","1","0.00","37.00"
"afonso pena","0","6","0.00","4.33"
"afonso pena aeroporto","0","677","0.00","20.88"
"afonso pena aeroporto curitiba","0","17","0.00","13.29"
"afonso pena airport","0","92","0.00","12.04"
"afonso pena curitiba","0","120","0.00","27.01"
"afonso pena cwb","0","1","0.00","12.00"
"afonso pena estacionamento","0","120","0.00","19.60"
"afonso pena international airport","0","23","0.00","61.04"
"afonso pena onde fica","0","10","0.00","11.00"
"afonsos curitiba","0","1","0.00","64.00"
"agencia localiza aeroporto curitiba","0","2","0.00","1.00"
"agencia localiza aeroporto guarulhos","0","2","0.00","1.50"
"agencia omnicom","0","1","0.00","1.00"
"agende a sua viagem para chegar ao aeroporto gru","0","126","0.00","29.71"
"agiliza campinas","0","5","0.00","49.60"
"agilizae","0","19","0.00","14.58"
"agregar fiorino no aeroporto viracopos","0","3","0.00","3.33"
"ah parking","0","1","0.00","12.00"
"aipark","0","1","0.00","8.00"
"aiport park","0","1","0.00","1.00"
"aiport parking","0","1","0.00","56.00"
"air canada guarulhos terminal","0","1","0.00","1.00"
"air china brasil telefone","0","1","0.00","3.00"
"air china no brasil","0","1","0.00","3.00"
"air europa gru","0","1","0.00","3.00"
"air europa guarulhos terminal","0","1","0.00","1.00"
"air europa terminal guarulhos","0","4","0.00","1.00"
"air parc","0","1","0.00","68.00"
"air parck","0","1","0.00","10.00"
"air park","0","395","0.00","33.31"
"air park auto","0","1","0.00","33.00"
"air park confins","0","3","0.00","23.67"
"air park de","0","2","0.00","25.50"
"air park drive","0","1","0.00","36.00"
"air park estacionamento","0","163","0.00","22.58"
"air park estacionamento confins","0","173","0.00","38.38"
"air park estacionamento guarulhos","0","2","0.00","23.00"
"air park lisboa","0","22","0.00","20.95"
"air parking","0","13","0.00","39.31"
"air parks","0","2","0.00","62.50"
"air port park","0","12","0.00","52.83"
"air port parking","0","2","0.00","25.00"
"aira park","0","9","0.00","7.78"
"airark","0","1","0.00","4.00"
"airbnb aeroporto congonhas","0","1","0.00","5.00"
"airbus a380","0","1","0.00","3.00"
"aircarpark","0","1","0.00","13.00"
"airlink park","0","1","0.00","86.00"
"airo park","0","4","0.00","43.50"
"airopark","0","2","0.00","4.00"
"airpaks","0","1","0.00","8.00"
"airparc","0","2","0.00","70.00"
"airparck","0","3","0.00","5.00"
"airpark - estacionamento aeroporto de faro","0","8","0.00","8.75"
"airpark 09","0","2","0.00","5.00"
"airpark ab","0","1","0.00","20.00"
"airpark aeroparque","0","4","0.00","18.00"
"airpark aeroporto lisboa","0","1025","0.00","19.59"
"airpark booking","0","2","0.00","25.00"
"airpark colorado","0","1","0.00","39.00"
"airpark estacionamento aeroporto de lisboa","0","995","0.00","18.71"
"airpark estacionamento aeroporto lisboa preco por dia","0","2","0.00","12.00"
"airpark faro","0","287","0.00","27.16"
"airpark lisboa","0","949","0.00","20.40"
"airpark living","0","1","0.00","37.00"
"airpark login","0","3","0.00","6.00"
"airpark motorsports","0","1","0.00","11.00"
"airpark official website","0","1","0.00","8.00"
"airpark opiniões","0","1","0.00","65.00"
"airpark parking","0","1","0.00","43.00"
"airpark plaza","0","1","0.00","41.00"
"airpark porto","0","3","0.00","67.00"
"airpark rec center","0","1","0.00","11.00"
"airparkone","0","1","0.00","95.00"
"airparks","0","29","0.00","34.79"
"airparks login","0","20","0.00","18.35"
"airparks official website","0","1","0.00","8.00"
"airparks.com","0","1","0.00","8.00"
"airparks.de","0","1","0.00","49.00"
"airperk","0","1","0.00","58.00"
"airport","0","1","0.00","1.00"
"airport airport parking","0","5","0.00","71.20"
"airport bh","0","1","0.00","3.00"
"airport bh estacionamento","0","4","0.00","3.50"
"airport bus service congonhas","0","1","0.00","1.00"
"airport bus service guarulhos congonhas","0","1","0.00","3.00"
"airport carpark","0","1","0.00","25.00"
"airport drop-off","0","1","0.00","4.00"
"airport estacionamento","0","13","0.00","58.38"
"airport estacionamento guarulhos","0","28","0.00","43.14"
"airport express parking","0","2","0.00","13.00"
"airport faro parking","0","1","0.00","72.00"
"airport garage parking","0","1","0.00","11.00"
"airport gru","0","1","0.00","1.00"
"airport gru estacionamento","0","1","0.00","1.00"
"airport guarulhos estacionamento","0","21","0.00","64.43"
"airport lisboa","0","9","0.00","15.78"
"airport park","0","217","0.00","42.53"
"airport park - gru estacionamento aeroporto guarulhos","0","102","0.00","21.88"
"airport park - gru estacionamento aeroporto guarulhos fotos","0","6","0.00","16.00"
"airport park and fly","0","7","0.00","51.29"
"airport park and ride","0","4","0.00","55.25"
"airport park congonhas","0","12","0.00","23.83"
"airport park cumbica","0","4","0.00","45.00"
"airport park em guarulhos","0","6","0.00","49.00"
"airport park estacionamento","0","28","0.00","46.64"
"airport park estacionamento aeroporto guarulhos","0","5","0.00","16.00"
"airport park estacionamento guarulhos","0","1","0.00","56.00"
"airport park fly","0","1","0.00","70.00"
"airport park gru","0","74","0.00","43.69"
"airport park gru - estacionamento aeroporto guarulhos","0","48","0.00","49.17"
"airport park gru estacionamento aeroporto guarulhos","0","44","0.00","34.20"
"airport park guarulhos","0","214","0.00","47.00"
"airport park guarulhos estacionamento","0","18","0.00","54.22"
"airport park guarulhos reclame aqui","0","3","0.00","3.67"
"airport park guarulhos telefone","0","2","0.00","44.50"
"airport park guarulhos é bom","0","17","0.00","1.12"
"airport park viracopos","0","6","0.00","4.50"
"airport parken","0","1","0.00","79.00"
"airport parking","0","72","0.00","52.54"
"airport parking company","0","1","0.00","73.00"
"airport parking park airport - gru","0","25","0.00","45.56"
"airport parking park airport gru","0","1","0.00","59.00"
"airport parking prices","0","1","0.00","7.00"
"airport parks","0","9","0.00","63.78"
"airport valet parking","0","1","0.00","4.00"
"airport vcp sao paulo","0","1","0.00","2.00"
"airporto lisboa","0","4","0.00","43.25"
"airportpark","0","3","0.00","34.00"
"airportpark guarulhos","0","10","0.00","41.60"
"airportparking","0","4","0.00","80.00"
"airportsparking","0","1","0.00","36.00"
"airprk","0","3","0.00","4.00"
"aky park","0","5","0.00","9.00"
"akypark","0","4","0.00","5.50"
"alagoas tem aeroporto","0","9","0.00","1.00"
"alapark","0","1","0.00","37.00"
"allianz parque fica perto de qual aeroporto","0","1","0.00","1.00"
"alternativa","0","2","0.00","6.00"
"alternativa estapar congonhas","0","28","0.00","58.21"
"alternativas","0","1","0.00","7.00"
"alternativos","0","1","0.00","3.00"
"altura van","0","1","0.00","8.00"
"alugar carro em viracopos","0","1","0.00","81.00"
"alugar carro no aeroporto de guarulhos","0","1","0.00","2.00"
"alugar carro salvador aeroporto","0","1","0.00","5.00"
"alugar carro viracopos","0","1","0.00","57.00"
"aluguel de carro aeroporto curitiba","0","1","0.00","68.00"
"aluguel de carro aeroporto viracopos","0","3","0.00","49.33"
"aluguel de carro em viracopos","0","1","0.00","61.00"
"aluguel de carro no aeroporto de guarulhos","0","1","0.00","10.00"
"aluguel de carro viracopos","0","1","0.00","62.00"
"aluguel de carros -- guarulhos preços","0","1","0.00","1.00"
"aluguel de carros aeroporto de guarulhos","0","3","0.00","6.33"
"aluguel de carros aeroporto viracopos","0","3","0.00","49.00"
"aluguel de carros guarulhos preços","0","1","0.00","1.00"
"aluguel de carros no aeroporto de navegantes sc","0","1","0.00","86.00"
"aluguel de carros presidente prudente aeroporto","0","1","0.00","7.00"
"aluguel de garagem para carro","0","1","0.00","1.00"
"aluguel estacionamento aeroporto guarulhos","0","3","0.00","1.00"
"american express","0","1","0.00","2.00"
"ana aeroporto lisboa estacionamento","0","124","0.00","42.60"
"ana aeroporto lisboa parque","0","3","0.00","44.33"
"ana aeroportos estacionamento lisboa","0","20","0.00","38.95"
"ana aeroportos lisboa estacionamento","0","10","0.00","43.50"
"ana aeroportos parking","0","7","0.00","52.14"
"ana aeroportos parque","0","12","0.00","61.33"
"ana estacionamento","0","1","0.00","88.00"
"ana estacionamento aeroporto lisboa","0","7","0.00","36.71"
"ana estacionamento lisboa","0","5","0.00","35.80"
"ana lisboa estacionamento","0","3","0.00","36.00"
"ana parking","0","1","0.00","28.00"
"ana parking lisboa","0","2","0.00","27.50"
"ana parque aeroporto lisboa","0","1","0.00","89.00"
"ana parque lisboa","0","7","0.00","70.29"
"ana parques","0","1","0.00","47.00"
"ana parques aeroporto lisboa","0","33","0.00","52.82"
"andre franco montoro aeroporto","0","1","0.00","1.00"
"aniversário de confins","0","1","0.00","3.00"
"aonde fica confins","0","9","0.00","1.00"
"aonde fica o aeroporto afonso pena","0","24","0.00","7.38"
"aonde fica o aeroporto de congonhas","0","1","0.00","58.00"
"aonde fica o aeroporto de curitiba","0","1","0.00","13.00"
"aonde fica o aeroporto de viracopos","0","1","0.00","2.00"
"aonde fica o aeroporto internacional de viracopos","0","1","0.00","1.00"
"aonde fica o aeroporto viracopos","0","3","0.00","1.33"
"aonde fica viracopos","0","11","0.00","1.00"
"aopark","0","1","0.00","9.00"
"apark","0","2","0.00","72.00"
"aparking","0","1","0.00","80.00"
"aplicativo","0","1","0.00","1.00"
"aplicativo estacionamento aeroporto brasilia","0","2","0.00","1.00"
"aplicativo estacionamento aeroporto fortaleza","0","2","0.00","3.00"
"apolo estacionamento","0","1","0.00","3.00"
"app estacionamento","0","1","0.00","1.00"
"apresentá lo","0","17","0.00","19.71"
"apresentá-lo","0","8","0.00","14.88"
"arai estacionamento","0","83","0.00","7.12"
"arai parking","0","31","0.00","6.23"
"araipark","0","147","0.00","5.52"
"arajet terminal guarulhos","0","1","0.00","1.00"
"area aeroporto lisboa","0","2","0.00","1.00"
"area azul navegantes","0","1","0.00","2.00"
"area de desembarque aeroporto de congonhas","0","4","0.00","2.00"
"area de desembarque aeroporto viracopos","0","2","0.00","3.00"
"area de desembarque rodoviaria tiete","0","1","0.00","3.00"
"area de desembarque viracopos","0","2","0.00","2.00"
"area de embarque congonhas","0","2","0.00","65.00"
"area de embarque viracopos","0","1","0.00","67.00"
"area desembarque congonhas","0","1","0.00","1.00"
"area do aeroporto de guarulhos","0","1","0.00","1.00"
"area park estacionamento","0","1","0.00","2.00"
"areo park","0","3","0.00","8.00"
"areopark","0","12","0.00","17.17"
"areoporto lisboa","0","1","0.00","1.00"
"arepark","0","5","0.00","6.00"
"areropark","0","1","0.00","4.00"
"ari park","0","1","0.00","7.00"
"ari parking","0","1","0.00","5.00"
"arial park","0","2","0.00","4.50"
"armazenamento de bagagem aeroporto de lisboa","0","2","0.00","74.00"
"aroporto de lisboa","0","1","0.00","9.00"
"aroporto lisboa","0","3","0.00","6.00"
"arport parking","0","1","0.00","29.00"
"arporto","0","13","0.00","7.08"
"arredores","0","1","0.00","7.00"
"arropark","0","1","0.00","1.00"
"arroporto curitiba","0","6","0.00","10.67"
"arroporto de lisboa","0","10","0.00","9.00"
"arroporto lisboa","0","5","0.00","3.60"
"artigos proibidos aviao","0","1","0.00","82.00"
"aruja aeroporto","0","2","0.00","1.00"
"as duas coisas","0","1","0.00","2.00"
"asroporto de lisboa","0","5","0.00","14.00"
"asroporto lisboa","0","2","0.00","7.50"
"astopark","0","1","0.00","10.00"
"ate que horas funciona o aeroporto de congonhas","0","1","0.00","2.00"
"atenas aeroporto","0","1","0.00","1.00"
"atopark","0","1","0.00","11.00"
"atp estacionamento campinas","0","3","0.00","10.33"
"atraso","0","1","0.00","2.00"
"até guarulhos","0","1","0.00","11.00"
"augusta park estacionamento","0","1","0.00","9.00"
"auto park aeroporto curitiba","0","1","0.00","23.00"
"auto park brasil","0","21","0.00","8.00"
"auto park brasil confins","0","10","0.00","13.10"
"auto park brasil estacionamento confins","0","57","0.00","24.65"
"auto park confins","0","19","0.00","22.26"
"auto park estacionamento telefone","0","1","0.00","78.00"
"auto park estacionamento valor","0","3","0.00","1.00"
"auto park veiculos","0","1","0.00","1.00"
"auto parking","0","1","0.00","11.00"
"automação de estacionamentos","0","1","0.00","97.00"
"autopark confins","0","21","0.00","8.00"
"av das industrias 1344 porto alegre","0","8","0.00","9.88"
"av marechal mascarenhas de morais 6133","0","7","0.00","9.14"
"av marechal mascarenhas de morais 6133 recife","0","59","0.00","9.92"
"av ministro evandro lins e silva 140","0","1","0.00","3.00"
"av monteiro lobato 4250","0","41","0.00","12.76"
"av monteiro lobato 4250 guarulhos","0","3","0.00","12.00"
"av novo brasil 954","0","37","0.00","7.59"
"av novo brasil 954 guarulhos","0","177","0.00","14.41"
"av vinte de janeiro s/n estac tps2 via d","0","41","0.00","9.07"
"av washington luiz 7135 - são paulo - sp","0","43","0.00","10.28"
"av. das indústrias, 1344","0","1","0.00","9.00"
"av. mal. mascarenhas de moraes,6133","0","5","0.00","10.00"
"av. marechal mascarenhas de morais 6133 recife","0","1","0.00","9.00"
"av. marechal mascarenhas de morais, 6133","0","185","0.00","10.51"
"av. marechal mascarenhas de morais, 6133, imbiribeira, recife, pe, brasil","0","21","0.00","10.05"
"av. min. evandro lins e silva, 140 - parque cecap guarulhos- sp- brasil | cep: 07190-017","0","2","0.00","6.50"
"av. min. evandro lins e silva, 140 - parque cecap, guarulhos","0","2","0.00","12.00"
"av. monteiro lobato 4.250, junto a av. hélio smidt","0","3","0.00","6.33"
"av. monteiro lobato 4250 guarulhos - sp","0","1","0.00","12.00"
"av. monteiro lobato, 4250, guarulhos - sp.","0","87","0.00","10.44"
"av. novo brasil 954","0","44","0.00","23.45"
"av. novo brasil 954 - cidade industrial satélite de são paulo guarulhos - sp 07221-010","0","49","0.00","11.08"
"av. novo brasil 954 cidade industrial satélite de são paulo guarulhos sp 07221-010","0","54","0.00","16.19"
"av. novo brasil 954 guarulhos sp 07221-010","0","35","0.00","18.11"
"av. novo brasil, 954","0","63","0.00","7.97"
"av. novo brasil, 954, cidade industrial satélite de são paulo, guarulhos, sp, 07221-010","0","101","0.00","6.16"
"av. pres. tancredo de almeida neves, 2081","0","2","0.00","11.00"
"av. pres. tancredo de almeida neves, 2081 são roque, guarulhos - sp, 07112-070","0","13","0.00","10.62"
"av. rocha pombo - águas belas, são josé dos pinhais - pr, 83010-900","0","1","0.00","2.00"
"av. washington luís , 7023 - santo amaro","0","97","0.00","5.18"
"avaliação ponce park","0","1","0.00","14.00"
"avaliações sobre aeropark - estacionamento aeroporto de guarulhos cumbica","0","767","0.00","12.35"
"avaliações sobre aeroporto afonso pena","0","97","0.00","7.53"
"avaliações sobre aeroporto de foz do iguaçu","0","1","0.00","2.00"
"avaliações sobre aeroporto de lisboa","0","1","0.00","12.00"
"avaliações sobre aeroporto humberto delgado","0","29","0.00","10.45"
"avaliações sobre aeroporto internacional de joão pessoa","0","1","0.00","2.00"
"avaliações sobre aeroporto tancredo neves","0","3","0.00","2.00"
"avaliações sobre aeroporto viracopos","0","4","0.00","45.00"
"avaliações sobre airport park gru","0","42","0.00","36.45"
"avaliações sobre arai park","0","84","0.00","10.32"
"avaliações sobre bandeira park - estacionamento aeroporto congonhas cgh","0","2","0.00","5.50"
"avaliações sobre bandeira park - estacionamento aeroporto congonhas cgh são paulo","0","7","0.00","9.29"
"avaliações sobre bandeira park - estacionamento aeroporto guarulhos gru","0","9","0.00","14.44"
"avaliações sobre bandeira park - estacionamento aeroporto viracopos campinas vcp","0","15","0.00","9.07"
"avaliações sobre bandeira park guarulhos","0","70","0.00","8.00"
"avaliações sobre best park aeroporto","0","11","0.00","9.00"
"avaliações sobre best park estacionamento aeroporto de curitiba","0","75","0.00","8.65"
"avaliações sobre br park estacionamento aeroporto leite lopes ribeirão preto","0","1","0.00","2.00"
"avaliações sobre br parking estacionamento","0","1","0.00","25.00"
"avaliações sobre bristol international airport hotel","0","1","0.00","6.00"
"avaliações sobre call park estacionamento aeroporto","0","4","0.00","10.50"
"avaliações sobre central park aeroporto","0","44","0.00","9.77"
"avaliações sobre confins transportes","0","1","0.00","11.00"
"avaliações sobre econopark aeroporto de guarulhos gru","0","251","0.00","9.72"
"avaliações sobre estacionamento aeroporto confins ipo park","0","1","0.00","10.00"
"avaliações sobre estacionamento aeroporto santos dumont","0","8","0.00","9.38"
"avaliações sobre estacionamento bambuzal","0","1","0.00","10.00"
"avaliações sobre estacionamento do aeroporto de fortaleza","0","3","0.00","10.33"
"avaliações sobre estacionamento pátio confins","0","59","0.00","10.92"
"avaliações sobre estacionamento space park confins","0","14","0.00","10.86"
"avaliações sobre estacionamento urban park guarulhos","0","166","0.00","16.30"
"avaliações sobre estapar aeroporto de viracopos (vcp)","0","1","0.00","2.00"
"avaliações sobre estapar estacionamentos - edifício-garagem - terminal 2 galeão","0","2","0.00","2.50"
"avaliações sobre estapar estacionamentos aeroporto de congonhas (cgh)","0","17","0.00","2.12"
"avaliações sobre estapar estacionamentos aeroporto de curitiba (cwb)","0","41","0.00","7.51"
"avaliações sobre estapar estacionamentos aeroporto de viracopos (vcp)","0","1","0.00","12.00"
"avaliações sobre estapar viracopos","0","8","0.00","4.88"
"avaliações sobre ipopark","0","1","0.00","2.00"
"avaliações sobre jfparking - estacionamento econômico e seguro em viracopos campinas","0","4","0.00","14.00"
"avaliações sobre km 64 estacionamento","0","3","0.00","6.00"
"avaliações sobre km64","0","1","0.00","3.00"
"avaliações sobre mobiciti congonhas","0","11","0.00","10.64"
"avaliações sobre mobiciti guarulhos","0","2","0.00","4.00"
"avaliações sobre movepark gru – aeroporto guarulhos","0","324","0.00","7.90"
"avaliações sobre multipark aeroporto congonhas","0","3","0.00","11.00"
"avaliações sobre multipark confins","0","113","0.00","15.35"
"avaliações sobre nation park - estacionamento aeroporto curitiba afonso pena (cwb)","0","286","0.00","10.95"
"avaliações sobre nation park curitiba","0","671","0.00","9.14"
"avaliações sobre nation park estacionamento","0","75","0.00","10.17"
"avaliações sobre nationpark","0","60","0.00","9.73"
"avaliações sobre one parking congonhas","0","65","0.00","11.05"
"avaliações sobre park222","0","2","0.00","26.50"
"avaliações sobre ponce estacionamento","0","14","0.00","15.50"
"avaliações sobre ponce park","0","15","0.00","28.27"
"avaliações sobre premium park confins","0","66","0.00","11.03"
"avaliações sobre premium park estacionamentos","0","7","0.00","14.43"
"avaliações sobre premiumpark","0","21","0.00","11.67"
"avaliações sobre secret guarulhos","0","3","0.00","4.33"
"avaliações sobre servparking gru","0","1","0.00","8.00"
"avaliações sobre skypark","0","5","0.00","6.80"
"avaliações sobre super park estacionamento","0","1","0.00","6.00"
"avaliações sobre são paulo viracopos","0","4","0.00","14.75"
"avaliações sobre urban park gru estacionamento aeroporto guarulhos","0","103","0.00","29.18"
"avaliações sobre ve park estacionamento aeroporto","0","1","0.00","9.00"
"avaliações sobre viajepark","0","41","0.00","11.12"
"avaliações sobre yellow parking estacionamento - viracopos","0","158","0.00","10.14"
"avaliações sobre yellow parking estacionamento - viracopos campinas","0","1","0.00","10.00"
"avaliações sobre yellow parking estacionamento 24 horas - aeroporto guarulhos","0","2","0.00","3.00"
"avaliações sobre yellowparking","0","2","0.00","12.00"
"avan","0","1","0.00","2.00"
"avapark","0","1","0.00","82.00"
"avenida governador amaral peixoto 507","0","2","0.00","9.00"
"avenida marechal mascarenhas de morais 6133 recife","0","9","0.00","11.56"
"avenida ministro evandro lins e silva 140","0","1","0.00","12.00"
"avenida monteiro lobato 4250","0","2","0.00","11.50"
"avenida natalia zarif 2915 guarulhos sp","0","1","0.00","12.00"
"avenida natália zarif, 2915 - jardim são geraldo, guarulhos","0","33","0.00","10.09"
"avenida novo brasil 954","0","56","0.00","7.96"
"avenida novo brasil 954 guarulhos","0","161","0.00","14.93"
"avenida paulo ferreira da costa 445, lagoa santa, mg","0","33","0.00","8.61"
"avianca aeroporto de guarulhos","0","2","0.00","1.00"
"aviario afonso pena","0","1","0.00","12.00"
"avipark","0","1","0.00","27.00"
"avis gru airport","0","1","0.00","2.00"
"avis guarulhos airport","0","1","0.00","1.00"
"avis viracopos","0","1","0.00","2.00"
"avião furtivo","0","1","0.00","4.00"
"avião indonesia","0","1","0.00","3.00"
"avv parking","0","1","0.00","4.00"
"awropark","0","9","0.00","5.89"
"awroporto de lisboa","0","1","0.00","23.00"
"awroporto lisboa","0","2","0.00","44.50"
"azul aeroporto guarulhos","0","1","0.00","2.00"
"azul campinas viracopos","0","1","0.00","1.00"
"azul estacionamento","0","4","0.00","3.25"
"azul estacionamento confins","0","1","0.00","3.00"
"azul estacionamento viracopos","0","360","0.00","15.62"
"azul parking","0","1","0.00","1.00"
"aéroporto de guarulhos","0","1","0.00","41.00"
"aéroporto de lisboa","0","169","0.00","13.13"
"aéroporto lisboa","0","10","0.00","15.00"
"b paark","0","1","0.00","11.00"
"b park estacionamento","0","285","0.00","7.91"
"b parking","0","7","0.00","6.14"
"b parm","0","1","0.00","9.00"
"b parrk","0","1","0.00","10.00"
"b-park","0","13","0.00","9.08"
"b.park","0","1","0.00","9.00"
"baa car parks","0","1","0.00","3.00"
"baffs congonhas","0","1","0.00","3.00"
"bairro do aeroporto de guarulhos","0","19","0.00","7.16"
"bairro perto do aeroporto viracopos","0","1","0.00","2.00"
"bairros próximo ao aeroporto de guarulhos","0","1","0.00","1.00"
"balcão de estacionamento","0","1","0.00","72.00"
"bambuzal estacionamento","0","11","0.00","9.00"
"bandeira congonhas","0","1","0.00","1.00"
"bandeira de congonhas","0","2","0.00","1.00"
"bandeira estacionamento","0","11","0.00","14.18"
"bandeira estacionamento viracopos","0","32","0.00","9.84"
"bandeira park - estacionamento aeroporto congonhas cgh","0","59","0.00","9.66"
"bandeira park - estacionamento aeroporto congonhas cgh são paulo","0","26","0.00","11.81"
"bandeira park - estacionamento aeroporto guarulhos gru","0","27","0.00","43.30"
"bandeira park - estacionamento aeroporto guarulhos gru guarulhos","0","30","0.00","37.43"
"bandeira park - estacionamento aeroporto viracopos campinas vcp","0","224","0.00","13.80"
"bandeira park - estacionamento aeroporto viracopos campinas vcp - rua antônio luchiari - distrito industrial campinas - sp","0","1","0.00","8.00"
"bandeira park - estacionamento aeroporto viracopos campinas vcp campinas","0","4","0.00","10.00"
"bandeira park - reclame aqui","0","1","0.00","5.00"
"bandeira park campinas viracopos","0","9","0.00","13.22"
"bandeira park cgh","0","90","0.00","11.02"
"bandeira park congon","0","6","0.00","9.00"
"bandeira park congonhas - r. vieira de morais, 2110 - campo belo, são paulo - sp, 04617-007","0","1","0.00","10.00"
"bandeira park congonhas reclame aqui","0","2","0.00","2.00"
"bandeira park cupom de desconto","0","1","0.00","3.00"
"bandeira park estacionamento aeroporto viracopos campinas vcp","0","163","0.00","42.05"
"bandeira park estacionamento guarulhos","0","34","0.00","26.76"
"bandeira park estacionamento viracopos","0","223","0.00","9.61"
"bandeira park gru","0","114","0.00","26.35"
"bandeira park guarulhos - r. joaquina de jesus, 745 guarulhos | - parque santo agostinho, guarulhos - sp, 07140-233","0","26","0.00","10.42"
"bandeira park guarulhos reclame aqui","0","3","0.00","7.67"
"bandeira park guarulhos é bom","0","13","0.00","27.69"
"bandeira park online","0","189","0.00","11.36"
"bandeira park reserva","0","16","0.00","9.69"
"bandeira park santana","0","30","0.00","12.00"
"bandeira park tiete","0","173","0.00","19.84"
"bandeira park tietê","0","124","0.00","28.17"
"bandeira park viraco","0","2","0.00","6.50"
"bandeira park viracopos campinas","0","22","0.00","10.95"
"bandeira park viracopos reserva","0","22","0.00","8.64"
"bandeira park viracopos telefone","0","13","0.00","9.08"
"bandeira park viracopos é confiavel","0","115","0.00","10.26"
"bandeira park é confiável","0","57","0.00","7.14"
"bandeira park.online","0","179","0.00","10.65"
"bandeira parking","0","13","0.00","9.92"
"bandeira parque","0","8","0.00","16.88"
"bandeirapark.com.br","0","114","0.00","38.45"
"bandeirapark.online","0","12","0.00","8.33"
"bandeiras park","0","45","0.00","12.51"
"bandera park","0","20","0.00","11.10"
"barato","0","1","0.00","10.00"
"barra funda aeroporto guarulhos","0","3","0.00","1.00"
"barra funda guarulhos aeroporto","0","1","0.00","1.00"
"be park confins azul","0","1","0.00","9.00"
"be parking","0","13","0.00","5.00"
"be parking parqueaderos","0","1","0.00","7.00"
"be parl","0","2","0.00","6.00"
"be parm","0","1","0.00","7.00"
"beasrk","0","1","0.00","9.00"
"bebark","0","1","0.00","4.00"
"bee park","0","25","0.00","7.68"
"bee parking","0","1","0.00","87.00"
"beepark","0","3","0.00","9.00"
"bella park estacionamento","0","2","0.00","70.50"
"belo horizonte aeroporto","0","4","0.00","2.25"
"belo horizonte aeroporto confins","0","1","0.00","2.00"
"belo horizonte airport","0","1","0.00","1.00"
"belo horizonte confins","0","3","0.00","63.00"
"belo horizonte confins aeroporto","0","2","0.00","3.50"
"belvitur","0","1","0.00","14.00"
"bem próximo","0","1","0.00","7.00"
"beoark","0","3","0.00","9.00"
"bepark azul","0","33","0.00","10.73"
"bepark logo","0","1","0.00","9.00"
"bepark phone number +32 2 880 05 50","0","1","0.00","9.00"
"beparking","0","1","0.00","1.00"
"beparl","0","1","0.00","6.00"
"beprk","0","2","0.00","9.50"
"berpark","0","1","0.00","11.00"
"besr park","0","1","0.00","3.00"
"best estacionamento aeroporto","0","40","0.00","5.40"
"best oark","0","1","0.00","8.00"
"best park estacionamento aeroporto","0","143","0.00","7.38"
"best park estacionamento aeroporto curitiba","0","32","0.00","8.25"
"best park estacionamento aeroporto de curitiba fotos","0","95","0.00","8.88"
"best park estacionamento curitiba","0","11","0.00","7.82"
"best park estacionamentos","0","1","0.00","15.00"
"best park estacionamiento","0","1","0.00","10.00"
"best park executive","0","123","0.00","7.33"
"best park executive aeroporto","0","26","0.00","9.19"
"best park executive aeroporto curitiba","0","27","0.00","10.48"
"best park executive curitiba","0","3","0.00","8.33"
"best parl","0","4","0.00","4.50"
"beste park","0","1","0.00","7.00"
"bestpark","0","70","0.00","15.24"
"bg park","0","1","0.00","11.00"
"bh airport","0","4","0.00","4.25"
"bh airport estacionamento","0","30","0.00","52.00"
"bh airport estacionamento telefone","0","1","0.00","1.00"
"bh confins","0","1","0.00","84.00"
"bh confins aeroporto","0","1","0.00","95.00"
"bh park estacionamento campo de marte","0","1","0.00","1.00"
"bh park estacionamento confins","0","10","0.00","10.00"
"bh park uberlandia","0","1","0.00","4.00"
"bh parking","0","5","0.00","6.40"
"bhairport estacionamento","0","1","0.00","3.00"
"big estacionamento","0","4","0.00","6.50"
"big estacionamento brasilia","0","48","0.00","15.17"
"big estacionamento brasília","0","1","0.00","90.00"
"big estacionamento bsb","0","9","0.00","10.00"
"big park estacionamento","0","6","0.00","77.17"
"birapark","0","16","0.00","4.88"
"bk 24 horas guarulhos","0","2","0.00","1.00"
"blog aeroporto","0","7","0.00","49.00"
"blogs de viagem","0","1","0.00","1.00"
"blue park estacionamento","0","1","0.00","3.00"
"blue valet lisboa","0","66","0.00","72.00"
"boa viagem, recife","0","1","0.00","3.00"
"boeing 777","0","1","0.00","3.00"
"bolsao f estacionamento viracopos","0","44","0.00","7.73"
"bolsao f viracopos","0","3","0.00","8.00"
"bolsao viracopos","0","3","0.00","4.33"
"bolsão econômico","0","6","0.00","4.17"
"bom park estacionamento","0","1","0.00","9.00"
"bom preço aeroporto","0","10","0.00","48.50"
"bomba no aeroporto viracopos","0","1","0.00","25.00"
"book parking","0","2","0.00","10.50"
"bossa nova mall","0","1","0.00","7.00"
"bossa nova mall estacionamento","0","2","0.00","7.50"
"box park estacionamento","0","2","0.00","6.00"
"bp park","0","1","0.00","5.00"
"bpaark","0","1","0.00","40.00"
"bpark azul","0","4","0.00","1.00"
"bpark estacionamento","0","304","0.00","10.47"
"bparking","0","1","0.00","1.00"
"bpatk","0","3","0.00","11.33"
"bppark","0","1","0.00","4.00"
"br estacionamento","0","14","0.00","57.29"
"br estacionamento aeroporto guarulhos","0","22","0.00","41.32"
"br estacionamento gru","0","4","0.00","53.75"
"br estacionamento guarulhos","0","50","0.00","48.78"
"br estacionamento viracopos","0","27","0.00","9.59"
"br express","0","1","0.00","3.00"
"br express estacionamento","0","14","0.00","57.93"
"br express guarulhos","0","1","0.00","47.00"
"br express parking","0","120","0.00","42.83"
"br express parking guarulhos","0","6","0.00","34.17"
"br express parking preco","0","44","0.00","55.52"
"br park","0","22","0.00","23.18"
"br park estacionamento","0","72","0.00","23.03"
"br park estacionamento aeroporto leite lopes ribeirão preto","0","33","0.00","36.18"
"br park guarulhos","0","5","0.00","33.00"
"br park ribeirão preto","0","2","0.00","2.00"
"br park viracopos","0","2","0.00","10.00"
"br parking","0","207","0.00","26.23"
"br parking ac","0","1","0.00","17.00"
"br parking congonhas","0","6","0.00","43.83"
"br parking estacionamento","0","86","0.00","25.12"
"br parking gru","0","3","0.00","45.67"
"br parking guarulhos","0","52","0.00","30.62"
"br parking guarulhos preço","0","25","0.00","46.64"
"br parking viracopos campinas","0","26","0.00","15.38"
"br parking viracopos fotos","0","1","0.00","11.00"
"br parking viracopos reclame aqui","0","3","0.00","1.00"
"br parking viracopos é bom","0","1","0.00","1.00"
"brasil park estacionamento guarulhos","0","1","0.00","33.00"
"brasilpark - garagem guarulhos","0","1","0.00","50.00"
"braspark vitoria","0","6","0.00","9.17"
"brasspress guarulhos","0","1","0.00","1.00"
"brem park 2","0","1","0.00","84.00"
"bresco viracopos","0","1","0.00","4.00"
"brparking","0","376","0.00","7.77"
"brparking guarulhos","0","39","0.00","10.51"
"brparking viracopos","0","20","0.00","16.75"
"bsb park","0","1","0.00","31.00"
"burger king 24 horas guarulhos","0","1","0.00","1.00"
"bus service congonhas","0","1","0.00","1.00"
"cabine de descanso aeroporto guarulhos","0","1","0.00","1.00"
"cabine de dormir aeroporto guarulhos","0","3","0.00","1.00"
"cabine descanso aeroporto guarulhos","0","1","0.00","1.00"
"cabine no aeroporto de viracopos","0","1","0.00","87.00"
"cabine para dormir aeroporto guarulhos","0","1","0.00","1.00"
"cabine para dormir no aeroporto de guarulhos","0","4","0.00","1.00"
"cabines para dormir no aeroporto congonhas","0","1","0.00","3.00"
"cabines para dormir no aeroporto de guarulhos","0","7","0.00","1.00"
"cabines para dormir no aeroporto de lisboa","0","1","0.00","1.00"
"cacifos aeroporto lisboa","0","1","0.00","2.00"
"cacifos aeroporto porto","0","1","0.00","3.00"
"caixa eletrônico aeroporto guarulhos","0","2","0.00","1.00"
"call park","0","1","0.00","7.00"
"call park estacionamento aeroporto","0","41","0.00","50.20"
"call park estacionamento aeroporto fotos","0","1","0.00","3.00"
"call park guarulhos","0","40","0.00","61.90"
"callpark","0","21","0.00","10.19"
"cambio em guarulhos","0","1","0.00","2.00"
"cambio guarulhos aeroporto","0","1","0.00","1.00"
"cambio no aeroporto de guarulhos","0","1","0.00","1.00"
"cameras aeroporto congonhas ao vivo","0","1","0.00","50.00"
"campinas","0","2","0.00","7.00"
"campinas aeroporto","0","4","0.00","2.50"
"campinas aeroporto internacional","0","1","0.00","1.00"
"campinas aeroporto viracopos mapa interno","0","2","0.00","29.00"
"campinas congonhas distancia","0","3","0.00","79.67"
"campinas sao paulo airport","0","1","0.00","2.00"
"campinas shopping estacionamento","0","1","0.00","3.00"
"campinas sp tem aeroporto","0","2","0.00","1.00"
"campinas tem aeroporto","0","23","0.00","12.35"
"campinas tem aeroporto internacional","0","2","0.00","9.50"
"campinas tem quantos aeroportos","0","2","0.00","14.50"
"campinas vcp","0","1","0.00","1.00"
"campinas vira copos","0","1","0.00","1.00"
"campinas viracopos","0","1","0.00","54.00"
"camping voraparc espot","0","1","0.00","5.00"
"car parking","0","2","0.00","6.00"
"car wash near me prices","0","1","0.00","1.00"
"caragem","0","1","0.00","1.00"
"caro","0","1","0.00","8.00"
"carro","0","2","0.00","3.00"
"carro do gru","0","1","0.00","3.00"
"carro no aeroporto","0","37","0.00","16.97"
"cartao de embarque tap portugal","0","1","0.00","1.00"
"cartões que dão acesso a sala vip guarulhos","0","1","0.00","1.00"
"casa cambio aeroporto guarulhos","0","6","0.00","1.00"
"casa de cambio em guarulhos aeroporto","0","2","0.00","3.00"
"casa de cambio guarulhos aeroporto","0","8","0.00","1.00"
"casa de cambio no aeroporto de guarulhos","0","1","0.00","3.00"
"casa de câmbio aeroporto guarulhos","0","1","0.00","1.00"
"casa de câmbio no aeroporto de guarulhos","0","4","0.00","1.00"
"casablanca aeroporto","0","1","0.00","1.00"
"cataratas estacionamento","0","1","0.00","1.00"
"catedral estacionamento navegantes","0","576","0.00","7.71"
"cb park estacionamento unicuritiba","0","1","0.00","11.00"
"ccr aeroportos petrolina","0","1","0.00","3.00"
"cdg aeroporto","0","1","0.00","1.00"
"cecap guarulhos endereço","0","1","0.00","1.00"
"celular rastreado","0","1","0.00","86.00"
"cemiterio congonhas","0","1","0.00","3.00"
"central estacionamento","0","1","0.00","5.00"
"central park","0","6","0.00","7.67"
"central park 24h estacionamento aeroporto de guarulhos","0","197","0.00","23.25"
"central park confins diárias a partir de r$ 20","0","15","0.00","9.80"
"central park confins diárias a partir de r$ 20 fotos","0","3","0.00","12.00"
"central park confins diárias a partir de r$ 22,00","0","138","0.00","10.74"
"central park guarulhos","0","381","0.00","8.11"
"central parking estacionamento","0","6","0.00","40.00"
"central parking services","0","2","0.00","80.00"
"centro","0","1","0.00","5.00"
"centro empresarial de viracopos","0","1","0.00","13.00"
"centro empresarial viracopos","0","49","0.00","28.90"
"centro esportivo tiete estacionamento","0","9","0.00","3.11"
"centro esportivo tiete tem estacionamento","0","1","0.00","3.00"
"centro park estacionamento","0","1","0.00","54.00"
"cep aeroporto","0","1","0.00","1.00"
"cep aeroporto campinas","0","1","0.00","2.00"
"cep aeroporto confins","0","4","0.00","3.00"
"cep aeroporto de guarulhos","0","40","0.00","1.00"
"cep aeroporto gru","0","1","0.00","1.00"
"cep aeroporto guarulhos","0","17","0.00","1.00"
"cep aeroporto internacional de guarulhos","0","1","0.00","1.00"
"cep aeroporto viracopos","0","1","0.00","2.00"
"cep de confins","0","1","0.00","2.00"
"cep de guarulhos aeroporto","0","3","0.00","1.00"
"cep do aeroporto de campinas","0","3","0.00","1.33"
"cep do aeroporto de confins","0","1","0.00","3.00"
"cep do aeroporto de congonhas sp","0","1","0.00","1.00"
"cep do aeroporto de guarulhos","0","8","0.00","1.00"
"cep do aeroporto de guarulhos são paulo","0","1","0.00","1.00"
"cep guarulhos aeroporto","0","2","0.00","1.00"
"cetro park gestão de estacionamento","0","1","0.00","51.00"
"cev","0","1","0.00","2.00"
"cgh aeroporto","0","2","0.00","1.00"
"cgh airport drop off","0","24","0.00","46.04"
"cgh car service","0","13","0.00","28.46"
"cgh drop off","0","5","0.00","45.40"
"cgh estacionamento","0","35","0.00","31.71"
"cgh pickup","0","29","0.00","46.69"
"cgh qual aeroporto","0","1","0.00","1.00"
"cgh sigla aeroporto","0","1","0.00","2.00"
"cgh é congonhas?","0","1","0.00","2.00"
"cgh é qual aeroporto","0","1","0.00","59.00"
"cgr park","0","6","0.00","9.50"
"cgr park estacionamento","0","2","0.00","9.50"
"charles de gaulle aeroporto","0","1","0.00","5.00"
"charlie aeroporto congonhas","0","1","0.00","5.00"
"check in b guarulhos","0","1","0.00","4.00"
"check in delta guarulhos","0","1","0.00","1.00"
"check in f","0","3","0.00","1.00"
"check in f guarulhos","0","1","0.00","1.00"
"check in iberia guarulhos","0","5","0.00","1.00"
"check in klm aeroporto guarulhos","0","1","0.00","1.00"
"check in lufthansa guarulhos","0","2","0.00","1.00"
"check in ryanair","0","2","0.00","2.00"
"check in terminal 2","0","1","0.00","1.00"
"check-in aeroporto lisboa","0","2","0.00","50.00"
"check-in ita airways guarulhos","0","1","0.00","1.00"
"check-in taag lisboa luanda","0","1","0.00","3.00"
"chegadas aeroporto lisboa mapa","0","1","0.00","3.00"
"chegadas ao aeroporto de faro estacionamento","0","8","0.00","69.75"
"chekin aereo","0","1","0.00","1.00"
"cidade confins","0","2","0.00","3.00"
"cidade de confins","0","2","0.00","3.50"
"cidade de confins minas gerais","0","1","0.00","1.00"
"cidade de viracopos","0","2","0.00","11.00"
"cidades do paraná com aeroporto","0","1","0.00","1.00"
"circus parking","0","1","0.00","3.00"
"city mobi","0","45","0.00","11.82"
"city park estacionamento itajai","0","1","0.00","1.00"
"clic park","0","9","0.00","7.22"
"click park estacionamento","0","1","0.00","2.00"
"clima aeroporto viracopos","0","83","0.00","12.14"
"clima atuba, colombo - pr","0","1","0.00","2.00"
"clima em viracopos","0","1","0.00","13.00"
"clima viracopos","0","498","0.00","12.89"
"climar aeroporto","0","3","0.00","9.33"
"club suites - aeroporto congonhas","0","1","0.00","5.00"
"cnf aeroporto","0","2","0.00","1.50"
"cnf aeroporto onde fica","0","24","0.00","1.00"
"cnf central park","0","1","0.00","7.00"
"cnf confins","0","1","0.00","1.00"
"cnf estacionamento","0","1","0.00","11.00"
"cnf sigla aeroporto","0","1","0.00","2.00"
"cnpj do aeroporto de guarulhos","0","1","0.00","53.00"
"co park","0","6","0.00","8.83"
"co parking","0","4","0.00","9.50"
"coa park","0","3","0.00","6.00"
"coa parking","0","2","0.00","10.50"
"cobal humaita","0","1","0.00","1.00"
"coberta","0","3","0.00","3.67"
"coco bambu guarulhos","0","1","0.00","3.00"
"codigo aeroporto confins","0","1","0.00","13.00"
"codigo aeroporto lisboa","0","44","0.00","3.43"
"codigo do aeroporto de lisboa","0","15","0.00","2.20"
"codigo iata lisboa","0","1","0.00","11.00"
"codigo promocional estacionamento aeroporto confins","0","12","0.00","1.67"
"codigo promocional estacionamento gru","0","1","0.00","3.00"
"cofins aeroporto","0","1","0.00","3.00"
"coisas legais para fazer em confins","0","1","0.00","41.00"
"coisas para fazer em guarulhos","0","2","0.00","3.00"
"coisas que tem no aeroporto","0","1","0.00","1.00"
"comboio aeroporto lisboa","0","1","0.00","15.00"
"comfort hotel guarulhos aeroporto fotos","0","1","0.00","3.00"
"comfort park","0","1","0.00","11.00"
"comfort park fortaleza","0","3","0.00","6.33"
"comfort zone aeroporto","0","1","0.00","5.00"
"comfort zone curitiba","0","1","0.00","3.00"
"como andar no aeroporto de guarulhos","0","2","0.00","1.00"
"como cancelar","0","1","0.00","3.00"
"como chama o aeroporto de campinas","0","1","0.00","1.00"
"como chama o aeroporto de confins","0","21","0.00","1.00"
"como chama o aeroporto de curitiba","0","15","0.00","12.93"
"como chama o aeroporto de lisboa","0","230","0.00","9.44"
"como chegar","0","7","0.00","2.43"
"como chegar aeroporto de guarulhos","0","1","0.00","1.00"
"como chegar ao aeroporto de confins","0","1","0.00","19.00"
"como chegar ao aeroporto de congonhas","0","2","0.00","1.00"
"como chegar ao edifício garagem no aeroporto de guarulhos","0","1","0.00","33.00"
"como chegar de metrô no aeroporto de congonhas","0","1","0.00","2.00"
"como chegar em curitiba","0","1","0.00","1.00"
"como chegar em viracopos","0","1","0.00","1.00"
"como chegar na localiza aeroporto guarulhos","0","2","0.00","1.00"
"como chegar na rodoviária tietê de carro","0","2","0.00","2.00"
"como chegar no aeroporto","0","5","0.00","1.00"
"como chegar no aeroporto afonso pena","0","11","0.00","54.73"
"como chegar no aeroporto de aracaju","0","1","0.00","3.00"
"como chegar no aeroporto de confins","0","1","0.00","22.00"
"como chegar no aeroporto de congonhas","0","1","0.00","3.00"
"como chegar no aeroporto de congonhas de carro","0","2","0.00","2.00"
"como chegar no aeroporto de guarulhos de carro","0","1","0.00","1.00"
"como chegar no aeroporto de guarulhos de condução","0","1","0.00","1.00"
"como chegar no aeroporto de viracopos","0","4","0.00","1.00"
"como chegar no estacionamento","0","1","0.00","4.00"
"como chegar no estacionamento do aeroporto de guarulhos","0","1","0.00","2.00"
"como chegar no terminal 1 do aeroporto de guarulhos","0","1","0.00","1.00"
"como chegar shopping internacional","0","1","0.00","65.00"
"como chegar são paulo","0","1","0.00","1.00"
"como chegar?","0","1","0.00","4.00"
"como comparar preços de estacionamentos próximos ao aeroporto antes de viajar?","0","4","0.00","3.75"
"como comprar ?","0","1","0.00","3.00"
"como deixar carro no aeroporto","0","2","0.00","1.00"
"como deixar o carro","0","1","0.00","49.00"
"como deixar o carro no aeroporto","0","18","0.00","11.06"
"como deixar o carro no aeroporto de brasilia","0","2","0.00","7.00"
"como deixar o carro no aeroporto de confins","0","1","0.00","1.00"
"como deixar o carro no aeroporto de guarulhos","0","5","0.00","10.60"
"como deixar o carro no estacionamento do aeroporto","0","7","0.00","6.29"
"como desembarcar no aeroporto de guarulhos","0","1","0.00","3.00"
"como embarcar no aeroporto de confins","0","2","0.00","35.50"
"como embarcar no aeroporto de guarulhos","0","11","0.00","32.55"
"como escolher um estacionamento confiável com traslado gratuito para o gru?","0","22","0.00","6.55"
"como estacionar no aeroporto de confins","0","6","0.00","2.83"
"como estacionar no aeroporto de congonhas","0","4","0.00","1.00"
"como estacionar no aeroporto de guarulhos","0","68","0.00","45.46"
"como estacionar no aeroporto de viracopos","0","2","0.00","1.00"
"como está o aeroporto de lisboa","0","44","0.00","12.20"
"como evitar o estresse de encontrar estacionamento na hora do embarque no aeroporto de congonhas em são paulo?","0","2","0.00","4.50"
"como evitar o trânsito para o aeroporto de guarulhos?","0","1","0.00","64.00"
"como evitar pagar caro no estacionamento do aeroporto quando a viagem dura mais de uma semana, saindo de campinas?","0","16","0.00","9.94"
"como faço para ir para","0","1","0.00","1.00"
"como funciona estacionamento de longa permanência no aeroporto de viracopos em campinas?","0","10","0.00","3.00"
"como funciona estacionamento de longa permanência próximo ao aeroporto de congonhas em são paulo?","0","1","0.00","2.00"
"como funciona o aeroporto de guarulhos","0","1","0.00","8.00"
"como funciona o estacionamento do aeroporto","0","3","0.00","8.00"
"como funciona o estacionamento do aeroporto de confins","0","7","0.00","1.57"
"como funciona o estacionamento do aeroporto salgado filho","0","1","0.00","1.00"
"como funciona o metro de lisboa","0","2","0.00","1.00"
"como funciona o traslado dos estacionamentos externos até o terminal de viracopos?","0","30","0.00","5.00"
"como funcionam os comparadores de estacionamento de aeroporto no brasil?","0","6","0.00","8.17"
"como funcionam os estacionamentos de longa permanência perto do aeroporto de guarulhos","0","30","0.00","42.80"
"como funcionam os estacionamentos de longa permanência perto do aeroporto de guarulhos?","0","2","0.00","12.00"
"como ir da rodoviaria de bh para o aeroporto de confins","0","1","0.00","17.00"
"como ir de congonhas a guarulhos","0","1","0.00","2.00"
"como ir de guarulhos para rodoviaria tiete","0","1","0.00","1.00"
"como ir do aeroporto de confins para belo horizonte","0","1","0.00","6.00"
"como ir do aeroporto de guarulhos para congonhas","0","2","0.00","1.00"
"como ir do aeroporto de guarulhos para o centro de são paulo","0","1","0.00","2.00"
"como ir do aeroporto de montevideo para o centro","0","1","0.00","1.00"
"como ir do terminal 2 para o 1 em guarulhos","0","1","0.00","1.00"
"como ir do terminal 2 para o 3 em guarulhos","0","9","0.00","1.33"
"como ir do terminal jabaquara para o aeroporto de congonhas","0","1","0.00","1.00"
"como ir para portugal?","0","1","0.00","3.00"
"como marcar estacionamento no parking 2 do aeroporto de lisboa","0","85","0.00","60.45"
"como não se perder no aeroporto de guarulhos","0","1","0.00","3.00"
"como que é dentro do avião","0","1","0.00","10.00"
"como que é o nome do aeroporto de campinas","0","1","0.00","1.00"
"como reclamar na anac","0","1","0.00","3.00"
"como reservar estacionamento no aeroporto de florianópolis","0","1","0.00","3.00"
"como reservar estacionamento no aeroporto de guarulhos","0","4","0.00","42.50"
"como reservar estacionamento no aeroporto de recife","0","32","0.00","11.84"
"como reservar estacionamento no aeroporto de vitória es","0","4","0.00","10.00"
"como reservar um parque no aeroporto de lisboa?","0","1","0.00","46.00"
"como reservar vaga no estacionamento do aeroporto de guarulhos","0","2","0.00","28.00"
"como saber o portao de embarque em guarulhos","0","1","0.00","1.00"
"como saber qual terminal vou embarcar guarulhos","0","1","0.00","1.00"
"como sair do aeroporto","0","1","0.00","1.00"
"como sair do aeroporto de guarulhos","0","9","0.00","1.22"
"como se chama aeroporto de lisboa","0","65","0.00","9.32"
"como se chama o aeroporto de curitiba","0","1","0.00","15.00"
"como se chama o aeroporto de lisboa","0","2026","0.00","11.49"
"como se localizar no aeroporto de guarulhos","0","2","0.00","49.00"
"como são os preços?","0","1","0.00","2.00"
"como tomar banho no aeroporto de guarulhos","0","1","0.00","3.00"
"como é o aeroporto de campinas","0","1","0.00","3.00"
"como é o aeroporto de congonhas","0","3","0.00","14.67"
"como é o aeroporto de guarulhos","0","9","0.00","27.44"
"como é o aeroporto de lisboa","0","95","0.00","11.39"
"como é o aeroporto de viracopos","0","6","0.00","5.33"
"como é o nome do aeroporto de curitiba","0","15","0.00","9.60"
"como é que é o nome","0","1","0.00","1.00"
"companhias aereas","0","2","0.00","1.00"
"compara o estacionamento nos aeroportos","0","217","0.00","26.65"
"comparador de estacionamento aeroporto: qual o melhor site para encontrar vagas baratas em guarulhos e viracopos?","0","4","0.00","6.00"
"comparar","0","3","0.00","13.33"
"comparar os preços","0","1","0.00","14.00"
"comparar preços","0","1","0.00","10.00"
"compare os valores","0","1","0.00","7.00"
"comprar estacionamento aeroporto brasilia","0","3","0.00","10.33"
"comprar estacionamento aeroporto fortaleza","0","1","0.00","12.00"
"comprimento da pista do aeroporto de congonhas","0","1","0.00","2.00"
"comprimento pista aeroporto lisboa","0","2","0.00","3.00"
"conaero","0","1","0.00","3.00"
"concorde","0","1","0.00","2.00"
"conexão aeroporto bh","0","1","0.00","2.00"
"conexão aeroporto confins","0","2","0.00","53.00"
"conexão aeroporto confins bh","0","1","0.00","72.00"
"conexão aeroporto horários","0","2","0.00","3.00"
"conexão belo horizonte confins","0","1","0.00","2.00"
"confins","0","35","0.00","8.77"
"confins aeroporto","0","113","0.00","33.67"
"confins aeroporto estacionamento","0","5","0.00","14.80"
"confins aeroporto internacional","0","10","0.00","24.70"
"confins aeroporto onde fica","0","119","0.00","6.46"
"confins belo horizonte","0","1","0.00","62.00"
"confins belo horizonte aeroporto","0","4","0.00","29.25"
"confins bh aeroporto","0","1","0.00","2.00"
"confins centro","0","1","0.00","16.00"
"confins cidade","0","2","0.00","33.00"
"confins congonhas","0","1","0.00","2.00"
"confins estacionamento","0","142","0.00","39.88"
"confins estacionamento aeroporto","0","2","0.00","13.00"
"confins fica em belo horizonte","0","5","0.00","12.80"
"confins fica onde","0","7","0.00","5.71"
"confins habitantes","0","1","0.00","2.00"
"confins international airport","0","1","0.00","98.00"
"confins mg aeroporto","0","10","0.00","19.70"
"confins minas gerais","0","1","0.00","4.00"
"confins o que é","0","5","0.00","84.80"
"confins onde fica","0","12","0.00","40.92"
"confins park","0","28","0.00","12.86"
"confins rio de janeiro","0","1","0.00","3.00"
"confins sao paulo","0","1","0.00","14.00"
"confins significado","0","1","0.00","1.00"
"confins terminal 1 ou 2","0","4","0.00","39.00"
"confins transportes","0","2","0.00","2.00"
"confins x belo horizonte","0","1","0.00","1.00"
"confins é uma cidade","0","3","0.00","2.00"
"confirmar reserva","0","1","0.00","2.00"
"confort park","0","1","0.00","10.00"
"confort park estacionamento","0","1","0.00","6.00"
"confort park fortaleza","0","19","0.00","6.11"
"congonha","0","1","0.00","6.00"
"congonha aeroporto","0","5","0.00","57.20"
"congonhas","0","15","0.00","3.93"
"congonhas aeroporto","0","34","0.00","62.53"
"congonhas aeroporto estacionamento","0","106","0.00","36.76"
"congonhas aeroporto onde fica","0","11","0.00","73.45"
"congonhas airport drop off","0","8","0.00","34.25"
"congonhas airport parking","0","6","0.00","6.33"
"congonhas airport shops","0","3","0.00","69.67"
"congonhas ate o bras","0","1","0.00","2.00"
"congonhas desembarque","0","3","0.00","2.00"
"congonhas estacionamento preco","0","5","0.00","1.00"
"congonhas fica onde","0","1","0.00","61.00"
"congonhas guarulhos","0","1","0.00","1.00"
"congonhas horario","0","1","0.00","1.00"
"congonhas horario de funcionamento","0","2","0.00","57.50"
"congonhas hotel aeroporto","0","1","0.00","2.00"
"congonhas o que fazer","0","2","0.00","1.00"
"congonhas onde fica","0","3","0.00","63.00"
"congonhas park são paulo brazil","0","1","0.00","4.00"
"congonhas sao paulo","0","1","0.00","1.00"
"congonhas sp","0","1","0.00","59.00"
"congonhas sp aeroporto","0","4","0.00","54.75"
"congonhas terminal 1","0","4","0.00","22.75"
"congonhas x guarulhos","0","1","0.00","1.00"
"congonhas é aeroporto internacional","0","1","0.00","38.00"
"connect aeroporto","0","1","0.00","4.00"
"connect estacionamento","0","7","0.00","5.43"
"connect estacionamento aeroporto curitiba","0","9","0.00","3.56"
"connect park aeroporto","0","2","0.00","2.50"
"connect park curitiba","0","8","0.00","5.50"
"contato indigo estacionamento","0","2","0.00","12.50"
"controle de estacionamento gratis","0","1","0.00","93.00"
"convem guarulhos","0","1","0.00","12.00"
"convenio estacionamento","0","1","0.00","95.00"
"convenio patio confins","0","1","0.00","13.00"
"coopertag","0","1","0.00","2.00"
"copa airlines check-in","0","1","0.00","5.00"
"copa airlines terminal guarulhos","0","1","0.00","1.00"
"cr park estacionamento","0","8","0.00","34.25"
"cred park estacionamento","0","1","0.00","48.00"
"cred park estacionamentos","0","3","0.00","48.00"
"criação de sítios web para parques de estacionamento","0","6","0.00","55.00"
"ctn estacionamento preço","0","1","0.00","1.00"
"cuanto cobran estacionamiento en aeropuerto","0","1","0.00","11.00"
"cuanto cuesta","0","1","0.00","4.00"
"cuanto cuesta dejar estacionado el auto en el aeropuerto","0","1","0.00","7.00"
"cuanto sale el estacionamiento en el aeropuerto","0","1","0.00","1.00"
"cumbica aeroporto","0","7","0.00","1.00"
"cumbica e guarulhos é o mesmo aeroporto","0","2","0.00","83.00"
"cumbica estacionamento","0","24","0.00","44.04"
"cumbica guarulhos airport","0","1","0.00","59.00"
"cumbuco aeroporto","0","2","0.00","1.00"
"cupom bandeira park","0","3","0.00","24.67"
"cupom de desconto aeroporto de brasilia","0","2","0.00","4.50"
"cupom de desconto bandeira park","0","4","0.00","2.75"
"cupom de desconto estacionamento aeroporto confins","0","1","0.00","1.00"
"cupom de desconto estacionamento aeroporto vitoria","0","1","0.00","3.00"
"cupom de desconto estapar","0","2","0.00","10.50"
"cupom de desconto estapar aeroporto recife","0","1","0.00","6.00"
"cupom de desconto estapar congonhas","0","1","0.00","3.00"
"cupom de desconto estapar estacionamento","0","2","0.00","3.50"
"cupom de desconto estapar viracopos","0","4","0.00","9.75"
"cupom de desconto indigo neo guarulhos","0","1","0.00","3.00"
"cupom de desconto zul+ estapar","0","1","0.00","3.00"
"cupom desconto aeroporto brasilia","0","1","0.00","4.00"
"cupom desconto bh airport","0","1","0.00","3.00"
"cupom desconto estacionamento aeroporto confins","0","1","0.00","3.00"
"cupom desconto estacionamento aeroporto natal","0","2","0.00","3.00"
"cupom desconto estacionamento bh airport","0","2","0.00","3.00"
"cupom desconto estacionamento confins","0","5","0.00","1.40"
"cupom desconto estacionamento galeao","0","1","0.00","3.00"
"cupom desconto estacionamento gru airport","0","2","0.00","2.00"
"cupom desconto estapar","0","6","0.00","7.00"
"cupom desconto estapar congonhas","0","1","0.00","3.00"
"cupom desconto estapar estacionamento","0","1","0.00","8.00"
"cupom desconto estapar galeao","0","2","0.00","23.00"
"cupom desconto estapar galeão","0","2","0.00","2.00"
"cupom desconto estapar viracopos","0","8","0.00","11.63"
"cupom desconto estapar zul+","0","1","0.00","5.00"
"cupom desconto garageinn","0","1","0.00","17.00"
"cupom desconto indigo estacionamento","0","1","0.00","7.00"
"cupom desconto indigo estacionamento guarulhos","0","5","0.00","19.60"
"cupom desconto indigo neo","0","1","0.00","5.00"
"cupom estacionamento aeroporto confins","0","3","0.00","3.33"
"cupom estacionamento aeroporto natal","0","2","0.00","4.00"
"cupom estacionamento bh airport","0","2","0.00","3.00"
"cupom estacionamento galeao","0","1","0.00","3.00"
"cupom estapar reserva","0","1","0.00","9.00"
"cupom estapar viracopos","0","7","0.00","21.86"
"cupom estapar zul+","0","1","0.00","13.00"
"cupom localiza estapar","0","1","0.00","2.00"
"cupom zul+","0","2","0.00","7.50"
"cupom zul+ estapar","0","1","0.00","3.00"
"cupons de desconto estapar","0","1","0.00","2.00"
"curitiba","0","3","0.00","2.33"
"curitiba aeroporto","0","353","0.00","20.31"
"curitiba aeroporto afonso pena","0","26","0.00","40.62"
"curitiba aeroporto internacional","0","3","0.00","17.67"
"curitiba aeroportos","0","1","0.00","3.00"
"curitiba afonso pena","0","73","0.00","15.75"
"curitiba airport","0","97","0.00","59.74"
"curitiba pr aeroporto","0","1","0.00","88.00"
"curitiba tem aeroporto","0","161","0.00","12.79"
"curitiba tem aeroporto internacional","0","64","0.00","12.70"
"curitiba tem aeroporto?","0","12","0.00","10.33"
"curitiba tem quantos aeroportos","0","7","0.00","6.71"
"curso aeroporto","0","1","0.00","1.00"
"custo do estacionamento no aeroporto de guarulhos","0","1","0.00","1.00"
"custo estacionamento aeroporto congonhas","0","1","0.00","1.00"
"custo estacionamento aeroporto florianópolis","0","2","0.00","11.50"
"custo estacionamento aeroporto guarulhos","0","113","0.00","29.53"
"custo estacionamento aeroporto lisboa","0","1","0.00","14.00"
"custo parque aeroporto lisboa","0","1","0.00","96.00"
"cwb","0","1","0.00","1.00"
"cwb aeroporto","0","16","0.00","57.81"
"cwb estacionamento","0","1","0.00","11.00"
"dac urban park","0","1","0.00","29.00"
"daqui para guarulhos","0","1","0.00","11.00"
"day use aeroporto guarulhos","0","1","0.00","1.00"
"day use guarulhos","0","2","0.00","1.00"
"db estacionamento oficial aeroporto","0","1","0.00","2.00"
"dc navegantes","0","1","0.00","2.00"
"dc vcp-sp","0","1","0.00","1.00"
"de 7 dias","0","1","0.00","3.00"
"de aeroporto","0","1","0.00","1.00"
"de campinas","0","1","0.00","1.00"
"de carro","0","1","0.00","6.00"
"de carro proprio","0","1","0.00","4.00"
"de confins","0","1","0.00","1.00"
"de confins para belo horizonte","0","1","0.00","2.00"
"de congonhas","0","2","0.00","1.00"
"de domingo a domingo","0","1","0.00","6.00"
"de guarulhos","0","2","0.00","2.50"
"de guarulhos a são paulo","0","3","0.00","1.00"
"de moto","0","1","0.00","4.00"
"de quinta a segunda","0","1","0.00","5.00"
"de são josé dos pinhais","0","1","0.00","1.00"
"decolar","0","1","0.00","9.00"
"decolar aeroporto guarulhos","0","25","0.00","8.12"
"decolar air park confins","0","6","0.00","7.67"
"decolar estacionamento aeroporto guarulhos","0","32","0.00","4.56"
"decolar guarulhos","0","3","0.00","6.00"
"decolar park aeroporto guarulhos","0","3","0.00","11.33"
"decolar park congonhas","0","79","0.00","5.67"
"decolar park estacionamento","0","226","0.00","15.41"
"decolar park estacionamento aeroporto guarulhos","0","39","0.00","7.82"
"decolar park estacionamentos","0","851","0.00","9.20"
"decolar park estacionamentos - av. natalia zarif, 2915 - jardim sao geraldo, guarulhos - sp, 07140-040","0","9","0.00","4.56"
"decolar park estacionamentos - avenida natalia zarif - jardim sao geraldo guarulhos - sp","0","30","0.00","7.00"
"decolar park estacionamentos guarulhos","0","30","0.00","5.63"
"decolar park gru","0","311","0.00","7.19"
"decolar park guarulhos é bom","0","10","0.00","15.70"
"decolar parking","0","90","0.00","7.39"
"decolar parking guarulhos","0","173","0.00","5.84"
"decolar.park","0","3","0.00","9.00"
"deixa lá","0","1","0.00","11.00"
"deixar carro aeroporto","0","15","0.00","50.60"
"deixar carro aeroporto lisboa","0","705","0.00","57.27"
"deixar carro estacionamento aeroporto","0","1","0.00","11.00"
"deixar carro no aeroporto","0","700","0.00","51.09"
"deixar carro no aeroporto de brasilia","0","1","0.00","11.00"
"deixar carro no aeroporto de confins","0","7","0.00","6.57"
"deixar carro no aeroporto de guarulhos","0","36","0.00","48.44"
"deixar carro no aeroporto de lisboa","0","586","0.00","60.81"
"deixar carro no aeroporto lisboa","0","111","0.00","64.01"
"deixar carro no estacionamento do aeroporto","0","1","0.00","1.00"
"deixar carros no aeroporto lisboa","0","12","0.00","50.25"
"deixar o carro","0","7","0.00","74.14"
"deixar o carro no aeroporto","0","666","0.00","52.25"
"deixar o carro no aeroporto de congonhas","0","1","0.00","1.00"
"deixar o carro no aeroporto de guarulhos","0","56","0.00","28.79"
"deixar o carro no aeroporto de lisboa","0","95","0.00","52.78"
"deixar o carro no aeroporto de recife","0","2","0.00","1.00"
"deixar o carro no aeroporto lisboa","0","604","0.00","54.94"
"deixar o carro no estacionamento do aeroporto","0","7","0.00","11.14"
"deixei meu carro no estacionamento do aeroporto e paguei muito caro, como evitar isso na próxima viagem?","0","1","0.00","11.00"
"dejar al usuario en el aeropuerto gru","0","39","0.00","47.46"
"delta park estacionamento","0","4","0.00","64.50"
"deltaexpresso - aeroporto curitiba fotos","0","3","0.00","2.33"
"dentro do aeroporto de guarulhos","0","1","0.00","62.00"
"dentro do aeroporto de guarulhos tem hotel","0","1","0.00","2.00"
"dentro do avião","0","1","0.00","11.00"
"dentro do terminal","0","1","0.00","3.00"
"descoberta","0","1","0.00","5.00"
"desconto aeroporto guarulhos","0","16","0.00","34.56"
"desconto estacionamento aeroporto","0","6","0.00","22.17"
"desconto estacionamento aeroporto confins","0","11","0.00","21.91"
"desconto estacionamento aeroporto congonhas","0","5","0.00","2.00"
"desconto estacionamento aeroporto guarulhos","0","48","0.00","41.04"
"desconto estacionamento aeroporto guarulhos terminal 3","0","26","0.00","52.12"
"desconto estacionamento aeroporto natal","0","3","0.00","1.67"
"desconto estacionamento aeroporto viracopos","0","1","0.00","1.00"
"desconto estacionamento congonhas","0","1","0.00","3.00"
"desconto estacionamento galeão","0","8","0.00","67.63"
"desconto estapar","0","1","0.00","13.00"
"desconto estapar aeroporto","0","8","0.00","55.00"
"desconto estapar congonhas","0","1","0.00","50.00"
"desconto estapar mastercard","0","2","0.00","3.50"
"desconto estapar visa","0","1","0.00","3.00"
"desconto indigo estacionamento","0","1","0.00","9.00"
"desembarque 2 confins","0","1","0.00","3.00"
"desembarque aeroporto afonso pena","0","17","0.00","16.06"
"desembarque aeroporto congonhas","0","5","0.00","1.40"
"desembarque aeroporto de congonhas","0","30","0.00","1.20"
"desembarque aeroporto de guarulhos","0","10","0.00","1.20"
"desembarque aeroporto de viracopos","0","1","0.00","2.00"
"desembarque aeroporto guarulhos","0","15","0.00","1.00"
"desembarque aeroporto viracopos","0","7","0.00","2.43"
"desembarque congonhas","0","12","0.00","3.17"
"desembarque do aeroporto de congonhas","0","1","0.00","1.00"
"desembarque em congonhas","0","3","0.00","1.00"
"desembarque em guarulhos","0","1","0.00","3.00"
"desembarque gol guarulhos","0","3","0.00","1.67"
"desembarque gru","0","1","0.00","3.00"
"desembarque guarulhos","0","7","0.00","38.71"
"desembarque guarulhos terminal 2","0","1","0.00","1.00"
"desembarque internacional aeroporto de guarulhos","0","3","0.00","1.00"
"desembarque internacional guarulhos","0","12","0.00","1.00"
"desembarque internacional guarulhos terminal","0","1","0.00","43.00"
"desembarque internacional guarulhos terminal 2","0","3","0.00","1.00"
"desembarque internacional viracopos","0","1","0.00","1.00"
"desembarque nacional guarulhos","0","2","0.00","1.00"
"desembarque no aeroporto de guarulhos","0","6","0.00","32.67"
"desembarque oeste terminal 2 guarulhos","0","1","0.00","1.00"
"desembarque rodoviária tietê","0","3","0.00","2.00"
"desembarque terminal 2","0","4","0.00","1.00"
"desembarque terminal 2 aeroporto de guarulhos","0","2","0.00","1.00"
"desembarque terminal 2 guarulhos","0","7","0.00","1.29"
"desembarque terminal 3 guarulhos","0","2","0.00","3.00"
"desembarque viracopos","0","15","0.00","3.33"
"df park","0","1","0.00","4.00"
"df park estacionamento","0","4","0.00","39.75"
"dia park and fly","0","2","0.00","60.00"
"diaria aeroporto","0","41","0.00","5.90"
"diaria aeroporto afonso pena","0","83","0.00","9.90"
"diaria aeroporto brasilia","0","16","0.00","14.31"
"diaria aeroporto confins","0","7","0.00","1.00"
"diaria aeroporto confins estacionamento","0","5","0.00","1.00"
"diaria aeroporto congonhas","0","111","0.00","23.99"
"diaria aeroporto de confins","0","21","0.00","14.95"
"diaria aeroporto de congonhas","0","1","0.00","1.00"
"diaria aeroporto de guarulhos","0","106","0.00","14.89"
"diaria aeroporto florianopolis","0","7","0.00","9.71"
"diaria aeroporto fortaleza","0","1","0.00","12.00"
"diaria aeroporto galeao","0","30","0.00","32.37"
"diaria aeroporto goiania","0","2","0.00","10.50"
"diaria aeroporto guarulhos estacionamento","0","8","0.00","6.25"
"diaria aeroporto porto alegre","0","7","0.00","24.71"
"diaria aeroporto recife","0","13","0.00","36.77"
"diaria aeroporto salgado filho","0","10","0.00","8.60"
"diaria aeroporto salvador","0","3","0.00","4.33"
"diaria aeroporto santos dumont","0","8","0.00","10.00"
"diaria aeroporto viracopos","0","292","0.00","5.56"
"diaria aeroporto vitoria","0","5","0.00","7.60"
"diaria barata","0","1","0.00","101.00"
"diaria carro aeroporto","0","8","0.00","9.38"
"diaria carro aeroporto brasilia","0","3","0.00","9.33"
"diaria carro aeroporto curitiba","0","13","0.00","7.08"
"diaria carro aeroporto guarulhos","0","95","0.00","23.07"
"diaria de estacionamento","0","16","0.00","2.88"
"diaria de estacionamento aeroporto confins","0","6","0.00","1.00"
"diaria de estacionamento aeroporto de confins","0","1","0.00","1.00"
"diaria de estacionamento aeroporto de guarulhos","0","47","0.00","41.13"
"diaria de estacionamento aeroporto guarulhos","0","6","0.00","40.83"
"diaria de estacionamento em guarulhos","0","25","0.00","50.24"
"diaria de estacionamento no aeroporto","0","24","0.00","9.00"
"diaria de estacionamento no aeroporto de curitiba","0","57","0.00","7.33"
"diaria de estacionamento no aeroporto de florianópolis","0","5","0.00","11.40"
"diaria do aeroporto de guarulhos","0","52","0.00","12.96"
"diaria do carro no aeroporto","0","8","0.00","4.88"
"diaria do estacionamento aeroporto de guarulhos","0","1","0.00","1.00"
"diaria do estacionamento do aeroporto","0","17","0.00","4.24"
"diaria do estacionamento do aeroporto de brasilia","0","7","0.00","5.14"
"diaria do estacionamento do aeroporto de confins","0","8","0.00","6.13"
"diaria do estacionamento do aeroporto de florianópolis","0","2","0.00","6.50"
"diaria do estacionamento do aeroporto de guarulhos","0","1","0.00","28.00"
"diaria do estacionamento do aeroporto de recife","0","11","0.00","9.73"
"diaria do estacionamento do aeroporto de salvador","0","3","0.00","9.67"
"diaria do estacionamento do aeroporto de viracopos","0","10","0.00","8.20"
"diaria do estacionamento do aeroporto de vitoria","0","11","0.00","9.64"
"diaria do estacionamento do aeroporto galeao","0","3","0.00","3.67"
"diaria do estacionamento do galeao","0","12","0.00","8.58"
"diaria do estacionamento galeao","0","1","0.00","2.00"
"diaria do estacionamento no aeroporto de guarulhos","0","64","0.00","30.69"
"diaria edificio garagem viracopos","0","22","0.00","8.95"
"diaria estacionamento","0","3","0.00","1.00"
"diaria estacionamento aeroporto belem","0","2","0.00","3.00"
"diaria estacionamento aeroporto brasilia","0","12","0.00","60.33"
"diaria estacionamento aeroporto campinas","0","104","0.00","10.12"
"diaria estacionamento aeroporto campo grande","0","6","0.00","1.00"
"diaria estacionamento aeroporto confins","0","27","0.00","5.74"
"diaria estacionamento aeroporto de brasilia","0","46","0.00","7.72"
"diaria estacionamento aeroporto de confins","0","63","0.00","17.95"
"diaria estacionamento aeroporto de cuiaba","0","6","0.00","7.67"
"diaria estacionamento aeroporto de goiania","0","26","0.00","7.54"
"diaria estacionamento aeroporto de guarulhos","0","48","0.00","32.77"
"diaria estacionamento aeroporto de natal","0","1","0.00","1.00"
"diaria estacionamento aeroporto de navegantes","0","64","0.00","7.00"
"diaria estacionamento aeroporto florianopolis","0","47","0.00","8.30"
"diaria estacionamento aeroporto guarulhos","0","399","0.00","21.03"
"diaria estacionamento aeroporto joao pessoa","0","12","0.00","13.42"
"diaria estacionamento aeroporto lisboa","0","4","0.00","48.25"
"diaria estacionamento aeroporto maringa","0","2","0.00","1.00"
"diaria estacionamento aeroporto porto alegre","0","36","0.00","27.78"
"diaria estacionamento aeroporto recife","0","11","0.00","27.55"
"diaria estacionamento aeroporto ribeirão preto","0","1","0.00","2.00"
"diaria estacionamento aeroporto salvador","0","33","0.00","7.42"
"diaria estacionamento aeroporto santos dumont","0","41","0.00","18.34"
"diaria estacionamento aeroporto sao luis","0","2","0.00","4.00"
"diaria estacionamento aeroporto uberlandia","0","2","0.00","1.00"
"diaria estacionamento aeroporto vitoria","0","23","0.00","9.78"
"diaria estacionamento galeao","0","35","0.00","41.80"
"diaria estacionamento galeao rj","0","3","0.00","5.67"
"diaria estacionamento galeão","0","7","0.00","54.86"
"diaria estacionamento gru","0","77","0.00","40.62"
"diaria estacionamento guarulhos","0","146","0.00","37.49"
"diaria estacionamento guarulhos aeroporto","0","43","0.00","50.93"
"diaria estacionamento rodoviaria curitiba","0","3","0.00","2.33"
"diaria estacionamento rodoviaria tiete","0","80","0.00","9.07"
"diaria estacionamento santos dumont","0","6","0.00","27.17"
"diaria estacionamento terminal 3 guarulhos","0","2","0.00","1.00"
"diaria estacionamento viracopos campinas","0","1","0.00","12.00"
"diaria no aeroporto","0","11","0.00","8.00"
"diaria no aeroporto de confins","0","11","0.00","3.27"
"diaria no aeroporto de recife","0","7","0.00","6.57"
"diaria no aeroporto galeao","0","4","0.00","9.50"
"diaria no estacionamento do aeroporto","0","19","0.00","3.00"
"diaria no estacionamento do aeroporto de guarulhos","0","86","0.00","31.88"
"diaria no estacionamento do galeao","0","11","0.00","40.18"
"diaria para deixar carro no aeroporto","0","6","0.00","35.00"
"diaria para deixar o carro no aeroporto","0","10","0.00","1.70"
"diaria patio guarulhos","0","1","0.00","3.00"
"diarias estacionamento aeroporto","0","2","0.00","7.00"
"dias park estacionamentos","0","5","0.00","76.20"
"dicas aeroporto de guarulhos","0","21","0.00","13.67"
"dicas de estacionamento","0","2","0.00","7.00"
"dicas para estacionar","0","1","0.00","1.00"
"diferença de preco","0","1","0.00","2.00"
"direto no aeroporto","0","1","0.00","4.00"
"diretório de aeroporto afonso pena","0","1","0.00","16.00"
"diretório de aeroporto viracopos","0","2","0.00","1.00"
"diretório de sao paulo guarulhos","0","1","0.00","3.00"
"diretório de são paulo viracopos","0","9","0.00","1.00"
"distancia","0","1","0.00","2.00"
"distancia aeroporto","0","1","0.00","1.00"
"distancia ate aeroporto guarulhos","0","1","0.00","1.00"
"distancia congonhas a guarulhos","0","1","0.00","12.00"
"distancia de campinas a aeroporto de guarulhos","0","2","0.00","73.50"
"distancia de viracopos a sao paulo","0","2","0.00","2.00"
"distancia do aeroporto","0","1","0.00","4.00"
"distancia do aeroporto de campinas para guarulhos","0","1","0.00","54.00"
"distancia do bh shopping ao aeroporto de confins","0","1","0.00","1.00"
"distancia entre aeroporto de guarulhos e rodoviaria tiete","0","1","0.00","2.00"
"distancia entre fazenda rio grande e curitiba","0","1","0.00","2.00"
"distancia viracopos a sao paulo","0","1","0.00","1.00"
"distância aeroporto","0","1","0.00","2.00"
"distância até o aeroporto de confins","0","2","0.00","2.00"
"distância confins belo horizonte","0","1","0.00","2.00"
"distância de são paulo a barra do garças mato grosso","0","1","0.00","2.00"
"distância do aeroporto","0","4","0.00","5.00"
"distância piracicaba aeroporto viracopos","0","1","0.00","3.00"
"distância virapark aeroporto viracopos","0","19","0.00","7.16"
"divide no cartão","0","1","0.00","1.00"
"diária","0","2","0.00","4.00"
"diária aeroporto confins","0","18","0.00","4.50"
"diária aeroporto guarulhos","0","205","0.00","20.78"
"diária de estacionamento","0","2","0.00","6.00"
"diária de estacionamento no aeroporto de guarulhos","0","37","0.00","41.89"
"diária de r$ 9,90 a partir da 5ª diária - estacionamento aeroporto confins - multipark fotos","0","1","0.00","1.00"
"diária do estacionamento do aeroporto","0","14","0.00","8.43"
"diária do estacionamento do galeão","0","1","0.00","2.00"
"diária estacionamento aeroporto","0","43","0.00","30.56"
"diária estacionamento aeroporto brasília","0","29","0.00","43.28"
"diária estacionamento aeroporto confins","0","68","0.00","13.71"
"diária estacionamento aeroporto congonhas","0","4","0.00","1.50"
"diária estacionamento aeroporto cuiabá","0","4","0.00","15.50"
"diária estacionamento aeroporto de congonhas","0","71","0.00","1.13"
"diária estacionamento aeroporto de guarulhos","0","61","0.00","30.05"
"diária estacionamento aeroporto florianópolis","0","2","0.00","11.50"
"diária estacionamento aeroporto galeão","0","6","0.00","5.33"
"diária estacionamento aeroporto porto alegre","0","4","0.00","37.50"
"diária estacionamento aeroporto recife","0","53","0.00","16.74"
"diária estacionamento aeroporto salgado filho","0","17","0.00","4.35"
"diária estacionamento aeroporto salvador","0","13","0.00","7.54"
"diária estacionamento aeroporto viracopos","0","84","0.00","7.27"
"diária estacionamento confins","0","62","0.00","39.06"
"diária estacionamento congonhas","0","9","0.00","30.00"
"diária estacionamento galeão","0","50","0.00","44.18"
"diária estacionamento rodoviária","0","2","0.00","1.00"
"diária estacionamento viracopos","0","118","0.00","9.64"
"diária no estacionamento do aeroporto","0","1","0.00","1.00"
"dk park estacionamento","0","2","0.00","1.00"
"do aeroporto","0","5","0.00","5.60"
"do aeroporto de","0","1","0.00","1.00"
"do aeroporto de confins","0","1","0.00","7.00"
"do aeroporto de guarulhos","0","3","0.00","1.00"
"dois dias","0","1","0.00","6.00"
"dois dias e uma noite","0","1","0.00","1.00"
"dormir aeroporto congonhas","0","1","0.00","2.00"
"dormir aeroporto guarulhos","0","1","0.00","1.00"
"dormir em congonhas","0","1","0.00","3.00"
"dormir no aeroporto de congonhas","0","1","0.00","2.00"
"dr park estacionamento","0","1","0.00","11.00"
"dragon pass terminal 1","0","1","0.00","1.00"
"drive em guarulhos","0","1","0.00","1.00"
"drive-in guarulhos","0","1","0.00","1.00"
"dumar park","0","1","0.00","65.00"
"dumar park estacionamento","0","3","0.00","53.33"
"dummont park","0","185","0.00","8.49"
"dumont estacionamento navegantes","0","32","0.00","8.03"
"dunkin donuts","0","1","0.00","3.00"
"dunkin donuts brasil","0","1","0.00","4.00"
"duo park estacionamento","0","1","0.00","9.00"
"duty free brasil guarulhos","0","1","0.00","46.00"
"duty free confins","0","1","0.00","7.00"
"duty free guarulhos desembarque","0","9","0.00","1.00"
"duty free viracopos","0","1","0.00","51.00"
"dá-me imagens","0","1","0.00","8.00"
"e curitiba","0","1","0.00","4.00"
"e de lisboa","0","1","0.00","10.00"
"e no aeroporto?","0","2","0.00","2.00"
"e o aeroporto?","0","1","0.00","1.00"
"e o b","0","1","0.00","4.00"
"e o estacionamento","0","1","0.00","6.00"
"e o santos dumont","0","1","0.00","3.00"
"e os valores","0","1","0.00","2.00"
"e perto do aeroporto","0","1","0.00","2.00"
"e é pago?","0","1","0.00","1.00"
"eaeropark","0","2","0.00","7.50"
"eagle park estacionamento","0","7","0.00","49.14"
"east parking","0","1","0.00","74.00"
"easy jet terminal lisbon","0","1","0.00","1.00"
"easy park lisboa","0","1","0.00","80.00"
"easy parking aeroporto lisboa","0","11","0.00","64.18"
"easy parking aeroporto porto","0","1","0.00","11.00"
"easy parking estacionamento aeroporto","0","19","0.00","83.26"
"easy parking estacionamento low cost junto ao aeroporto de lisboa","0","22","0.00","55.45"
"easy parking lisboa aeroporto","0","1","0.00","79.00"
"easy parking prior velho","0","3","0.00","71.00"
"easyjet lisboa terminal 1 ou 2","0","1","0.00","1.00"
"easyjet terminal lisboa","0","3","0.00","1.00"
"easyparking aeroporto lisboa","0","14","0.00","71.64"
"easyparking estacionamento aeroporto","0","5","0.00","48.40"
"eatacionamento aeroporto","0","3","0.00","8.33"
"eco park estacionamento","0","4","0.00","48.75"
"eco park guarulhos","0","1","0.00","26.00"
"eco parking estacionamento","0","2","0.00","46.00"
"econo parking","0","31","0.00","38.13"
"econo parking bwi","0","1","0.00","31.00"
"econoark","0","32","0.00","7.03"
"econome park","0","1","0.00","9.00"
"economia","0","2","0.00","3.50"
"economico estacionamento","0","3","0.00","49.00"
"economy","0","1","0.00","1.00"
"economy estacionamento guarulhos","0","1","0.00","90.00"
"economy park","0","8","0.00","9.25"
"economy park guarulhos","0","9","0.00","61.11"
"economy parking","0","2","0.00","80.00"
"econopar","0","38","0.00","5.32"
"econopark - estacionamiento","0","1","0.00","7.00"
"econopark aeroporto","0","134","0.00","6.19"
"econopark aeroporto de guarulhos","0","59","0.00","6.53"
"econopark aeroporto guarulhos","0","45","0.00","5.00"
"econopark estacionamento","0","34","0.00","5.94"
"econopark express","0","1","0.00","11.00"
"econopark guarulhos airport","0","91","0.00","25.75"
"econopark guarulhos é bom","0","8","0.00","14.88"
"econoparking","0","5","0.00","8.20"
"econômico estacionamento","0","23","0.00","42.74"
"ecopark estacionamento","0","5","0.00","21.80"
"ecopark estacionamento guarulhos","0","41","0.00","8.44"
"ecopark viracopos","0","61","0.00","27.90"
"ed garagem","0","3","0.00","8.33"
"edificio garage","0","4","0.00","9.00"
"edificio garagem","0","17","0.00","7.94"
"edificio garagem aeroporto","0","2","0.00","81.50"
"edificio garagem aeroporto guarulhos","0","31","0.00","33.87"
"edificio garagem congonhas","0","7","0.00","64.71"
"edificio garagem congonhas estapar","0","8","0.00","70.75"
"edificio garagem cumbica","0","38","0.00","68.63"
"edificio garagem gru","0","47","0.00","70.26"
"edificio garagem gru terminal 3","0","3","0.00","1.67"
"edificio garagem guarulhos","0","65","0.00","71.37"
"edificio garagem terminal 3 guarulhos","0","2","0.00","80.00"
"edificio garagem vcp","0","9","0.00","5.22"
"edificio garagem viracopos reserva","0","48","0.00","10.00"
"edificio gate one congonhas","0","4","0.00","4.75"
"edifício garagem (estapar)","0","2","0.00","7.00"
"edifício garagem aeroporto de guarulhos","0","2","0.00","1.00"
"edifício garagem aeroporto guarulhos","0","3","0.00","7.67"
"edifício garagem aeroporto internacional de guarulhos","0","4","0.00","1.00"
"edifício garagem congonhas","0","1","0.00","3.00"
"edifício garagem oficial","0","7","0.00","8.14"
"edifício garagem terminal 3","0","6","0.00","40.33"
"edifício garagem terminal 3 guarulhos","0","5","0.00","7.60"
"edifício garagem viracopos preço","0","86","0.00","3.93"
"edifício gate one","0","2","0.00","7.50"
"edifício-garagem","0","17","0.00","10.00"
"el vez parking","0","1","0.00","11.00"
"eles tem aplicativo?","0","1","0.00","3.00"
"elisa bandeira park","0","74","0.00","10.57"
"elite park estacionamento","0","1","0.00","1.00"
"em campinas tem aeroporto","0","1","0.00","1.00"
"em congonhas","0","2","0.00","2.00"
"em curitiba","0","1","0.00","1.00"
"em curitiba tem aeroporto","0","7","0.00","13.14"
"em forma de paragrafo","0","1","0.00","2.00"
"em imagem","0","1","0.00","23.00"
"em maio","0","1","0.00","4.00"
"em manutenção","0","1","0.00","6.00"
"em qual cidade fica o aeroporto de confins","0","9","0.00","2.67"
"em qual cidade fica o aeroporto de guarulhos","0","1","0.00","1.00"
"em qual cidade fica o aeroporto de viracopos","0","1","0.00","45.00"
"em que cidade brasileira se situa o aeroporto internacional de viracopos","0","1","0.00","1.00"
"em que cidade fica o aeroporto de confins","0","2","0.00","1.00"
"em que cidade fica o aeroporto de congonhas","0","10","0.00","69.50"
"em que cidade fica o aeroporto de guarulhos","0","2","0.00","70.50"
"em que cidade fica o aeroporto de viracopos","0","1","0.00","1.00"
"em viracopos","0","1","0.00","9.00"
"embarcar aviao","0","1","0.00","1.00"
"embarque aeroporto afonso pena","0","1","0.00","16.00"
"embarque aeroporto confins","0","1","0.00","1.00"
"embarque aeroporto curitiba","0","1","0.00","4.00"
"embarque aeroporto de congonhas","0","1","0.00","2.00"
"embarque aeroporto de guarulhos","0","1","0.00","79.00"
"embarque aeroporto guarulhos","0","2","0.00","1.00"
"embarque air europa guarulhos","0","1","0.00","1.00"
"embarque confins","0","2","0.00","3.50"
"embarque copa airlines guarulhos","0","1","0.00","1.00"
"embarque da gol em guarulhos","0","3","0.00","1.00"
"embarque doméstico","0","1","0.00","3.00"
"embarque e desembarque aeroporto de congonhas","0","4","0.00","1.50"
"embarque e desembarque aeroporto de guarulhos","0","1","0.00","1.00"
"embarque e desembarque rodoviaria tiete","0","1","0.00","3.00"
"embarque e desembarque rodoviária tietê","0","3","0.00","2.33"
"embarque gol confins","0","87","0.00","8.48"
"embarque gol guarulhos","0","8","0.00","1.25"
"embarque gol guarulhos qual terminal","0","1","0.00","1.00"
"embarque internacional confins","0","3","0.00","42.00"
"embarque internacional viracopos","0","1","0.00","1.00"
"embarque nacional gol guarulhos","0","1","0.00","1.00"
"embarque no aeroporto de guarulhos","0","5","0.00","41.20"
"embarque terminal 2 guarulhos","0","5","0.00","1.00"
"embarque terminal 3 guarulhos","0","2","0.00","16.00"
"embarque united guarulhos","0","1","0.00","1.00"
"embarque viracopos","0","1","0.00","1.00"
"embarque voo internacional guarulhos","0","4","0.00","1.00"
"emirates aeroporto lisboa","0","1","0.00","2.00"
"emissão de gru","0","1","0.00","2.00"
"empa","0","2","0.00","3.00"
"empresa de estacionamento","0","2","0.00","14.00"
"empresa no aeroporto de guarulhos","0","1","0.00","1.00"
"empresas contratando no aeroporto de guarulhos","0","1","0.00","1.00"
"empresas de estacionamento","0","1","0.00","6.00"
"empresas do aeroporto de guarulhos","0","1","0.00","1.00"
"encontre sua vaga estácio","0","1","0.00","78.00"
"endereco aeroporto confins","0","8","0.00","1.00"
"endereco aeroporto de lisboa","0","1","0.00","13.00"
"endereco aeroporto guarulhos","0","1","0.00","1.00"
"endereco do aeroporto de congonhas","0","1","0.00","95.00"
"endereço aeroporto afonso pena","0","63","0.00","15.25"
"endereço aeroporto afonso pena curitiba","0","1","0.00","12.00"
"endereço aeroporto confins","0","59","0.00","1.05"
"endereço aeroporto congonhas","0","3","0.00","50.00"
"endereço aeroporto curitiba","0","3","0.00","37.33"
"endereço aeroporto de confins","0","59","0.00","5.98"
"endereço aeroporto de congonhas","0","3","0.00","40.33"
"endereço aeroporto de curitiba","0","12","0.00","23.08"
"endereço aeroporto de guarulhos","0","35","0.00","30.83"
"endereço aeroporto de guarulhos terminal 3","0","1","0.00","65.00"
"endereço aeroporto de lisboa","0","16","0.00","13.94"
"endereço aeroporto de viracopos","0","1","0.00","1.00"
"endereço aeroporto guarulhos","0","3","0.00","33.33"
"endereço aeroporto internacional de guarulhos","0","2","0.00","30.50"
"endereço aeroporto lisboa","0","8","0.00","3.88"
"endereço aeroporto navegantes","0","1","0.00","1.00"
"endereço aeroporto viracopos","0","7","0.00","1.00"
"endereço do aeroporto","0","1","0.00","1.00"
"endereço do aeroporto afonso pena","0","55","0.00","11.91"
"endereço do aeroporto de confins","0","89","0.00","6.57"
"endereço do aeroporto de confins belo horizonte","0","1","0.00","2.00"
"endereço do aeroporto de congonhas","0","30","0.00","62.93"
"endereço do aeroporto de congonhas em são paulo","0","1","0.00","83.00"
"endereço do aeroporto de curitiba","0","63","0.00","12.24"
"endereço do aeroporto de guarulhos","0","73","0.00","26.42"
"endereço do aeroporto de guarulhos são paulo","0","1","0.00","12.00"
"endereço do aeroporto de lisboa","0","21","0.00","7.76"
"endereço do aeroporto de viracopos","0","1","0.00","1.00"
"endereço do aeroporto internacional de guarulhos","0","1","0.00","32.00"
"endereço do aeroporto viracopos","0","1","0.00","65.00"
"endereço guarulhos","0","2","0.00","1.00"
"endereço localiza aeroporto","0","1","0.00","1.00"
"endereço terminal 2 aeroporto de guarulhos","0","1","0.00","2.00"
"endereço urban park guarulhos","0","13","0.00","10.77"
"endereço viracopos campinas","0","2","0.00","62.00"
"endereço virapark campinas","0","9","0.00","15.89"
"engepark estacionamento","0","8","0.00","50.25"
"engepark estacionamentos","0","1","0.00","73.00"
"enopark","0","1","0.00","9.00"
"entrada do aeroporto de guarulhos","0","3","0.00","34.67"
"entradas para aeropark","0","1","0.00","44.00"
"entry park","0","1","0.00","12.00"
"entry park estacionamento","0","5","0.00","45.20"
"enzo park","0","1","0.00","1.00"
"enzo park estacionamento","0","6","0.00","9.67"
"enzo park guarulhos","0","16","0.00","42.88"
"enzo park recife","0","7","0.00","9.00"
"epark estacionamento","0","2","0.00","11.50"
"erapark","0","1","0.00","7.00"
"eropark","0","1","0.00","1.00"
"eroporto de lisboa","0","8","0.00","10.13"
"eroporto lisboa","0","2","0.00","9.00"
"escolha um local seguro para estacionar","0","1","0.00","13.00"
"escudo park","0","1","0.00","22.00"
"escudo park guarulhos","0","12","0.00","9.25"
"essas imagens","0","1","0.00","12.00"
"estacenter estacionamentos / aeroporto maringá","0","3","0.00","3.00"
"estacenter estacionamentos aeroporto maringá","0","3","0.00","3.00"
"estacenter londrina","0","1","0.00","4.00"
"estacenter parking londrina","0","1","0.00","4.00"
"estacinamento","0","1","0.00","7.00"
"estacinamento congonhas","0","96","0.00","35.77"
"estaciomento","0","1","0.00","9.00"
"estaciomento perto de mim","0","1","0.00","9.00"
"estacion","0","2","0.00","1.00"
"estacionam","0","1","0.00","1.00"
"estacioname","0","2","0.00","13.00"
"estacionamemto","0","1","0.00","1.00"
"estacionamemto aeroporto","0","4","0.00","10.50"
"estacionamemto perto de mim","0","3","0.00","10.33"
"estacionamenro","0","2","0.00","9.00"
"estacionamenro aeroporto","0","8","0.00","8.88"
"estacionamente parking faro","0","175","0.00","52.95"
"estacionamento","0","292","0.00","7.77"
"estacionamento - aeroporto de florianópolis","0","2","0.00","2.00"
"estacionamento - rodoviária do rio","0","1","0.00","87.00"
"estacionamento 2 - rodoviária tietê","0","104","0.00","24.81"
"estacionamento 2 aeroporto salgado filho","0","20","0.00","44.40"
"estacionamento 2 rodoviaria tiete","0","133","0.00","27.65"
"estacionamento 2 rodoviária tietê","0","96","0.00","32.25"
"estacionamento 21 curitiba","0","2","0.00","10.00"
"estacionamento 222","0","26","0.00","15.65"
"estacionamento 222 guarulhos","0","11","0.00","5.36"
"estacionamento 24 horas","0","11","0.00","4.09"
"estacionamento 24 horas barra funda","0","4","0.00","1.00"
"estacionamento 24 horas belo horizonte","0","1","0.00","1.00"
"estacionamento 24 horas carapicuíba","0","1","0.00","68.00"
"estacionamento 24 horas centro","0","1","0.00","1.00"
"estacionamento 24 horas curitiba","0","30","0.00","23.47"
"estacionamento 24 horas curitiba centro","0","1","0.00","26.00"
"estacionamento 24 horas em campinas","0","6","0.00","6.17"
"estacionamento 24 horas em curitiba","0","1","0.00","1.00"
"estacionamento 24 horas em nova iguaçu","0","3","0.00","4.33"
"estacionamento 24 horas em santo amaro","0","1","0.00","1.00"
"estacionamento 24 horas guarulhos","0","11","0.00","57.18"
"estacionamento 24 horas largo da ordem","0","1","0.00","1.00"
"estacionamento 24 horas mais próximo","0","11","0.00","7.09"
"estacionamento 24 horas maringá","0","1","0.00","2.00"
"estacionamento 24 horas metrô","0","1","0.00","1.00"
"estacionamento 24 horas mogi das cruzes","0","1","0.00","1.00"
"estacionamento 24 horas perto de mim","0","11","0.00","2.73"
"estacionamento 24 horas porto alegre","0","2","0.00","28.50"
"estacionamento 24 horas próximo a rodoviária de campinas","0","1","0.00","1.00"
"estacionamento 24 horas próximo à rodoviária de campinas","0","1","0.00","10.00"
"estacionamento 24 horas rodoviária tietê","0","38","0.00","31.79"
"estacionamento 24 horas são paulo","0","2","0.00","1.00"
"estacionamento 24 hrs","0","1","0.00","1.00"
"estacionamento 24h","0","46","0.00","19.54"
"estacionamento 24h aeroporto guarulhos","0","15","0.00","32.47"
"estacionamento 24h butantã","0","2","0.00","1.00"
"estacionamento 24h curitiba","0","15","0.00","23.47"
"estacionamento 24h dentro de 400 m","0","1","0.00","13.00"
"estacionamento 24h perto de mim","0","23","0.00","10.57"
"estacionamento 24h proximo a mim","0","1","0.00","96.00"
"estacionamento 24h proximo a rodoviaria tiete","0","11","0.00","9.36"
"estacionamento 24h próximo a mim","0","72","0.00","5.35"
"estacionamento 24h próximo a mim dentro de 800 m","0","1","0.00","7.00"
"estacionamento 24hrs","0","4","0.00","4.00"
"estacionamento 24hrs perto de mim","0","3","0.00","5.00"
"estacionamento 24hs perto de mim","0","4","0.00","11.75"
"estacionamento 25 de março","0","1","0.00","1.00"
"estacionamento 3 aeroporto salgado filho","0","17","0.00","41.65"
"estacionamento 3 terminal 1 aeroporto porto alegre","0","2","0.00","2.00"
"estacionamento 4 aeroporto porto alegre","0","2","0.00","1.00"
"estacionamento 99 aeroporto guarulhos","0","1","0.00","59.00"
"estacionamento aberto agora","0","2","0.00","39.50"
"estacionamento aberto agora perto de mim","0","1","0.00","1.00"
"estacionamento aberto perto de mim","0","4","0.00","11.00"
"estacionamento abertos agora","0","7","0.00","19.43"
"estacionamento abre park","0","2","0.00","1.50"
"estacionamento aero","0","15","0.00","7.73"
"estacionamento aero park foz prox aeroporto","0","60","0.00","36.73"
"estacionamento aero park guarulhos","0","171","0.00","6.98"
"estacionamento aero parking ltda goiânia","0","1","0.00","43.00"
"estacionamento aeroparking viracopos","0","42","0.00","6.81"
"estacionamento aeroport","0","4","0.00","7.25"
"estacionamento aeroporto afonso pena diária preço 2026","0","4","0.00","9.50"
"estacionamento aeroporto afonso pena sem parar","0","9","0.00","1.00"
"estacionamento aeroporto ana","0","4","0.00","41.75"
"estacionamento aeroporto aracaju","0","9","0.00","1.33"
"estacionamento aeroporto atlanta preços","0","22","0.00","78.55"
"estacionamento aeroporto bauru","0","3","0.00","33.33"
"estacionamento aeroporto bauru preço","0","3","0.00","22.00"
"estacionamento aeroporto belem","0","14","0.00","1.43"
"estacionamento aeroporto belo horizonte","0","4","0.00","38.25"
"estacionamento aeroporto bh","0","32","0.00","46.22"
"estacionamento aeroporto bh confins","0","2","0.00","1.50"
"estacionamento aeroporto brasilia diaria","0","17","0.00","9.00"
"estacionamento aeroporto brasília diária preço 2026","0","6","0.00","7.33"
"estacionamento aeroporto brasília df park","0","56","0.00","35.00"
"estacionamento aeroporto bsb","0","33","0.00","12.21"
"estacionamento aeroporto campina grande","0","4","0.00","1.50"
"estacionamento aeroporto campinas preço","0","150","0.00","10.94"
"estacionamento aeroporto campo grande ms","0","15","0.00","8.53"
"estacionamento aeroporto cascavel","0","2","0.00","3.00"
"estacionamento aeroporto cascavel valor","0","3","0.00","2.33"
"estacionamento aeroporto castro pinto","0","18","0.00","8.44"
"estacionamento aeroporto caxias do sul","0","11","0.00","9.45"
"estacionamento aeroporto cgh","0","9","0.00","1.00"
"estacionamento aeroporto chapeco sc","0","2","0.00","3.00"
"estacionamento aeroporto chapecó","0","2","0.00","3.50"
"estacionamento aeroporto chapecó valor","0","5","0.00","1.00"
"estacionamento aeroporto cofins","0","5","0.00","30.20"
"estacionamento aeroporto confins azul","0","1","0.00","1.00"
"estacionamento aeroporto confins bh airport","0","4","0.00","2.00"
"estacionamento aeroporto confins diaria","0","26","0.00","8.62"
"estacionamento aeroporto confins diária preço 2026","0","5","0.00","10.00"
"estacionamento aeroporto confins estapar","0","20","0.00","23.75"
"estacionamento aeroporto confins ipo park","0","52","0.00","28.69"
"estacionamento aeroporto confins multipark","0","67","0.00","10.85"
"estacionamento aeroporto confins oficial","0","9","0.00","8.67"
"estacionamento aeroporto confins pertim","0","2","0.00","2.00"
"estacionamento aeroporto confins preço diária 2026","0","6","0.00","9.17"
"estacionamento aeroporto confins superpark","0","19","0.00","11.58"
"estacionamento aeroporto confins telefone","0","7","0.00","29.71"
"estacionamento aeroporto confins valor","0","18","0.00","2.17"
"estacionamento aeroporto confins valores","0","2","0.00","1.00"
"estacionamento aeroporto congonhas com melhor custo-benefício e seguro de veículo em são paulo","0","3","0.00","3.33"
"estacionamento aeroporto congonhas com transfer","0","19","0.00","8.89"
"estacionamento aeroporto congonhas diaria","0","2","0.00","1.00"
"estacionamento aeroporto congonhas estapar","0","1","0.00","3.00"
"estacionamento aeroporto congonhas oficial","0","3","0.00","11.00"
"estacionamento aeroporto congonhas preço diária 2026","0","7","0.00","9.86"
"estacionamento aeroporto congonhas preço","0","263","0.00","32.54"
"estacionamento aeroporto congonhas preço diaria","0","80","0.00","33.11"
"estacionamento aeroporto congonhas preços","0","1","0.00","19.00"
"estacionamento aeroporto congonhas tam","0","62","0.00","42.26"
"estacionamento aeroporto congonhas telefone","0","2","0.00","49.00"
"estacionamento aeroporto cuiabá valor","0","13","0.00","2.15"
"estacionamento aeroporto cumbica","0","540","0.00","39.08"
"estacionamento aeroporto cumbica preço","0","66","0.00","48.61"
"estacionamento aeroporto curitiba area c","0","10","0.00","1.00"
"estacionamento aeroporto curitiba diária","0","30","0.00","11.63"
"estacionamento aeroporto curitiba indigo","0","2","0.00","5.50"
"estacionamento aeroporto curitiba parebem","0","1","0.00","11.00"
"estacionamento aeroporto curitiba sem parar","0","6","0.00","16.50"
"estacionamento aeroporto curitiba valores","0","1","0.00","15.00"
"estacionamento aeroporto de aracaju","0","3","0.00","2.67"
"estacionamento aeroporto de belem","0","2","0.00","1.00"
"estacionamento aeroporto de belo horizonte","0","1","0.00","1.00"
"estacionamento aeroporto de brasilia brb","0","1","0.00","3.00"
"estacionamento aeroporto de brasilia diaria","0","2","0.00","9.50"
"estacionamento aeroporto de brasilia valor","0","15","0.00","9.00"
"estacionamento aeroporto de campinas preço","0","321","0.00","10.07"
"estacionamento aeroporto de campo grande","0","7","0.00","10.29"
"estacionamento aeroporto de cascavel","0","5","0.00","4.00"
"estacionamento aeroporto de confins preço","0","17","0.00","8.12"
"estacionamento aeroporto de confins valor","0","1","0.00","1.00"
"estacionamento aeroporto de congonhas diária preço 2026","0","1","0.00","11.00"
"estacionamento aeroporto de congonhas preço","0","25","0.00","21.84"
"estacionamento aeroporto de congonhas sp","0","28","0.00","3.14"
"estacionamento aeroporto de congonhas valor","0","15","0.00","3.93"
"estacionamento aeroporto de cumbica","0","8","0.00","32.25"
"estacionamento aeroporto de curitiba valor","0","58","0.00","7.45"
"estacionamento aeroporto de faro","0","522","0.00","46.52"
"estacionamento aeroporto de florianopolis","0","3","0.00","7.33"
"estacionamento aeroporto de florianópolis","0","28","0.00","2.96"
"estacionamento aeroporto de floripa","0","1","0.00","11.00"
"estacionamento aeroporto de foz do iguaçu","0","3","0.00","2.33"
"estacionamento aeroporto de goiânia","0","19","0.00","12.37"
"estacionamento aeroporto de goiânia valor","0","19","0.00","5.32"
"estacionamento aeroporto de gru","0","21","0.00","48.52"
"estacionamento aeroporto de guarulho","0","55","0.00","68.76"
"estacionamento aeroporto de guarulhos - park 222","0","2","0.00","7.50"
"estacionamento aeroporto de guarulhos 24 horas","0","180","0.00","56.65"
"estacionamento aeroporto de guarulhos mais barato","0","1","0.00","32.00"
"estacionamento aeroporto de guarulhos preço","0","481","0.00","43.98"
"estacionamento aeroporto de guarulhos sp","0","46","0.00","48.17"
"estacionamento aeroporto de guarulhos terminal 2","0","19","0.00","45.74"
"estacionamento aeroporto de guarulhos terminal 3","0","20","0.00","55.75"
"estacionamento aeroporto de guarulhos valor","0","92","0.00","38.09"
"estacionamento aeroporto de guarulhos valor diaria","0","40","0.00","34.45"
"estacionamento aeroporto de joinville","0","10","0.00","1.60"
"estacionamento aeroporto de lisboa","0","2207","0.00","58.12"
"estacionamento aeroporto de lisboa low cost","0","18","0.00","36.44"
"estacionamento aeroporto de lisboa park 5a","0","15","0.00","76.93"
"estacionamento aeroporto de londrina valores","0","2","0.00","23.00"
"estacionamento aeroporto de manaus","0","2","0.00","1.00"
"estacionamento aeroporto de maringá","0","4","0.00","3.25"
"estacionamento aeroporto de natal","0","14","0.00","1.14"
"estacionamento aeroporto de palmas","0","2","0.00","42.00"
"estacionamento aeroporto de passo fundo","0","14","0.00","1.00"
"estacionamento aeroporto de porto alegre","0","23","0.00","37.43"
"estacionamento aeroporto de presidente prudente","0","1","0.00","1.00"
"estacionamento aeroporto de ribeirão preto","0","9","0.00","7.67"
"estacionamento aeroporto de salvador","0","9","0.00","16.56"
"estacionamento aeroporto de salvador valor","0","4","0.00","1.00"
"estacionamento aeroporto de sao luis","0","3","0.00","1.67"
"estacionamento aeroporto de são jose do rio preto","0","5","0.00","54.40"
"estacionamento aeroporto de teresina","0","12","0.00","5.83"
"estacionamento aeroporto de uberlandia","0","2","0.00","2.50"
"estacionamento aeroporto de uberlândia","0","4","0.00","2.00"
"estacionamento aeroporto de uberlândia - bh park","0","13","0.00","36.92"
"estacionamento aeroporto de uberlândia bh park","0","7","0.00","34.43"
"estacionamento aeroporto de viracopos valor","0","158","0.00","8.04"
"estacionamento aeroporto de vitoria","0","28","0.00","9.25"
"estacionamento aeroporto de vitoria da conquista","0","1","0.00","1.00"
"estacionamento aeroporto de vitoria es","0","9","0.00","4.33"
"estacionamento aeroporto de vitória","0","21","0.00","8.43"
"estacionamento aeroporto do galeao","0","2","0.00","33.00"
"estacionamento aeroporto do galeão","0","37","0.00","25.51"
"estacionamento aeroporto do recife","0","158","0.00","10.77"
"estacionamento aeroporto em guarulhos","0","193","0.00","65.62"
"estacionamento aeroporto faro low cost","0","1","0.00","32.00"
"estacionamento aeroporto florianopolis","0","23","0.00","10.61"
"estacionamento aeroporto florianópolis diária preço 2026","0","1","0.00","9.00"
"estacionamento aeroporto florianópolis preço diária 2026","0","3","0.00","11.00"
"estacionamento aeroporto florianópolis tarifas 2026","0","1","0.00","9.00"
"estacionamento aeroporto florianópolis portal","0","1","0.00","4.00"
"estacionamento aeroporto florianópolis preço","0","2","0.00","11.50"
"estacionamento aeroporto florianópolis valor","0","2","0.00","3.00"
"estacionamento aeroporto floripa","0","12","0.00","10.08"
"estacionamento aeroporto fortaleza preço","0","2","0.00","6.00"
"estacionamento aeroporto fortaleza valor","0","6","0.00","5.83"
"estacionamento aeroporto foz","0","2","0.00","52.00"
"estacionamento aeroporto foz do iguacu","0","1","0.00","1.00"
"estacionamento aeroporto foz do iguaçu","0","2","0.00","4.00"
"estacionamento aeroporto galeão diária preço 2026","0","1","0.00","9.00"
"estacionamento aeroporto galeão preço","0","5","0.00","74.20"
"estacionamento aeroporto galeão rio de janeiro","0","26","0.00","12.42"
"estacionamento aeroporto galeão valor","0","18","0.00","32.06"
"estacionamento aeroporto garulhos","0","30","0.00","61.17"
"estacionamento aeroporto gig","0","39","0.00","9.33"
"estacionamento aeroporto goiania","0","38","0.00","13.53"
"estacionamento aeroporto goiânia","0","1","0.00","13.00"
"estacionamento aeroporto gru terminal 3","0","4","0.00","1.00"
"estacionamento aeroporto guarulho","0","27","0.00","52.74"
"estacionamento aeroporto guarulhos $7 99","0","115","0.00","38.12"
"estacionamento aeroporto guarulhos - airport park gru","0","5","0.00","45.20"
"estacionamento aeroporto guarulhos - br parking","0","16","0.00","49.38"
"estacionamento aeroporto guarulhos - on park","0","1","0.00","14.00"
"estacionamento aeroporto guarulhos 10 dias preço 2026","0","1","0.00","11.00"
"estacionamento aeroporto guarulhos 15 dias preço 2026","0","2","0.00","10.00"
"estacionamento aeroporto guarulhos 24 horas","0","292","0.00","54.57"
"estacionamento aeroporto guarulhos 5 dias preço 2026","0","1","0.00","11.00"
"estacionamento aeroporto guarulhos 7 99","0","12","0.00","11.75"
"estacionamento aeroporto guarulhos 7 dias preço 2026","0","8","0.00","10.00"
"estacionamento aeroporto guarulhos 7,99","0","41","0.00","3.41"
"estacionamento aeroporto guarulhos airport park gru","0","126","0.00","54.76"
"estacionamento aeroporto guarulhos bandeira park","0","35","0.00","21.63"
"estacionamento aeroporto guarulhos br express","0","5","0.00","34.40"
"estacionamento aeroporto guarulhos br parking","0","39","0.00","51.97"
"estacionamento aeroporto guarulhos brasil park","0","2","0.00","10.00"
"estacionamento aeroporto guarulhos coberto","0","170","0.00","57.75"
"estacionamento aeroporto guarulhos com transfer","0","80","0.00","51.65"
"estacionamento aeroporto guarulhos com traslado","0","45","0.00","48.60"
"estacionamento aeroporto guarulhos confiavel","0","43","0.00","47.19"
"estacionamento aeroporto guarulhos cumbica","0","166","0.00","44.16"
"estacionamento aeroporto guarulhos desconto porto seguro","0","1","0.00","60.00"
"estacionamento aeroporto guarulhos diária preço 2026","0","24","0.00","9.54"
"estacionamento aeroporto guarulhos diária","0","314","0.00","38.19"
"estacionamento aeroporto guarulhos edificio garagem","0","70","0.00","57.70"
"estacionamento aeroporto guarulhos fly park","0","9","0.00","8.78"
"estacionamento aeroporto guarulhos gru tarifas 2026","0","2","0.00","11.00"
"estacionamento aeroporto guarulhos indigo","0","13","0.00","12.15"
"estacionamento aeroporto guarulhos infraero","0","45","0.00","36.36"
"estacionamento aeroporto guarulhos itau personnalite","0","1","0.00","5.00"
"estacionamento aeroporto guarulhos melhor custo beneficio","0","25","0.00","10.16"
"estacionamento aeroporto guarulhos melhor preço","0","25","0.00","47.04"
"estacionamento aeroporto guarulhos oficial","0","95","0.00","41.38"
"estacionamento aeroporto guarulhos on park","0","31","0.00","41.65"
"estacionamento aeroporto guarulhos opções","0","6","0.00","11.50"
"estacionamento aeroporto guarulhos personnalite","0","3","0.00","4.67"
"estacionamento aeroporto guarulhos ponce park","0","1","0.00","8.00"
"estacionamento aeroporto guarulhos porto seguro","0","4","0.00","7.75"
"estacionamento aeroporto guarulhos preco","0","85","0.00","43.95"
"estacionamento aeroporto guarulhos preço 2026","0","11","0.00","21.64"
"estacionamento aeroporto guarulhos preço diaria 2026","0","2","0.00","11.50"
"estacionamento aeroporto guarulhos preço diária","0","2","0.00","27.50"
"estacionamento aeroporto guarulhos preço diária 2026","0","10","0.00","9.30"
"estacionamento aeroporto guarulhos preços 2026","0","4","0.00","9.25"
"estacionamento aeroporto guarulhos preço","0","1554","0.00","42.57"
"estacionamento aeroporto guarulhos preço diaria","0","57","0.00","27.11"
"estacionamento aeroporto guarulhos preço diária","0","2","0.00","27.50"
"estacionamento aeroporto guarulhos preços","0","78","0.00","38.29"
"estacionamento aeroporto guarulhos sem parar","0","5","0.00","65.60"
"estacionamento aeroporto guarulhos sp","0","104","0.00","47.77"
"estacionamento aeroporto guarulhos stop park","0","10","0.00","9.40"
"estacionamento aeroporto guarulhos tam","0","48","0.00","54.92"
"estacionamento aeroporto guarulhos tarifas","0","1","0.00","26.00"
"estacionamento aeroporto guarulhos tarifas 2026","0","1","0.00","9.00"
"estacionamento aeroporto guarulhos tarifas 2026 gru airport","0","1","0.00","11.00"
"estacionamento aeroporto guarulhos terminal 1","0","63","0.00","47.29"
"estacionamento aeroporto guarulhos terminal 2 preço","0","13","0.00","50.69"
"estacionamento aeroporto guarulhos terminal 2 valor","0","29","0.00","39.69"
"estacionamento aeroporto guarulhos terminal 3","0","355","0.00","47.71"
"estacionamento aeroporto guarulhos terminal 3 edifício garagem","0","1","0.00","1.00"
"estacionamento aeroporto guarulhos terminal 3 preço","0","36","0.00","49.36"
"estacionamento aeroporto guarulhos terminal 3 valor","0","47","0.00","50.66"
"estacionamento aeroporto guarulhos terminal 4","0","115","0.00","41.90"
"estacionamento aeroporto guarulhos urban park","0","196","0.00","8.64"
"estacionamento aeroporto guarulhos valor diaria","0","109","0.00","33.63"
"estacionamento aeroporto guarulhos valores","0","113","0.00","28.93"
"estacionamento aeroporto guarulhos yellow","0","32","0.00","10.19"
"estacionamento aeroporto gyn","0","2","0.00","9.00"
"estacionamento aeroporto hercilio luz","0","2","0.00","2.00"
"estacionamento aeroporto hercílio luz","0","1","0.00","3.00"
"estacionamento aeroporto ilheus","0","3","0.00","3.67"
"estacionamento aeroporto imperatriz","0","1","0.00","2.00"
"estacionamento aeroporto internacional de guarulhos","0","72","0.00","35.01"
"estacionamento aeroporto internacional do rio de janeiro","0","4","0.00","17.75"
"estacionamento aeroporto ipatinga","0","4","0.00","1.50"
"estacionamento aeroporto jaguaruna","0","3","0.00","2.00"
"estacionamento aeroporto joinville","0","16","0.00","2.19"
"estacionamento aeroporto joinville preço","0","1","0.00","1.00"
"estacionamento aeroporto joinville valor diaria","0","1","0.00","3.00"
"estacionamento aeroporto juazeiro do norte","0","2","0.00","1.50"
"estacionamento aeroporto leite lopes","0","3","0.00","14.67"
"estacionamento aeroporto lisboa ana","0","190","0.00","37.26"
"estacionamento aeroporto lisboa chegadas","0","73","0.00","72.21"
"estacionamento aeroporto lisboa easy park","0","30","0.00","70.27"
"estacionamento aeroporto lisboa jet park","0","20","0.00","48.75"
"estacionamento aeroporto lisboa low cost","0","2343","0.00","54.64"
"estacionamento aeroporto lisboa p2","0","2","0.00","40.00"
"estacionamento aeroporto lisboa p3","0","210","0.00","50.91"
"estacionamento aeroporto lisboa preço","0","167","0.00","63.27"
"estacionamento aeroporto lisboa terminal 1","0","746","0.00","59.22"
"estacionamento aeroporto lisboa terminal 2","0","982","0.00","66.68"
"estacionamento aeroporto lisboa via verde","0","59","0.00","63.54"
"estacionamento aeroporto low cost","0","5","0.00","45.40"
"estacionamento aeroporto maceió preço","0","1","0.00","14.00"
"estacionamento aeroporto maceió valor","0","1","0.00","13.00"
"estacionamento aeroporto manaus","0","15","0.00","3.80"
"estacionamento aeroporto maraba","0","6","0.00","3.00"
"estacionamento aeroporto maringa","0","58","0.00","3.28"
"estacionamento aeroporto maringa pr","0","1","0.00","1.00"
"estacionamento aeroporto maringa valor","0","1","0.00","1.00"
"estacionamento aeroporto maringá","0","26","0.00","2.23"
"estacionamento aeroporto maringá fotos","0","2","0.00","9.00"
"estacionamento aeroporto montes claros","0","6","0.00","14.17"
"estacionamento aeroporto natal","0","89","0.00","1.42"
"estacionamento aeroporto natal valor","0","4","0.00","1.00"
"estacionamento aeroporto navegantes diária preço 2026","0","2","0.00","6.00"
"estacionamento aeroporto navegantes estapar","0","5","0.00","12.80"
"estacionamento aeroporto orlando","0","4","0.00","1.00"
"estacionamento aeroporto p3","0","6","0.00","45.67"
"estacionamento aeroporto palmas","0","8","0.00","34.88"
"estacionamento aeroporto pampulha","0","2","0.00","1.00"
"estacionamento aeroporto passo fundo","0","22","0.00","29.18"
"estacionamento aeroporto petrolina","0","6","0.00","2.83"
"estacionamento aeroporto pinto martins","0","3","0.00","1.00"
"estacionamento aeroporto poa","0","29","0.00","33.31"
"estacionamento aeroporto porto","0","1","0.00","6.00"
"estacionamento aeroporto porto alegre mais barato","0","50","0.00","18.54"
"estacionamento aeroporto porto alegre preço","0","1","0.00","3.00"
"estacionamento aeroporto porto alegre rs","0","1","0.00","46.00"
"estacionamento aeroporto porto alegre salgado filho","0","5","0.00","18.20"
"estacionamento aeroporto porto alegre valor","0","16","0.00","50.00"
"estacionamento aeroporto porto alegre valor diaria","0","1","0.00","1.00"
"estacionamento aeroporto porto alegre valores","0","6","0.00","37.67"
"estacionamento aeroporto porto seguro","0","8","0.00","1.38"
"estacionamento aeroporto porto velho","0","4","0.00","3.00"
"estacionamento aeroporto presidente prudente","0","9","0.00","2.11"
"estacionamento aeroporto preço","0","55","0.00","36.62"
"estacionamento aeroporto puerto iguazu","0","1","0.00","3.00"
"estacionamento aeroporto recife desconto","0","8","0.00","14.63"
"estacionamento aeroporto recife diaria","0","4","0.00","37.75"
"estacionamento aeroporto recife diária preço 2026","0","11","0.00","8.82"
"estacionamento aeroporto recife estapar","0","7","0.00","1.00"
"estacionamento aeroporto recife preço diária 2026","0","13","0.00","8.54"
"estacionamento aeroporto recife preço","0","29","0.00","12.07"
"estacionamento aeroporto recife telefone","0","57","0.00","11.05"
"estacionamento aeroporto recife valor","0","48","0.00","17.98"
"estacionamento aeroporto recife valores","0","4","0.00","37.00"
"estacionamento aeroporto ribeirao preto","0","3","0.00","2.33"
"estacionamento aeroporto ribeirão preto","0","26","0.00","2.69"
"estacionamento aeroporto ribeirão preto valor","0","3","0.00","3.00"
"estacionamento aeroporto rio branco","0","2","0.00","3.00"
"estacionamento aeroporto rio de janeiro","0","28","0.00","17.79"
"estacionamento aeroporto rio preto","0","16","0.00","23.63"
"estacionamento aeroporto rio preto valor","0","1","0.00","1.00"
"estacionamento aeroporto salgado filho porto alegre","0","28","0.00","10.96"
"estacionamento aeroporto salgado filho terminal 2","0","13","0.00","48.62"
"estacionamento aeroporto salvador bambuzal","0","1","0.00","10.00"
"estacionamento aeroporto salvador diária preço 2026","0","5","0.00","7.60"
"estacionamento aeroporto salvador preço diária","0","15","0.00","7.47"
"estacionamento aeroporto salvador valor","0","20","0.00","9.45"
"estacionamento aeroporto salvador valor diária","0","1","0.00","1.00"
"estacionamento aeroporto santa genoveva","0","5","0.00","1.00"
"estacionamento aeroporto santarem","0","3","0.00","2.67"
"estacionamento aeroporto santos dumont diária preço 2026","0","2","0.00","10.50"
"estacionamento aeroporto santos dumont preço 2026","0","3","0.00","9.00"
"estacionamento aeroporto santos dumont preço diária 2026","0","1","0.00","7.00"
"estacionamento aeroporto santos dumont rj","0","4","0.00","9.50"
"estacionamento aeroporto santos dumont tarifas","0","8","0.00","11.00"
"estacionamento aeroporto sao jose do rio preto","0","4","0.00","61.50"
"estacionamento aeroporto sao jose dos pinhais","0","59","0.00","11.32"
"estacionamento aeroporto sao luis","0","50","0.00","1.76"
"estacionamento aeroporto sao paulo","0","31","0.00","49.52"
"estacionamento aeroporto sdu","0","39","0.00","10.56"
"estacionamento aeroporto sinop","0","6","0.00","13.50"
"estacionamento aeroporto sjp","0","1","0.00","13.00"
"estacionamento aeroporto sá carneiro","0","2","0.00","56.00"
"estacionamento aeroporto são gonçalo do amarante","0","1","0.00","5.00"
"estacionamento aeroporto são josé do rio preto","0","12","0.00","29.00"
"estacionamento aeroporto são luís","0","2","0.00","1.00"
"estacionamento aeroporto são luís valor","0","1","0.00","1.00"
"estacionamento aeroporto teresina valor","0","1","0.00","1.00"
"estacionamento aeroporto tom jobim","0","1","0.00","1.00"
"estacionamento aeroporto uberaba","0","1","0.00","1.00"
"estacionamento aeroporto uberlandia","0","16","0.00","2.06"
"estacionamento aeroporto uberlândia","0","1","0.00","2.00"
"estacionamento aeroporto uberlândia preço","0","2","0.00","1.50"
"estacionamento aeroporto uberlândia valor","0","1","0.00","1.00"
"estacionamento aeroporto varzea grande","0","12","0.00","13.92"
"estacionamento aeroporto vcp campinas","0","1","0.00","13.00"
"estacionamento aeroporto viracopos campinas diária preço 2026","0","4","0.00","8.50"
"estacionamento aeroporto viracopos diária preço 2026","0","8","0.00","9.38"
"estacionamento aeroporto viracopos ecopark","0","92","0.00","14.33"
"estacionamento aeroporto viracopos edificio garagem","0","276","0.00","8.58"
"estacionamento aeroporto viracopos oficial","0","78","0.00","9.28"
"estacionamento aeroporto viracopos preço 2026","0","19","0.00","7.16"
"estacionamento aeroporto viracopos preço diária 2026","0","9","0.00","8.67"
"estacionamento aeroporto viracopos preços","0","1","0.00","1.00"
"estacionamento aeroporto viracopos preços 2026","0","4","0.00","7.00"
"estacionamento aeroporto viracopos preço diária","0","5","0.00","10.20"
"estacionamento aeroporto viracopos tarifas 2026","0","4","0.00","10.50"
"estacionamento aeroporto vitoria da conquista","0","4","0.00","15.25"
"estacionamento aeroporto vitoria es","0","23","0.00","5.57"
"estacionamento aeroporto vitoria valor","0","3","0.00","1.67"
"estacionamento aeroporto vitória es diária preço 2026","0","2","0.00","8.50"
"estacionamento aeroporto vitória","0","4","0.00","9.50"
"estacionamento aeroporto vitória es","0","1","0.00","1.00"
"estacionamento aeroporto vix","0","17","0.00","9.82"
"estacionamento aeroporto zumbi dos palmares","0","12","0.00","9.67"
"estacionamento aeroporto.confins","0","2","0.00","7.50"
"estacionamento aeroporto.congonhas","0","7","0.00","1.57"
"estacionamento aeroporto.guarulhos","0","44","0.00","45.16"
"estacionamento aerporto guarulhos","0","4","0.00","8.00"
"estacionamento afonso pena aeroporto","0","53","0.00","31.66"
"estacionamento afonso pena araçatuba","0","1","0.00","3.00"
"estacionamento afonso pena diaria","0","1","0.00","1.00"
"estacionamento afonso pena são josé dos pinhais","0","50","0.00","10.08"
"estacionamento air park","0","151","0.00","26.57"
"estacionamento airport bh","0","1","0.00","3.00"
"estacionamento airport park","0","65","0.00","47.25"
"estacionamento airport park gru","0","20","0.00","55.70"
"estacionamento airport park guarulhos","0","5","0.00","9.60"
"estacionamento allianz parque","0","1","0.00","4.00"
"estacionamento allianz parque preço","0","1","0.00","1.00"
"estacionamento ana","0","2","0.00","36.00"
"estacionamento ana aeroporto","0","3","0.00","55.00"
"estacionamento ana aeroporto lisboa","0","107","0.00","43.27"
"estacionamento ana aeroportos","0","7","0.00","50.00"
"estacionamento ana lisboa","0","19","0.00","42.53"
"estacionamento anhangabau","0","2","0.00","63.50"
"estacionamento anália franco valor","0","1","0.00","1.00"
"estacionamento ao lado da rodoviaria tiete","0","6","0.00","10.67"
"estacionamento ao lado do aeroporto de congonhas","0","2","0.00","5.50"
"estacionamento ao lado do aeroporto de guarulhos","0","34","0.00","51.44"
"estacionamento ao lado do aeroporto de porto alegre","0","1","0.00","11.00"
"estacionamento aqui perto","0","5","0.00","8.40"
"estacionamento arai park","0","66","0.00","6.27"
"estacionamento araujo guarulhos","0","1","0.00","7.00"
"estacionamento araújo guarulhos","0","1","0.00","2.00"
"estacionamento arena da baixada","0","1","0.00","3.00"
"estacionamento arena mrv preço","0","1","0.00","1.00"
"estacionamento arroporto guarulhos","0","29","0.00","66.03"
"estacionamento aterro do flamengo valor","0","3","0.00","1.00"
"estacionamento atrium preço","0","2","0.00","1.00"
"estacionamento av paulista","0","3","0.00","42.33"
"estacionamento avenida paulista","0","1","0.00","34.00"
"estacionamento azul","0","3","0.00","7.00"
"estacionamento azul campinas","0","91","0.00","15.11"
"estacionamento azul viracopos campinas","0","5","0.00","5.00"
"estacionamento b","0","1","0.00","9.00"
"estacionamento b aeroporto de brasília","0","6","0.00","10.83"
"estacionamento b park","0","81","0.00","8.59"
"estacionamento b park confins","0","55","0.00","8.25"
"estacionamento baia sul valor","0","1","0.00","1.00"
"estacionamento bambuzal aeroporto","0","31","0.00","9.74"
"estacionamento bambuzal aeroporto fotos","0","1","0.00","3.00"
"estacionamento bambuzal salvador","0","12","0.00","9.33"
"estacionamento bambuzal valor","0","10","0.00","5.70"
"estacionamento bandeira park","0","610","0.00","10.76"
"estacionamento bandeira park campinas","0","200","0.00","10.24"
"estacionamento bandeira park guarulhos","0","89","0.00","16.15"
"estacionamento bandeira park tiete","0","68","0.00","18.07"
"estacionamento bangers open air","0","1","0.00","1.00"
"estacionamento barato","0","29","0.00","44.48"
"estacionamento barato aeroporto florianópolis","0","5","0.00","10.40"
"estacionamento barato aeroporto galeao rj","0","2","0.00","7.00"
"estacionamento barato aeroporto lisboa","0","227","0.00","44.90"
"estacionamento barato centro porto alegre","0","1","0.00","2.00"
"estacionamento barato confins","0","2","0.00","13.50"
"estacionamento barato guarulhos","0","122","0.00","28.73"
"estacionamento barato lisboa","0","4","0.00","14.25"
"estacionamento barato no centro de curitiba","0","4","0.00","14.25"
"estacionamento barato no centro do rio","0","1","0.00","2.00"
"estacionamento barato perto de mim","0","2","0.00","1.00"
"estacionamento barato perto do aeroporto de guarulhos","0","34","0.00","34.56"
"estacionamento barato porto de santos","0","1","0.00","1.00"
"estacionamento barato rodoviária tietê","0","2","0.00","20.50"
"estacionamento be fly hall","0","6","0.00","12.17"
"estacionamento be park confins","0","208","0.00","7.93"
"estacionamento beira rio","0","1","0.00","4.00"
"estacionamento belvitur confins","0","74","0.00","8.19"
"estacionamento best park","0","219","0.00","6.23"
"estacionamento best park aeroporto curitiba","0","115","0.00","6.21"
"estacionamento best park executive","0","21","0.00","9.24"
"estacionamento beto carrero","0","1","0.00","2.00"
"estacionamento bh aeroporto","0","7","0.00","3.14"
"estacionamento bh airport","0","23","0.00","49.17"
"estacionamento big shopping valor","0","1","0.00","1.00"
"estacionamento blue beach","0","1","0.00","1.00"
"estacionamento blue moon curitiba","0","1","0.00","16.00"
"estacionamento boa viagem","0","3","0.00","38.00"
"estacionamento boa viagem rio preto","0","1","0.00","59.00"
"estacionamento bom retiro","0","1","0.00","1.00"
"estacionamento bossa nova mall preço","0","1","0.00","4.00"
"estacionamento bpark","0","512","0.00","10.33"
"estacionamento bpark confins","0","94","0.00","8.16"
"estacionamento br","0","7","0.00","40.71"
"estacionamento br aeroporto guarulhos","0","1","0.00","44.00"
"estacionamento br express","0","10","0.00","54.00"
"estacionamento br express guarulhos","0","2","0.00","26.00"
"estacionamento br guarulhos","0","6","0.00","37.50"
"estacionamento br parking","0","26","0.00","24.23"
"estacionamento br parking campinas","0","40","0.00","13.78"
"estacionamento br parking guarulhos","0","5","0.00","42.80"
"estacionamento br parking viracopos","0","13","0.00","11.00"
"estacionamento bras park now","0","2","0.00","82.00"
"estacionamento brasil park guarulhos","0","1","0.00","51.00"
"estacionamento brasilia","0","51","0.00","47.96"
"estacionamento brasilia aeroporto","0","64","0.00","31.48"
"estacionamento brasilia shopping","0","1","0.00","2.00"
"estacionamento brasília","0","13","0.00","48.00"
"estacionamento bsb","0","1","0.00","12.00"
"estacionamento bsb aeroporto","0","5","0.00","8.80"
"estacionamento busca busca","0","1","0.00","1.00"
"estacionamento butanta","0","1","0.00","1.00"
"estacionamento butanta metro","0","1","0.00","2.00"
"estacionamento butantã 24 horas","0","6","0.00","1.00"
"estacionamento cais do recife","0","6","0.00","61.00"
"estacionamento campinas centro","0","28","0.00","48.68"
"estacionamento campo belo","0","4","0.00","1.00"
"estacionamento campo belo aeroporto","0","32","0.00","25.66"
"estacionamento campo belo congonhas","0","8","0.00","27.63"
"estacionamento campo de marte","0","3","0.00","31.33"
"estacionamento campo grande ms","0","1","0.00","12.00"
"estacionamento carga e descarga","0","1","0.00","1.00"
"estacionamento carro aeroporto guarulhos","0","39","0.00","57.82"
"estacionamento carro campinas","0","3","0.00","32.00"
"estacionamento carro congonhas","0","2","0.00","26.00"
"estacionamento carro guarulhos","0","11","0.00","51.27"
"estacionamento carro viracopos","0","14","0.00","7.71"
"estacionamento catedral","0","4","0.00","6.75"
"estacionamento catedral aeroporto de navegantes","0","18","0.00","11.67"
"estacionamento cecap guarulhos","0","6","0.00","10.67"
"estacionamento central park","0","48","0.00","11.29"
"estacionamento central park guarulhos","0","121","0.00","8.82"
"estacionamento central park linda a velha","0","1","0.00","77.00"
"estacionamento centro","0","1","0.00","10.00"
"estacionamento centro campinas","0","6","0.00","53.50"
"estacionamento centro de convenções","0","1","0.00","1.00"
"estacionamento centro de guarulhos","0","6","0.00","43.17"
"estacionamento centro esportivo tiete","0","4","0.00","3.00"
"estacionamento centro florianópolis","0","1","0.00","2.00"
"estacionamento centro park","0","2","0.00","43.00"
"estacionamento centro rj","0","1","0.00","1.00"
"estacionamento centro sp","0","1","0.00","11.00"
"estacionamento cgh valor","0","2","0.00","1.00"
"estacionamento chapecó aeroporto","0","2","0.00","4.00"
"estacionamento chegadas aeroporto lisboa","0","3","0.00","33.33"
"estacionamento coberto","0","13","0.00","6.46"
"estacionamento coberto aeroporto confins","0","28","0.00","19.39"
"estacionamento coberto aeroporto congonhas","0","2","0.00","6.00"
"estacionamento coberto aeroporto de guarulhos","0","5","0.00","1.20"
"estacionamento coberto aeroporto florianópolis","0","2","0.00","4.00"
"estacionamento coberto aeroporto guarulhos terminal 3","0","3","0.00","40.67"
"estacionamento coberto aeroporto lisboa","0","132","0.00","41.22"
"estacionamento coberto confins","0","2","0.00","16.50"
"estacionamento coberto guarulhos","0","67","0.00","42.64"
"estacionamento coberto perto de mim","0","1","0.00","2.00"
"estacionamento coberto perto do aeroporto de guarulhos","0","328","0.00","49.89"
"estacionamento coberto rodoviaria tiete","0","16","0.00","11.00"
"estacionamento cofins","0","1","0.00","1.00"
"estacionamento com sem parar","0","1","0.00","2.00"
"estacionamento com transfer aeroporto guarulhos","0","9","0.00","13.00"
"estacionamento com translado aeroporto guarulhos","0","12","0.00","26.83"
"estacionamento com translado para aeroporto de guarulhos","0","34","0.00","54.35"
"estacionamento com vaga coberta e monitoramento 24h perto do aeroporto de guarulhos: como funciona?","0","2","0.00","10.50"
"estacionamento com valet","0","1","0.00","1.00"
"estacionamento comandante sampaio","0","3","0.00","4.67"
"estacionamento comfins","0","1","0.00","4.00"
"estacionamento comgonhas","0","3","0.00","8.00"
"estacionamento confina","0","3","0.00","7.33"
"estacionamento confins azul","0","2","0.00","5.50"
"estacionamento confins bh","0","3","0.00","20.33"
"estacionamento confins diaria","0","136","0.00","37.18"
"estacionamento confins estapar","0","10","0.00","21.60"
"estacionamento confins park","0","1","0.00","12.00"
"estacionamento confins valor","0","4","0.00","17.00"
"estacionamento confis","0","3","0.00","12.67"
"estacionamento congonhas 24 horas","0","29","0.00","8.69"
"estacionamento congonhas aero park","0","2","0.00","12.50"
"estacionamento congonhas com translado","0","16","0.00","24.31"
"estacionamento congonhas diaria","0","12","0.00","7.42"
"estacionamento congonhas estapar","0","3","0.00","3.00"
"estacionamento congonhas oficial","0","8","0.00","10.25"
"estacionamento congonhas preco","0","84","0.00","39.04"
"estacionamento conveniado","0","6","0.00","22.67"
"estacionamento convém tiete","0","6","0.00","12.00"
"estacionamento copa d'or","0","1","0.00","1.00"
"estacionamento cruzeiro itajaí","0","1","0.00","1.00"
"estacionamento cuiaba","0","6","0.00","50.83"
"estacionamento cumbica guarulhos","0","3","0.00","19.67"
"estacionamento cumbica preço","0","139","0.00","47.37"
"estacionamento curitiba","0","23","0.00","29.61"
"estacionamento curitiba 24 horas","0","1","0.00","2.00"
"estacionamento cwb","0","69","0.00","11.84"
"estacionamento cwb aeroporto","0","23","0.00","9.96"
"estacionamento da","0","1","0.00","11.00"
"estacionamento da rodoviaria tiete","0","191","0.00","16.19"
"estacionamento da rodoviária","0","1","0.00","12.00"
"estacionamento da rodoviária de curitiba","0","2","0.00","2.00"
"estacionamento da rodoviária de salvador","0","1","0.00","3.00"
"estacionamento da rodoviária do tietê","0","186","0.00","9.68"
"estacionamento da rodoviária tietê","0","768","0.00","10.97"
"estacionamento de aeroporto","0","25","0.00","8.00"
"estacionamento de aeroporto de guarulhos","0","1","0.00","11.00"
"estacionamento de avião","0","1","0.00","1.00"
"estacionamento de carro campinas","0","4","0.00","47.50"
"estacionamento de carro em campinas","0","22","0.00","78.27"
"estacionamento de carros campinas","0","23","0.00","80.48"
"estacionamento de carros em campinas","0","47","0.00","92.87"
"estacionamento de confins","0","16","0.00","36.44"
"estacionamento de confins aeroporto","0","1","0.00","13.00"
"estacionamento de congonhas","0","86","0.00","27.27"
"estacionamento de guarulhos","0","339","0.00","61.35"
"estacionamento de guarulhos aeroporto","0","19","0.00","59.37"
"estacionamento de guarulhos valor","0","55","0.00","29.69"
"estacionamento de jericoacoara","0","1","0.00","2.00"
"estacionamento de veiculos","0","1","0.00","3.00"
"estacionamento de viracopos campinas","0","3","0.00","4.67"
"estacionamento de viracopos preco","0","15","0.00","11.40"
"estacionamento de visitantes","0","1","0.00","1.00"
"estacionamento decolar air park confins","0","41","0.00","51.61"
"estacionamento decolar park","0","414","0.00","12.72"
"estacionamento decolar park guarulhos é bom","0","1","0.00","29.00"
"estacionamento dentro aeroporto confins","0","53","0.00","6.74"
"estacionamento dentro aeroporto congonhas","0","21","0.00","14.05"
"estacionamento dentro aeroporto curitiba","0","6","0.00","15.33"
"estacionamento dentro aeroporto guarulhos","0","218","0.00","52.78"
"estacionamento dentro da rodoviária tietê","0","82","0.00","10.32"
"estacionamento dentro de 1,6 km","0","3","0.00","8.00"
"estacionamento dentro de 400 m","0","8","0.00","34.75"
"estacionamento dentro de 800 m","0","1","0.00","90.00"
"estacionamento dentro de congonhas","0","1","0.00","13.00"
"estacionamento dentro do aeroporto","0","13","0.00","3.00"
"estacionamento dentro do aeroporto confins","0","64","0.00","10.83"
"estacionamento dentro do aeroporto congonhas","0","15","0.00","5.80"
"estacionamento dentro do aeroporto curitiba","0","3","0.00","10.00"
"estacionamento dentro do aeroporto de campinas","0","177","0.00","7.24"
"estacionamento dentro do aeroporto de congonhas","0","244","0.00","12.30"
"estacionamento dentro do aeroporto de guarulhos terminal 2","0","4","0.00","1.00"
"estacionamento dentro do aeroporto de salvador","0","3","0.00","1.00"
"estacionamento dentro do aeroporto de viracopos campinas","0","59","0.00","6.00"
"estacionamento dentro do aeroporto guarulhos","0","131","0.00","46.73"
"estacionamento dentro do aeroporto porto alegre","0","26","0.00","27.85"
"estacionamento dentro do aeroporto salgado filho","0","5","0.00","4.80"
"estacionamento dentro do aeroporto viracopos campinas","0","92","0.00","5.10"
"estacionamento dentro do terminal rodoviário tietê","0","2","0.00","6.50"
"estacionamento descoberto","0","7","0.00","9.43"
"estacionamento descoberto e4 salgado filho","0","4","0.00","14.00"
"estacionamento desembarque internacional guarulhos","0","14","0.00","2.64"
"estacionamento desembarque rodoviária tietê","0","13","0.00","1.00"
"estacionamento desembarque terminal 2 guarulhos","0","2","0.00","1.00"
"estacionamento df park","0","2","0.00","9.00"
"estacionamento diaria","0","5","0.00","44.20"
"estacionamento diaria aeroporto guarulhos","0","36","0.00","44.03"
"estacionamento do","0","4","0.00","10.75"
"estacionamento do aeroporto confins","0","45","0.00","19.27"
"estacionamento do aeroporto curitiba","0","1","0.00","1.00"
"estacionamento do aeroporto de aracaju","0","3","0.00","1.33"
"estacionamento do aeroporto de belém","0","6","0.00","1.00"
"estacionamento do aeroporto de brasilia","0","53","0.00","37.74"
"estacionamento do aeroporto de brasília","0","56","0.00","26.63"
"estacionamento do aeroporto de brasília valor","0","11","0.00","10.27"
"estacionamento do aeroporto de campinas","0","282","0.00","19.38"
"estacionamento do aeroporto de campo grande","0","10","0.00","4.10"
"estacionamento do aeroporto de confins","0","260","0.00","13.18"
"estacionamento do aeroporto de congonhas aceita sem parar","0","1","0.00","3.00"
"estacionamento do aeroporto de congonhas valor","0","22","0.00","9.00"
"estacionamento do aeroporto de cuiabá","0","6","0.00","12.17"
"estacionamento do aeroporto de florianópolis","0","7","0.00","1.43"
"estacionamento do aeroporto de fortaleza","0","32","0.00","3.09"
"estacionamento do aeroporto de goiania","0","12","0.00","32.83"
"estacionamento do aeroporto de goiânia","0","15","0.00","2.47"
"estacionamento do aeroporto de guarulhos preço","0","33","0.00","43.12"
"estacionamento do aeroporto de guarulhos terminal 2","0","12","0.00","1.00"
"estacionamento do aeroporto de guarulhos terminal 3","0","4","0.00","1.00"
"estacionamento do aeroporto de guarulhos valor","0","83","0.00","40.18"
"estacionamento do aeroporto de joinville - estapar estacionamentos - aero joinville aventureiro","0","2","0.00","3.00"
"estacionamento do aeroporto de lisboa","0","10","0.00","42.30"
"estacionamento do aeroporto de maringá","0","1","0.00","2.00"
"estacionamento do aeroporto de natal","0","9","0.00","1.22"
"estacionamento do aeroporto de porto alegre","0","21","0.00","22.24"
"estacionamento do aeroporto de presidente prudente","0","1","0.00","3.00"
"estacionamento do aeroporto de recife valor","0","7","0.00","9.57"
"estacionamento do aeroporto de ribeirão preto","0","3","0.00","22.67"
"estacionamento do aeroporto de salvador","0","14","0.00","2.21"
"estacionamento do aeroporto de salvador valor","0","1","0.00","3.00"
"estacionamento do aeroporto de são josé do rio preto","0","1","0.00","2.00"
"estacionamento do aeroporto de teresina","0","13","0.00","7.69"
"estacionamento do aeroporto de vitoria","0","5","0.00","8.00"
"estacionamento do aeroporto de vitória","0","4","0.00","1.75"
"estacionamento do aeroporto do galeão","0","31","0.00","24.81"
"estacionamento do aeroporto galeão","0","58","0.00","24.21"
"estacionamento do aeroporto guarulhos","0","68","0.00","53.99"
"estacionamento do aeroporto internacional de guarulhos","0","50","0.00","45.38"
"estacionamento do aeroporto recife","0","57","0.00","7.86"
"estacionamento do aeroporto salgado filho","0","117","0.00","10.67"
"estacionamento do aeroporto viracopos campinas","0","2","0.00","1.00"
"estacionamento do galeao","0","9","0.00","15.11"
"estacionamento do galeão","0","351","0.00","34.90"
"estacionamento do galeão valor","0","2","0.00","5.50"
"estacionamento do pará","0","2","0.00","72.50"
"estacionamento do shopping internacional de guarulhos","0","1","0.00","3.00"
"estacionamento do shopping tatuapé","0","1","0.00","3.00"
"estacionamento do terminal 3 do aeroporto de guarulhos","0","14","0.00","50.07"
"estacionamento donaeroporto.do.recife","0","1","0.00","14.00"
"estacionamento dos amigos guarulhos","0","1","0.00","13.00"
"estacionamento downtown preço","0","1","0.00","1.00"
"estacionamento dumont navegantes","0","50","0.00","8.14"
"estacionamento e2 aeroporto salgado filho","0","53","0.00","16.00"
"estacionamento e2 e e3 salgado filho","0","17","0.00","9.35"
"estacionamento e2 salgado filho","0","12","0.00","8.75"
"estacionamento e3 aeroporto porto alegre","0","1","0.00","1.00"
"estacionamento e3 aeroporto salgado filho","0","30","0.00","8.77"
"estacionamento e3 confins","0","3","0.00","11.67"
"estacionamento e3 salgado filho","0","15","0.00","12.80"
"estacionamento e4 aeroporto porto alegre","0","3","0.00","1.00"
"estacionamento eco park","0","2","0.00","83.00"
"estacionamento eco22 campinas","0","4","0.00","1.00"
"estacionamento economico","0","1","0.00","12.00"
"estacionamento economico confins","0","20","0.00","12.20"
"estacionamento economico galeao","0","2","0.00","1.00"
"estacionamento economico rio preto","0","1","0.00","66.00"
"estacionamento economy aeroporto guarulhos","0","3","0.00","1.00"
"estacionamento economy guarulhos","0","2","0.00","75.50"
"estacionamento econômico","0","55","0.00","30.53"
"estacionamento econômico galeão","0","144","0.00","40.78"
"estacionamento econômico galeão terminal 2","0","3","0.00","1.00"
"estacionamento econômico terminal 2 galeão","0","1","0.00","4.00"
"estacionamento ecopark","0","3","0.00","60.67"
"estacionamento edificio garagem","0","2","0.00","9.00"
"estacionamento edificio garagem guarulhos","0","14","0.00","56.93"
"estacionamento edificio gate one congonhas","0","1","0.00","1.00"
"estacionamento edifício garagem","0","1","0.00","12.00"
"estacionamento edifício garagem aeroporto guarulhos","0","1","0.00","67.00"
"estacionamento edifício gate one","0","3","0.00","3.33"
"estacionamento edifício gate one próximo ao aeroporto de congonhas","0","1","0.00","1.00"
"estacionamento em","0","1","0.00","12.00"
"estacionamento em aeroporto de congonhas","0","10","0.00","48.10"
"estacionamento em aeroporto de guarulhos","0","274","0.00","60.06"
"estacionamento em belém","0","1","0.00","2.00"
"estacionamento em brasilia","0","57","0.00","44.58"
"estacionamento em brasília próximo ao aeroporto","0","4","0.00","9.25"
"estacionamento em confins aeroporto","0","25","0.00","17.52"
"estacionamento em confins mais barato","0","51","0.00","8.67"
"estacionamento em confins preço","0","11","0.00","5.73"
"estacionamento em congonhas com traslado","0","2","0.00","11.00"
"estacionamento em cumbica","0","152","0.00","38.55"
"estacionamento em cumbica guarulhos","0","154","0.00","41.51"
"estacionamento em curitiba","0","7","0.00","10.57"
"estacionamento em frente ao aeroporto de campo grande ms","0","4","0.00","11.50"
"estacionamento em frente ao aeroporto de navegantes","0","131","0.00","8.89"
"estacionamento em goiania","0","1","0.00","64.00"
"estacionamento em gru","0","49","0.00","49.59"
"estacionamento em gru airport","0","25","0.00","63.52"
"estacionamento em gu","0","8","0.00","67.75"
"estacionamento em guarulhos aeroporto barato","0","26","0.00","41.38"
"estacionamento em guarulhos barato","0","8","0.00","11.63"
"estacionamento em guarulhos preço","0","188","0.00","47.11"
"estacionamento em guarulhos proximo ao aeroporto","0","12","0.00","61.75"
"estacionamento em guarulhos próximo ao aeroporto","0","50","0.00","47.64"
"estacionamento em indaiatuba","0","1","0.00","1.00"
"estacionamento em jericoacoara","0","1","0.00","1.00"
"estacionamento em londrina","0","7","0.00","42.00"
"estacionamento em maringá","0","1","0.00","2.00"
"estacionamento em mococa","0","2","0.00","47.50"
"estacionamento em nova iguaçu","0","23","0.00","8.00"
"estacionamento em pontal do sul para ilha do mel","0","7","0.00","1.00"
"estacionamento em porto alegre","0","2","0.00","61.50"
"estacionamento em sao jose do rio pardo","0","10","0.00","61.70"
"estacionamento em são paulo","0","2","0.00","71.00"
"estacionamento em.congonhas","0","4","0.00","6.00"
"estacionamento em.guarulhos","0","19","0.00","65.11"
"estacionamento espirito santo do pinhal","0","1","0.00","1.00"
"estacionamento espm","0","1","0.00","1.00"
"estacionamento estacionamento","0","1","0.00","11.00"
"estacionamento estadio morumbi","0","1","0.00","1.00"
"estacionamento estapar","0","1","0.00","56.00"
"estacionamento estapar aeroporto","0","2","0.00","16.00"
"estacionamento estapar aeroporto confins","0","3","0.00","19.00"
"estacionamento estapar botafogo","0","1","0.00","3.00"
"estacionamento estapar confins","0","51","0.00","31.33"
"estacionamento estapar congonhas","0","11","0.00","51.09"
"estacionamento estapar curitiba","0","3","0.00","16.67"
"estacionamento estapar galeao","0","25","0.00","10.44"
"estacionamento estapar viracopos","0","60","0.00","42.33"
"estacionamento estação butantã","0","1","0.00","1.00"
"estacionamento expo center norte","0","1","0.00","1.00"
"estacionamento express park","0","121","0.00","13.66"
"estacionamento externo","0","2","0.00","4.00"
"estacionamento extra park","0","1","0.00","85.00"
"estacionamento f","0","8","0.00","3.50"
"estacionamento f aeroporto viracopos","0","31","0.00","27.97"
"estacionamento f | aeroporto viracopos campinas","0","47","0.00","1.36"
"estacionamento facil","0","1","0.00","1.00"
"estacionamento faria lima preço","0","2","0.00","1.00"
"estacionamento faro","0","179","0.00","47.87"
"estacionamento faro aeroporto","0","95","0.00","57.42"
"estacionamento farroupilha","0","3","0.00","78.33"
"estacionamento fechado perto de mim","0","2","0.00","8.00"
"estacionamento felicio rocho","0","1","0.00","1.00"
"estacionamento fil preço","0","1","0.00","1.00"
"estacionamento flamboyant valor","0","1","0.00","3.00"
"estacionamento flamengo guarulhos","0","1","0.00","1.00"
"estacionamento flex terminal 3","0","3","0.00","9.67"
"estacionamento florianopolis","0","1","0.00","30.00"
"estacionamento florianopolis aeroporto","0","5","0.00","7.20"
"estacionamento floripa airport","0","6","0.00","3.67"
"estacionamento fly park","0","73","0.00","64.78"
"estacionamento fly park guarulhos","0","202","0.00","41.72"
"estacionamento fortaleza aeroporto","0","3","0.00","7.00"
"estacionamento foz do iguaçu aeroporto","0","4","0.00","40.75"
"estacionamento franco da rocha","0","1","0.00","67.00"
"estacionamento galeao aeroporto","0","22","0.00","10.77"
"estacionamento galeao barato","0","2","0.00","10.00"
"estacionamento galeao diaria","0","165","0.00","34.58"
"estacionamento galeao preco","0","16","0.00","49.88"
"estacionamento galeao preço","0","1","0.00","3.00"
"estacionamento galeao valor","0","25","0.00","59.32"
"estacionamento galeão diária","0","5","0.00","40.00"
"estacionamento galeão estapar","0","144","0.00","17.21"
"estacionamento galeão preço","0","232","0.00","38.52"
"estacionamento galeão reserva","0","107","0.00","30.37"
"estacionamento galeão reserva online","0","5","0.00","11.40"
"estacionamento galeão rio de janeiro","0","35","0.00","18.74"
"estacionamento galeão terminal 2","0","100","0.00","49.38"
"estacionamento galeão valor","0","59","0.00","49.12"
"estacionamento galeão valores","0","4","0.00","31.25"
"estacionamento garagem","0","13","0.00","11.15"
"estacionamento garagem aeroporto guarulhos","0","60","0.00","57.48"
"estacionamento garagem aeroporto viracopos","0","282","0.00","8.84"
"estacionamento garagem guarulhos","0","3","0.00","1.00"
"estacionamento garulhos","0","65","0.00","70.28"
"estacionamento gate one congonhas","0","3","0.00","1.00"
"estacionamento gava fitness","0","1","0.00","41.00"
"estacionamento gig","0","107","0.00","48.48"
"estacionamento gig galeao","0","3","0.00","5.67"
"estacionamento gig valor","0","4","0.00","10.75"
"estacionamento go park guarulhos","0","6","0.00","7.17"
"estacionamento goiania aeroporto","0","10","0.00","9.90"
"estacionamento gopark","0","2","0.00","9.00"
"estacionamento grand plaza valor","0","2","0.00","1.00"
"estacionamento grande","0","1","0.00","4.00"
"estacionamento gratuito aeroporto brasília","0","37","0.00","60.16"
"estacionamento gratuito aeroporto faro","0","46","0.00","71.61"
"estacionamento gratuito aeroporto guarulhos","0","1","0.00","35.00"
"estacionamento gratuito aeroporto lisboa","0","201","0.00","54.28"
"estacionamento gratuito perto aeroporto faro","0","128","0.00","46.34"
"estacionamento gratuito perto aeroporto lisboa","0","724","0.00","50.88"
"estacionamento gratuito perto do aeroporto de lisboa","0","40","0.00","10.03"
"estacionamento green park","0","9","0.00","70.00"
"estacionamento gru - terminal 2","0","5","0.00","38.00"
"estacionamento gru aeroporto","0","86","0.00","49.56"
"estacionamento gru airport preço","0","61","0.00","31.30"
"estacionamento gru airport terminal 3","0","9","0.00","59.56"
"estacionamento gru coberto","0","1","0.00","3.00"
"estacionamento gru indigo","0","2","0.00","13.00"
"estacionamento gru oficial","0","6","0.00","11.50"
"estacionamento gru preço","0","80","0.00","30.79"
"estacionamento gru reserva","0","5","0.00","23.40"
"estacionamento gru terminal 1","0","19","0.00","68.89"
"estacionamento gru terminal 2","0","104","0.00","42.18"
"estacionamento gru terminal 3","0","81","0.00","38.78"
"estacionamento gru terminal 3 preço","0","1","0.00","1.00"
"estacionamento gru valor","0","58","0.00","41.83"
"estacionamento gru valores","0","1","0.00","1.00"
"estacionamento grátis","0","1","0.00","99.00"
"estacionamento guarulho","0","21","0.00","66.19"
"estacionamento guarulhos 24 horas","0","163","0.00","59.18"
"estacionamento guarulhos aeroporto preço","0","56","0.00","27.57"
"estacionamento guarulhos aeroporto terminal 2","0","11","0.00","37.09"
"estacionamento guarulhos aeroporto terminal 3","0","11","0.00","72.27"
"estacionamento guarulhos aeroporto valor","0","3","0.00","1.00"
"estacionamento guarulhos airport park","0","6","0.00","2.67"
"estacionamento guarulhos br parking","0","6","0.00","44.83"
"estacionamento guarulhos coberto","0","16","0.00","36.31"
"estacionamento guarulhos com transfer","0","30","0.00","62.03"
"estacionamento guarulhos decolar park","0","4","0.00","4.25"
"estacionamento guarulhos diaria","0","100","0.00","26.91"
"estacionamento guarulhos diária","0","259","0.00","48.90"
"estacionamento guarulhos edificio garagem","0","4","0.00","58.00"
"estacionamento guarulhos indigo","0","5","0.00","14.80"
"estacionamento guarulhos oficial","0","3","0.00","12.67"
"estacionamento guarulhos preco","0","59","0.00","37.31"
"estacionamento guarulhos proximo aeroporto","0","11","0.00","41.27"
"estacionamento guarulhos sp","0","76","0.00","53.24"
"estacionamento guarulhos terminal 1","0","47","0.00","58.40"
"estacionamento guarulhos terminal 2","0","53","0.00","30.42"
"estacionamento guarulhos terminal 3","0","69","0.00","35.35"
"estacionamento guarulhos terminal 3 preço","0","6","0.00","61.83"
"estacionamento guarulhos urban park","0","1","0.00","10.00"
"estacionamento guarulhos valor","0","128","0.00","31.97"
"estacionamento guarulhos yellow park","0","17","0.00","14.12"
"estacionamento guarulhos, sp","0","3","0.00","3.00"
"estacionamento hangar","0","6","0.00","2.17"
"estacionamento hangar vip","0","15","0.00","14.67"
"estacionamento hangar vip - aeroporto","0","3","0.00","5.00"
"estacionamento hangar vip aeroporto","0","10","0.00","52.80"
"estacionamento hospital de caridade","0","1","0.00","3.00"
"estacionamento hospital geral de guarulhos","0","1","0.00","1.00"
"estacionamento hospital português","0","1","0.00","1.00"
"estacionamento hospital samaritano preço","0","1","0.00","1.00"
"estacionamento hospital são luiz campinas","0","1","0.00","2.00"
"estacionamento hotel ibis confins","0","3","0.00","3.67"
"estacionamento hotel pullman guarulhos","0","5","0.00","7.80"
"estacionamento ibirapuera shopping","0","1","0.00","1.00"
"estacionamento ibis aeroporto confins","0","5","0.00","2.00"
"estacionamento ibis budget guarulhos","0","1","0.00","1.00"
"estacionamento ibis confins","0","22","0.00","42.64"
"estacionamento ibis congonhas","0","12","0.00","30.50"
"estacionamento ibis guarulhos","0","2","0.00","1.50"
"estacionamento ibis santos dumont","0","2","0.00","34.00"
"estacionamento ibis styles confins","0","1","0.00","3.00"
"estacionamento icesp preço","0","1","0.00","1.00"
"estacionamento ideal","0","3","0.00","11.00"
"estacionamento ilha da gigoia","0","1","0.00","3.00"
"estacionamento indigo","0","20","0.00","16.25"
"estacionamento indigo aeroporto curitiba","0","35","0.00","34.29"
"estacionamento indigo guarulhos","0","22","0.00","12.05"
"estacionamento inter lake park","0","1","0.00","2.00"
"estacionamento interno","0","3","0.00","30.33"
"estacionamento interno aeroporto congonhas","0","2","0.00","5.00"
"estacionamento interno aeroporto guarulhos","0","50","0.00","42.78"
"estacionamento ipiranga","0","1","0.00","20.00"
"estacionamento ipo","0","3","0.00","10.00"
"estacionamento ipo park confins","0","7","0.00","9.71"
"estacionamento itajaí costa cruzeiros","0","1","0.00","1.00"
"estacionamento itau personnalite aeroporto guarulhos","0","1","0.00","5.00"
"estacionamento itau personnalite guarulhos","0","1","0.00","6.00"
"estacionamento jabaquara 24 horas preço","0","2","0.00","1.00"
"estacionamento jaraguá maceió","0","1","0.00","67.00"
"estacionamento jericoacoara","0","1","0.00","4.00"
"estacionamento jf parking","0","2","0.00","60.50"
"estacionamento jf parking campinas","0","2","0.00","2.50"
"estacionamento joao pessoa","0","137","0.00","12.15"
"estacionamento jose paulino","0","6","0.00","2.17"
"estacionamento josé paulino","0","1","0.00","1.00"
"estacionamento joão pessoa","0","10","0.00","11.40"
"estacionamento joão pessoa aeroporto","0","49","0.00","9.65"
"estacionamento juazeiro do norte","0","1","0.00","5.00"
"estacionamento keep parking","0","1","0.00","7.00"
"estacionamento keep parking porto alegre","0","17","0.00","6.65"
"estacionamento lagoa santa","0","5","0.00","1.00"
"estacionamento lemos cunha","0","5","0.00","41.20"
"estacionamento leve","0","2","0.00","53.50"
"estacionamento lisboa aeroporto","0","364","0.00","58.21"
"estacionamento localiza aeroporto","0","3","0.00","10.00"
"estacionamento localiza confins","0","3","0.00","23.67"
"estacionamento londrina","0","45","0.00","32.87"
"estacionamento longa duração aeroporto lisboa","0","1","0.00","2.00"
"estacionamento longa permanencia guarulhos","0","2","0.00","56.50"
"estacionamento longa permanência gru","0","22","0.00","66.50"
"estacionamento longa permanência guarulhos","0","35","0.00","57.94"
"estacionamento longa permanência viracopos","0","60","0.00","31.05"
"estacionamento low cost aeroporto","0","271","0.00","60.82"
"estacionamento low cost aeroporto de lisboa","0","164","0.00","41.03"
"estacionamento low cost aeroporto lisboa","0","2476","0.00","55.70"
"estacionamento low cost aeroporto lisboa parking","0","160","0.00","44.58"
"estacionamento low cost aeroporto valet parking","0","133","0.00","46.10"
"estacionamento low cost easy parking portela","0","3","0.00","70.00"
"estacionamento low cost lisboa","0","1394","0.00","59.77"
"estacionamento low cost opo park","0","2","0.00","57.50"
"estacionamento maceio","0","8","0.00","22.63"
"estacionamento maceio aeroporto","0","15","0.00","9.80"
"estacionamento mais barato com transfer para o gru em guarulhos","0","4","0.00","4.50"
"estacionamento mais barato com traslado gratuito para o congonhas cgh em são paulo","0","1","0.00","4.00"
"estacionamento mais barato confins","0","13","0.00","8.08"
"estacionamento mais barato em viracopos","0","16","0.00","8.06"
"estacionamento mais barato guarulhos","0","60","0.00","32.33"
"estacionamento mais barato no aeroporto de guarulhos","0","3","0.00","2.00"
"estacionamento mais perto","0","31","0.00","31.06"
"estacionamento mais perto de mim","0","2","0.00","75.50"
"estacionamento mais perto do aeroporto de confins","0","1","0.00","11.00"
"estacionamento mais perto do aeroporto de guarulhos","0","43","0.00","30.23"
"estacionamento mais proximo","0","80","0.00","27.90"
"estacionamento mais proximo aeroporto confins","0","4","0.00","11.50"
"estacionamento mais proximo aeroporto guarulhos","0","660","0.00","51.26"
"estacionamento mais proximo de mim","0","3","0.00","47.00"
"estacionamento mais proximo do aeroporto de guarulhos","0","1","0.00","32.00"
"estacionamento mais proximo do aeroporto de viracopos","0","11","0.00","3.91"
"estacionamento mais próximo","0","255","0.00","13.31"
"estacionamento mais próximo a mim","0","1","0.00","1.00"
"estacionamento mais próximo da minha localização","0","2","0.00","49.00"
"estacionamento mais próximo de mim","0","8","0.00","43.75"
"estacionamento mais próximo dentro de 400 m","0","9","0.00","10.11"
"estacionamento mais próximo do aeroporto de confins","0","8","0.00","10.00"
"estacionamento mais próximo do aeroporto de guarulhos","0","884","0.00","47.24"
"estacionamento mais seguro e barato próximo a viracopos para viagens longas","0","8","0.00","6.63"
"estacionamento marcelino champagnat","0","1","0.00","5.00"
"estacionamento marco zero","0","3","0.00","59.67"
"estacionamento marginal tietê","0","1","0.00","60.00"
"estacionamento marina da gloria","0","1","0.00","1.00"
"estacionamento maringa aeroporto","0","3","0.00","1.67"
"estacionamento martello guarulhos","0","1","0.00","1.00"
"estacionamento masp valor","0","2","0.00","1.00"
"estacionamento mensal 24 horas preço","0","1","0.00","6.00"
"estacionamento mensal aeroporto guarulhos","0","5","0.00","12.40"
"estacionamento mensal campinas","0","1","0.00","26.00"
"estacionamento mensal curitiba","0","1","0.00","1.00"
"estacionamento mensal guarulhos","0","1","0.00","58.00"
"estacionamento mensal viracopos","0","62","0.00","34.10"
"estacionamento mensalista","0","2","0.00","1.00"
"estacionamento metro","0","1","0.00","4.00"
"estacionamento metro butanta","0","2","0.00","1.00"
"estacionamento metro eldorado","0","1","0.00","1.00"
"estacionamento metro tiete","0","118","0.00","23.74"
"estacionamento metro tiete 24 horas","0","1","0.00","3.00"
"estacionamento metro tiete são paulo","0","1","0.00","1.00"
"estacionamento metrô tietê","0","114","0.00","22.96"
"estacionamento mineiro","0","1","0.00","2.00"
"estacionamento mobiciti","0","47","0.00","10.30"
"estacionamento mobicity congonhas","0","790","0.00","7.43"
"estacionamento mobicity guarulhos","0","17","0.00","11.12"
"estacionamento moema","0","1","0.00","39.00"
"estacionamento monteiro lobato","0","4","0.00","12.00"
"estacionamento morumbis valor","0","2","0.00","1.00"
"estacionamento moto aeroporto confins","0","7","0.00","5.00"
"estacionamento moto aeroporto guarulhos","0","29","0.00","29.69"
"estacionamento mourisco","0","1","0.00","57.00"
"estacionamento move parking nova iguaçu","0","10","0.00","3.70"
"estacionamento multicenter","0","1","0.00","1.00"
"estacionamento multipark","0","6","0.00","16.67"
"estacionamento multipark aeroporto guarulhos","0","189","0.00","54.30"
"estacionamento multipark congonhas","0","7","0.00","12.14"
"estacionamento multipark guarulhos","0","61","0.00","49.18"
"estacionamento multipark preço","0","10","0.00","15.30"
"estacionamento multipark viracopos","0","4","0.00","10.75"
"estacionamento mundial","0","1","0.00","1.00"
"estacionamento museo parking","0","4","0.00","80.50"
"estacionamento museu do amanhã valor","0","1","0.00","1.00"
"estacionamento na","0","2","0.00","8.00"
"estacionamento na 25 de março preço","0","1","0.00","1.00"
"estacionamento na afonso pena","0","16","0.00","11.19"
"estacionamento na avenida afonso pena","0","1","0.00","13.00"
"estacionamento na avenida paulista","0","1","0.00","22.00"
"estacionamento na dutra perto do aeroporto de guarulhos","0","1","0.00","2.00"
"estacionamento na jose paulino","0","2","0.00","1.00"
"estacionamento na mooca","0","2","0.00","46.00"
"estacionamento na paulista","0","9","0.00","13.56"
"estacionamento na paulista barato","0","2","0.00","24.00"
"estacionamento na praça da sé","0","1","0.00","1.00"
"estacionamento na região","0","1","0.00","1.00"
"estacionamento na rodoviaria do tiete","0","54","0.00","9.00"
"estacionamento na rodoviaria tiete","0","155","0.00","18.28"
"estacionamento na rodoviária de curitiba","0","1","0.00","2.00"
"estacionamento na rodoviária novo rio","0","1","0.00","3.00"
"estacionamento na rua josé paulino","0","9","0.00","1.11"
"estacionamento na tijuca","0","1","0.00","57.00"
"estacionamento nas proximidades","0","2","0.00","8.00"
"estacionamento nation park","0","39","0.00","7.72"
"estacionamento navegante","0","1","0.00","12.00"
"estacionamento near me","0","9","0.00","8.00"
"estacionamento neo quimica arena valor","0","1","0.00","3.00"
"estacionamento new park","0","4","0.00","57.25"
"estacionamento nikkei","0","6","0.00","4.67"
"estacionamento nikkey","0","51","0.00","6.78"
"estacionamento nikkey aeroporto curitiba","0","39","0.00","25.23"
"estacionamento no","0","1","0.00","1.00"
"estacionamento no aeroporto confins","0","34","0.00","14.29"
"estacionamento no aeroporto curitiba","0","1","0.00","11.00"
"estacionamento no aeroporto de belem","0","2","0.00","1.00"
"estacionamento no aeroporto de brasília","0","19","0.00","17.79"
"estacionamento no aeroporto de confins bh","0","15","0.00","4.40"
"estacionamento no aeroporto de congonhas preço","0","10","0.00","3.80"
"estacionamento no aeroporto de cuiabá","0","5","0.00","11.20"
"estacionamento no aeroporto de faro","0","199","0.00","49.21"
"estacionamento no aeroporto de florianópolis","0","15","0.00","3.87"
"estacionamento no aeroporto de fortaleza","0","14","0.00","1.29"
"estacionamento no aeroporto de foz do iguaçu","0","6","0.00","1.00"
"estacionamento no aeroporto de goiânia","0","7","0.00","9.86"
"estacionamento no aeroporto de guarulhos preço","0","88","0.00","43.86"
"estacionamento no aeroporto de guarulhos sp","0","26","0.00","61.19"
"estacionamento no aeroporto de guarulhos terminal 2","0","5","0.00","1.00"
"estacionamento no aeroporto de guarulhos valor","0","51","0.00","25.61"
"estacionamento no aeroporto de joão pessoa","0","34","0.00","10.38"
"estacionamento no aeroporto de lisboa","0","2426","0.00","59.58"
"estacionamento no aeroporto de londrina","0","37","0.00","12.78"
"estacionamento no aeroporto de maringa","0","1","0.00","2.00"
"estacionamento no aeroporto de maringá","0","9","0.00","2.00"
"estacionamento no aeroporto de porto alegre","0","22","0.00","40.36"
"estacionamento no aeroporto de presidente prudente","0","1","0.00","1.00"
"estacionamento no aeroporto de ribeirão preto","0","9","0.00","1.89"
"estacionamento no aeroporto de ribeirão preto preço","0","6","0.00","1.33"
"estacionamento no aeroporto de salvador","0","5","0.00","6.60"
"estacionamento no aeroporto de são josé do rio preto","0","3","0.00","52.67"
"estacionamento no aeroporto de uberlândia","0","7","0.00","1.00"
"estacionamento no aeroporto de viracopos valor","0","8","0.00","10.38"
"estacionamento no aeroporto de vitória","0","14","0.00","6.21"
"estacionamento no aeroporto do galeão","0","140","0.00","23.13"
"estacionamento no aeroporto galeao rj","0","1","0.00","13.00"
"estacionamento no aeroporto galeão","0","16","0.00","31.81"
"estacionamento no aeroporto guarulhos","0","38","0.00","59.39"
"estacionamento no aeroporto lisboa","0","176","0.00","44.22"
"estacionamento no aeroporto viracopos campinas","0","4","0.00","3.50"
"estacionamento no bras para carro","0","1","0.00","1.00"
"estacionamento no brás","0","1","0.00","2.00"
"estacionamento no butantã","0","1","0.00","1.00"
"estacionamento no centro de curitiba","0","1","0.00","65.00"
"estacionamento no centro de curitiba 24 horas","0","2","0.00","1.00"
"estacionamento no galeao","0","43","0.00","30.91"
"estacionamento no galeao diaria","0","3","0.00","1.67"
"estacionamento no galeao preço","0","26","0.00","46.62"
"estacionamento no galeão","0","316","0.00","35.38"
"estacionamento no galeão rio de janeiro","0","1","0.00","12.00"
"estacionamento no galeão valor","0","3","0.00","4.67"
"estacionamento no metro tiete","0","139","0.00","21.71"
"estacionamento no park aeroporto de faro","0","176","0.00","53.67"
"estacionamento no porto","0","1","0.00","88.00"
"estacionamento no rio de janeiro","0","1","0.00","88.00"
"estacionamento no terminal 3 do aeroporto de guarulhos","0","3","0.00","1.00"
"estacionamento no terminal rodoviário tietê","0","1","0.00","13.00"
"estacionamento no terminal tiete","0","299","0.00","12.44"
"estacionamento no tiete","0","17","0.00","2.88"
"estacionamento no viracopos","0","40","0.00","6.40"
"estacionamento noturno perto de mim","0","1","0.00","1.00"
"estacionamento nova america","0","1","0.00","4.00"
"estacionamento nova iguaçu","0","312","0.00","10.08"
"estacionamento nova iguaçu centro","0","6","0.00","9.33"
"estacionamento oerto de mim","0","1","0.00","10.00"
"estacionamento oficial (estapar)","0","2","0.00","8.50"
"estacionamento oficial (indigo)","0","8","0.00","7.38"
"estacionamento oficial (parkindigo)","0","2","0.00","6.50"
"estacionamento oficial aeroporto afonso pena","0","52","0.00","8.38"
"estacionamento oficial aeroporto curitiba","0","172","0.00","7.92"
"estacionamento oficial aeroporto de congonhas","0","15","0.00","8.07"
"estacionamento oficial aeroporto de curitiba","0","3","0.00","11.67"
"estacionamento oficial aeroporto de guarulhos","0","57","0.00","30.68"
"estacionamento oficial aeroporto guarulhos","0","250","0.00","22.88"
"estacionamento oficial aeroporto guarulhos terminal 2","0","1","0.00","1.00"
"estacionamento oficial aeroporto guarulhos terminal 3","0","1","0.00","1.00"
"estacionamento oficial aeroporto navegantes","0","35","0.00","2.94"
"estacionamento oficial aeroporto viracopos","0","345","0.00","4.33"
"estacionamento oficial congonhas","0","88","0.00","2.01"
"estacionamento oficial de guarulhos","0","7","0.00","16.86"
"estacionamento oficial do aeroporto de congonhas","0","42","0.00","3.26"
"estacionamento oficial do aeroporto de guarulhos","0","66","0.00","32.23"
"estacionamento oficial edifício-garagem aeroporto de viracopos","0","40","0.00","8.88"
"estacionamento oficial gru","0","9","0.00","4.44"
"estacionamento oficial gru airport","0","2","0.00","1.00"
"estacionamento oficial guarulhos","0","6","0.00","9.67"
"estacionamento oficial guarulhos aeroporto","0","2","0.00","11.00"
"estacionamento oficial viracopos","0","370","0.00","7.96"
"estacionamento one park","0","1","0.00","11.00"
"estacionamento oscar niemeyer","0","2","0.00","1.00"
"estacionamento p1 aeroporto confins","0","6","0.00","2.50"
"estacionamento p2 aeroporto lisboa","0","1","0.00","46.00"
"estacionamento p2 confins","0","4","0.00","2.25"
"estacionamento p3 aeroporto de lisboa","0","5","0.00","33.60"
"estacionamento p3 aeroporto lisboa","0","18","0.00","46.17"
"estacionamento p3 confins","0","1","0.00","2.00"
"estacionamento p5 aeroporto lisboa","0","1","0.00","37.00"
"estacionamento p6 aeroporto de lisboa","0","4","0.00","3.75"
"estacionamento p6 aeroporto lisboa","0","4","0.00","1.00"
"estacionamento para alugar em curitiba direto com o proprietário","0","2","0.00","1.00"
"estacionamento para caminhão perto de mim","0","3","0.00","7.00"
"estacionamento para caminhões próximo a mim","0","2","0.00","8.50"
"estacionamento para cruzeiros","0","2","0.00","1.00"
"estacionamento para deixar o carro no aeroporto de congonhas","0","1","0.00","1.00"
"estacionamento para deixar o carro no aeroporto de guarulhos","0","25","0.00","51.72"
"estacionamento para mensalista","0","2","0.00","1.00"
"estacionamento para motos","0","1","0.00","2.00"
"estacionamento para o aeroporto de guarulhos","0","30","0.00","62.80"
"estacionamento parada dos navios","0","3","0.00","44.67"
"estacionamento pare bem confins","0","2","0.00","1.50"
"estacionamento pare seguro guarulhos","0","2","0.00","7.00"
"estacionamento parebem","0","13","0.00","17.31"
"estacionamento park","0","19","0.00","8.21"
"estacionamento park & ride","0","1","0.00","13.00"
"estacionamento park 222","0","27","0.00","20.26"
"estacionamento park 222 guarulhos","0","17","0.00","5.94"
"estacionamento park aeroporto","0","1","0.00","11.00"
"estacionamento park board","0","44","0.00","47.45"
"estacionamento park catete 24h","0","1","0.00","2.00"
"estacionamento park confins oficial","0","50","0.00","9.74"
"estacionamento park guarulhos","0","30","0.00","54.50"
"estacionamento park shopping valor","0","1","0.00","2.00"
"estacionamento parking","0","30","0.00","50.83"
"estacionamento parking4you","0","1","0.00","3.00"
"estacionamento parque confins","0","78","0.00","10.65"
"estacionamento parque ibirapuera valor","0","5","0.00","1.00"
"estacionamento particular perto de mim","0","4","0.00","9.75"
"estacionamento partidas aeroporto lisboa","0","1","0.00","1.00"
"estacionamento patio brasil valor","0","1","0.00","1.00"
"estacionamento patio confins é confiavel","0","2","0.00","10.50"
"estacionamento paulista","0","5","0.00","29.60"
"estacionamento paço alfandega","0","1","0.00","41.00"
"estacionamento pernoite","0","3","0.00","7.67"
"estacionamento pernoite perto de mim","0","16","0.00","7.13"
"estacionamento personalite aeroporto guarulhos","0","1","0.00","3.00"
"estacionamento personnalite guarulhos","0","2","0.00","5.00"
"estacionamento pertinho aeroporto","0","1","0.00","3.00"
"estacionamento pertinho confins","0","1","0.00","1.00"
"estacionamento perto","0","96","0.00","9.94"
"estacionamento perto aeroporto confins","0","90","0.00","27.62"
"estacionamento perto aeroporto de guarulhos","0","181","0.00","51.30"
"estacionamento perto aeroporto florianópolis","0","4","0.00","2.00"
"estacionamento perto aeroporto guarulhos mais barato","0","2","0.00","1.50"
"estacionamento perto aeroporto lisboa","0","7","0.00","62.86"
"estacionamento perto aeroporto porto alegre","0","6","0.00","35.83"
"estacionamento perto da","0","1","0.00","7.00"
"estacionamento perto da rodoviaria tiete","0","17","0.00","7.76"
"estacionamento perto da rodoviária","0","1","0.00","11.00"
"estacionamento perto da rodoviária de campinas","0","1","0.00","10.00"
"estacionamento perto da rodoviária de curitiba","0","1","0.00","2.00"
"estacionamento perto da santa casa","0","1","0.00","1.00"
"estacionamento perto daqui","0","2","0.00","12.00"
"estacionamento perto de","0","4","0.00","7.00"
"estacionamento perto de confins","0","63","0.00","38.06"
"estacionamento perto de congonhas aeroporto","0","4","0.00","1.00"
"estacionamento perto de guarulhos","0","255","0.00","52.73"
"estacionamento perto de guarulhos aeroporto","0","20","0.00","53.70"
"estacionamento perto de mi","0","1","0.00","6.00"
"estacionamento perto de mim 24 horas","0","2","0.00","12.00"
"estacionamento perto de mim aberto","0","3","0.00","36.00"
"estacionamento perto de mim abertos agora","0","2","0.00","37.00"
"estacionamento perto de mim agora","0","1","0.00","13.00"
"estacionamento perto de mim dentro de 400 m","0","33","0.00","16.70"
"estacionamento perto de mim dentro de 400 m abertos agora","0","2","0.00","12.00"
"estacionamento perto de mim dentro de 800 m","0","1","0.00","11.00"
"estacionamento perto de min","0","2","0.00","12.00"
"estacionamento perto de mjm","0","1","0.00","13.00"
"estacionamento perto de.mim","0","12","0.00","11.00"
"estacionamento perto dentro de 400 m","0","1","0.00","10.00"
"estacionamento perto do","0","10","0.00","9.00"
"estacionamento perto do aeroporto confins","0","118","0.00","38.28"
"estacionamento perto do aeroporto curitiba","0","1","0.00","12.00"
"estacionamento perto do aeroporto de brasilia","0","13","0.00","21.08"
"estacionamento perto do aeroporto de congonhas sp","0","2","0.00","8.00"
"estacionamento perto do aeroporto de cuiaba","0","2","0.00","5.00"
"estacionamento perto do aeroporto de goiânia","0","1","0.00","11.00"
"estacionamento perto do aeroporto de guarulhos barato","0","53","0.00","31.81"
"estacionamento perto do aeroporto de guarulhos com traslado","0","97","0.00","44.26"
"estacionamento perto do aeroporto de guarulhos sp","0","1","0.00","2.00"
"estacionamento perto do aeroporto de ribeirão preto","0","3","0.00","2.00"
"estacionamento perto do aeroporto de uberlândia","0","1","0.00","2.00"
"estacionamento perto do aeroporto de vitória","0","5","0.00","10.20"
"estacionamento perto do aeroporto guarulhos","0","600","0.00","47.99"
"estacionamento perto do aeroporto salgado filho","0","15","0.00","21.07"
"estacionamento perto do anhembi","0","1","0.00","1.00"
"estacionamento perto do busca busca santo amaro","0","1","0.00","1.00"
"estacionamento perto do expo center norte","0","1","0.00","1.00"
"estacionamento perto do galeao rj","0","1","0.00","2.00"
"estacionamento perto do galeão","0","5","0.00","7.40"
"estacionamento perto do metro butanta","0","2","0.00","1.00"
"estacionamento perto do rock in rio","0","1","0.00","3.00"
"estacionamento perto do shopping","0","1","0.00","10.00"
"estacionamento perto do shopping curitiba","0","1","0.00","1.00"
"estacionamento perto do terminal tiete","0","28","0.00","9.96"
"estacionamento perto do viracopos","0","55","0.00","6.44"
"estacionamento perto guarulhos","0","1","0.00","4.00"
"estacionamento perto viracopos campinas","0","3","0.00","1.00"
"estacionamento plenty park","0","70","0.00","7.46"
"estacionamento ponce park","0","103","0.00","12.38"
"estacionamento ponce park guarulhos","0","9","0.00","9.44"
"estacionamento por perto","0","12","0.00","15.92"
"estacionamento portal","0","25","0.00","11.32"
"estacionamento portal aeroporto florianópolis","0","4","0.00","6.00"
"estacionamento portal do mel","0","2","0.00","45.00"
"estacionamento portal florianopolis","0","1","0.00","7.00"
"estacionamento portal florianópolis","0","19","0.00","7.11"
"estacionamento porto","0","1","0.00","62.00"
"estacionamento porto canaveral","0","1","0.00","1.00"
"estacionamento porto de santos","0","12","0.00","1.00"
"estacionamento porto do recife","0","10","0.00","77.70"
"estacionamento porto santos","0","1","0.00","1.00"
"estacionamento portuguesa tiete","0","11","0.00","13.00"
"estacionamento posto sakamoto","0","1","0.00","2.00"
"estacionamento premium","0","26","0.00","7.08"
"estacionamento premium aeroporto curitiba","0","123","0.00","9.75"
"estacionamento premium b guarulhos","0","7","0.00","1.00"
"estacionamento premium confins","0","17","0.00","10.12"
"estacionamento premium park afonso pena","0","8","0.00","9.25"
"estacionamento premium terminal 2 guarulhos","0","7","0.00","1.57"
"estacionamento premium terminal 3 guarulhos","0","2","0.00","1.00"
"estacionamento prime","0","189","0.00","9.32"
"estacionamento privado","0","1","0.00","1.00"
"estacionamento privado perto de mim","0","1","0.00","11.00"
"estacionamento procimo","0","2","0.00","11.50"
"estacionamento proximo","0","677","0.00","12.15"
"estacionamento proximo a confins","0","28","0.00","17.75"
"estacionamento proximo a congonhas com transfer","0","7","0.00","6.71"
"estacionamento proximo a guarulhos aeroporto","0","1","0.00","10.00"
"estacionamento proximo a mim","0","23","0.00","8.61"
"estacionamento proximo a rodoviaria do tiete","0","44","0.00","9.50"
"estacionamento proximo a viracopos campinas","0","7","0.00","5.29"
"estacionamento proximo aeroporto curitiba","0","89","0.00","21.35"
"estacionamento proximo aeroporto goiania","0","1","0.00","12.00"
"estacionamento proximo aeroporto gru","0","24","0.00","54.50"
"estacionamento proximo aeroporto guarulhos barato","0","61","0.00","31.77"
"estacionamento proximo aeroporto porto alegre","0","21","0.00","37.90"
"estacionamento proximo aeroporto vitoria","0","3","0.00","6.33"
"estacionamento proximo allianz parque","0","1","0.00","1.00"
"estacionamento proximo ao aeroporto de confins","0","62","0.00","26.21"
"estacionamento proximo ao aeroporto de confins mg","0","15","0.00","1.13"
"estacionamento proximo ao aeroporto de congonhas com traslado","0","1","0.00","4.00"
"estacionamento proximo ao aeroporto de guarulhos","0","66","0.00","36.80"
"estacionamento proximo ao aeroporto florianópolis","0","8","0.00","13.50"
"estacionamento proximo ao aeroporto galeão","0","2","0.00","22.00"
"estacionamento proximo ao aeroporto viracopos campinas","0","4","0.00","3.75"
"estacionamento proximo catedral da se","0","1","0.00","2.00"
"estacionamento proximo confins","0","7","0.00","11.71"
"estacionamento proximo congonhas","0","131","0.00","32.93"
"estacionamento proximo de congonhas","0","9","0.00","23.33"
"estacionamento proximo de mim","0","5","0.00","9.00"
"estacionamento proximo do aeroporto de congonhas","0","107","0.00","33.14"
"estacionamento proximo do aeroporto de guarulhos","0","162","0.00","61.39"
"estacionamento proximo gru","0","7","0.00","47.14"
"estacionamento proximo guarulhos","0","28","0.00","50.64"
"estacionamento proximo metro butanta","0","1","0.00","4.00"
"estacionamento proximo santos dumont","0","6","0.00","12.33"
"estacionamento proximo terminal tiete","0","1","0.00","17.00"
"estacionamento proximos","0","5","0.00","8.00"
"estacionamento proximos a mim","0","2","0.00","6.00"
"estacionamento próximo","0","330","0.00","16.76"
"estacionamento próximo a","0","2","0.00","12.50"
"estacionamento próximo a guarulhos","0","15","0.00","41.60"
"estacionamento próximo a mim","0","54","0.00","9.87"
"estacionamento próximo a mim dentro de 400 m","0","5","0.00","12.60"
"estacionamento próximo a mim dentro de 800 m","0","11","0.00","11.55"
"estacionamento próximo a minha localização","0","1","0.00","12.00"
"estacionamento próximo a ponte da amizade","0","1","0.00","2.00"
"estacionamento próximo a rodoviária de curitiba","0","1","0.00","2.00"
"estacionamento próximo aeroporto confins","0","14","0.00","19.14"
"estacionamento próximo aeroporto cuiabá","0","17","0.00","12.29"
"estacionamento próximo aeroporto de brasília","0","6","0.00","13.67"
"estacionamento próximo aeroporto de confins","0","85","0.00","31.82"
"estacionamento próximo aeroporto de curitiba","0","35","0.00","9.26"
"estacionamento próximo aeroporto de goiânia","0","4","0.00","11.75"
"estacionamento próximo aeroporto florianópolis","0","1","0.00","2.00"
"estacionamento próximo aeroporto guarulhos","0","847","0.00","52.49"
"estacionamento próximo aeroporto porto alegre","0","1","0.00","57.00"
"estacionamento próximo aeroporto salgado filho","0","19","0.00","25.42"
"estacionamento próximo aeroporto salvador","0","3","0.00","5.00"
"estacionamento próximo ao","0","22","0.00","8.09"
"estacionamento próximo ao aeroporto de confins","0","95","0.00","22.20"
"estacionamento próximo ao aeroporto de florianópolis","0","4","0.00","2.25"
"estacionamento próximo ao aeroporto de guarulhos com traslado","0","28","0.00","33.36"
"estacionamento próximo ao aeroporto de londrina","0","5","0.00","12.40"
"estacionamento próximo ao aeroporto de são josé do rio preto","0","2","0.00","2.00"
"estacionamento próximo ao aeroporto de uberlândia","0","1","0.00","3.00"
"estacionamento próximo ao aeroporto de viracopos campinas","0","34","0.00","6.91"
"estacionamento próximo ao aeroporto de vitória","0","3","0.00","6.00"
"estacionamento próximo ao aeroporto de vitória es","0","1","0.00","11.00"
"estacionamento próximo ao aeroporto de várzea grande","0","5","0.00","10.00"
"estacionamento próximo ao aeroporto guarulhos","0","500","0.00","44.67"
"estacionamento próximo ao aeroporto santos dumont rj","0","2","0.00","12.00"
"estacionamento próximo ao expominas","0","1","0.00","1.00"
"estacionamento próximo ao galeão","0","3","0.00","10.33"
"estacionamento próximo ao galeão rj","0","17","0.00","22.94"
"estacionamento próximo ao metrô butantã 24 horas","0","12","0.00","1.83"
"estacionamento próximo ao meu local","0","2","0.00","12.00"
"estacionamento próximo ao sambódromo anhembi","0","1","0.00","1.00"
"estacionamento próximo ao santos dumont","0","1","0.00","12.00"
"estacionamento próximo ao terminal tietê","0","7","0.00","6.29"
"estacionamento próximo congonhas","0","46","0.00","26.93"
"estacionamento próximo da minha localização","0","1","0.00","10.00"
"estacionamento próximo de mim","0","13","0.00","20.46"
"estacionamento próximo do aeroporto","0","24","0.00","38.13"
"estacionamento próximo do aeroporto de guarulhos","0","564","0.00","46.34"
"estacionamento próximo do porto de santos","0","1","0.00","1.00"
"estacionamento publico perto de mim","0","1","0.00","12.00"
"estacionamento puc campinas","0","1","0.00","3.00"
"estacionamento puerto iguazú aeroporto","0","1","0.00","4.00"
"estacionamento qualistage preço","0","1","0.00","1.00"
"estacionamento recife antigo","0","35","0.00","68.37"
"estacionamento rede park","0","2","0.00","48.00"
"estacionamento redpark aeroporto de lisboa","0","5","0.00","8.20"
"estacionamento remoto confins","0","4","0.00","1.50"
"estacionamento reserva cultural","0","2","0.00","75.50"
"estacionamento ribeirão preto","0","1","0.00","1.00"
"estacionamento ribeirão preto 24 horas","0","2","0.00","8.00"
"estacionamento ribeirão preto aeroporto","0","2","0.00","3.00"
"estacionamento rio de janeiro","0","68","0.00","13.82"
"estacionamento rio de janeiro centro","0","3","0.00","59.00"
"estacionamento rio galeao","0","106","0.00","20.24"
"estacionamento rio galeão","0","14","0.00","17.07"
"estacionamento rio park","0","8","0.00","63.75"
"estacionamento rio preto aeroporto","0","2","0.00","21.00"
"estacionamento riogaleão","0","25","0.00","37.40"
"estacionamento rodoviaria","0","1","0.00","1.00"
"estacionamento rodoviaria barra funda","0","1","0.00","2.00"
"estacionamento rodoviaria campinas","0","9","0.00","41.11"
"estacionamento rodoviaria curitiba","0","2","0.00","2.50"
"estacionamento rodoviaria de campinas","0","7","0.00","60.86"
"estacionamento rodoviaria de curitiba","0","1","0.00","3.00"
"estacionamento rodoviaria do tiete","0","95","0.00","9.93"
"estacionamento rodoviaria londrina","0","3","0.00","30.33"
"estacionamento rodoviaria tiete valor","0","56","0.00","9.59"
"estacionamento rodoviária curitiba","0","2","0.00","8.00"
"estacionamento rodoviária curitiba valor","0","1","0.00","1.00"
"estacionamento rodoviária de campinas","0","3","0.00","54.67"
"estacionamento rodoviária de curitiba","0","10","0.00","3.10"
"estacionamento rodoviária do tietê","0","161","0.00","9.35"
"estacionamento rodoviária tietê são paulo","0","5","0.00","10.60"
"estacionamento rotativo em guarulhos","0","2","0.00","1.50"
"estacionamento rotativo navegantes","0","2","0.00","1.00"
"estacionamento rua jose paulino","0","18","0.00","1.28"
"estacionamento rua jose paulino bom retiro","0","3","0.00","1.67"
"estacionamento rua riachuelo","0","1","0.00","5.00"
"estacionamento rua são caetano brás","0","1","0.00","1.00"
"estacionamento sacavem","0","1","0.00","5.00"
"estacionamento sakamoto guarulhos","0","5","0.00","33.20"
"estacionamento salgado filho aeroporto","0","1","0.00","14.00"
"estacionamento salgado filho porto alegre","0","6","0.00","8.67"
"estacionamento salvador aeroporto","0","4","0.00","7.25"
"estacionamento santa genoveva","0","4","0.00","11.25"
"estacionamento santo amaro","0","1","0.00","1.00"
"estacionamento santos dumond","0","31","0.00","12.61"
"estacionamento santos dumont diaria","0","9","0.00","8.11"
"estacionamento santos dumont preço","0","53","0.00","58.04"
"estacionamento santos dumont telefone","0","3","0.00","19.00"
"estacionamento santos dumont valor diária","0","5","0.00","3.60"
"estacionamento sao jose do rio pardo","0","12","0.00","75.75"
"estacionamento sao jose dos pinhais","0","73","0.00","8.56"
"estacionamento sao jose dos pinhais aeroporto","0","15","0.00","11.13"
"estacionamento senai park","0","1","0.00","30.00"
"estacionamento serviço de valet vila parking","0","7","0.00","95.57"
"estacionamento serviço de valet vila parking contacto","0","1","0.00","92.00"
"estacionamento servparking","0","2","0.00","9.00"
"estacionamento sesc guarulhos","0","2","0.00","3.00"
"estacionamento shopping d valor","0","1","0.00","1.00"
"estacionamento shopping estação curitiba","0","1","0.00","1.00"
"estacionamento shopping guarulhos","0","1","0.00","3.00"
"estacionamento shopping internacional","0","2","0.00","11.00"
"estacionamento shopping internacional guarulhos","0","2","0.00","2.00"
"estacionamento shopping itaquera","0","1","0.00","1.00"
"estacionamento shopping metropole","0","1","0.00","1.00"
"estacionamento shopping tiete plaza","0","1","0.00","3.00"
"estacionamento sinai park","0","1","0.00","51.00"
"estacionamento space park","0","13","0.00","9.08"
"estacionamento space park confins","0","190","0.00","17.16"
"estacionamento standard terminal 2 guarulhos","0","3","0.00","2.67"
"estacionamento star park","0","2","0.00","73.50"
"estacionamento star park confins","0","1","0.00","3.00"
"estacionamento stop car","0","1","0.00","1.00"
"estacionamento stop park guarulhos","0","126","0.00","8.79"
"estacionamento super park","0","7","0.00","13.43"
"estacionamento super park confins","0","14","0.00","25.64"
"estacionamento são josé dos campos","0","1","0.00","62.00"
"estacionamento são josé dos pinhais","0","2","0.00","1.00"
"estacionamento são paulo","0","7","0.00","9.86"
"estacionamento t3 guarulhos","0","7","0.00","4.86"
"estacionamento tarobá aeroporto foz","0","1","0.00","3.00"
"estacionamento teca standard aeroporto de guarulhos","0","33","0.00","32.00"
"estacionamento teresina","0","2","0.00","10.00"
"estacionamento terminal","0","12","0.00","66.83"
"estacionamento terminal 1","0","5","0.00","16.00"
"estacionamento terminal 1 aeroporto de guarulhos","0","1","0.00","1.00"
"estacionamento terminal 1 galeão","0","11","0.00","38.55"
"estacionamento terminal 1 guarulhos","0","93","0.00","42.89"
"estacionamento terminal 1 guarulhos preço","0","57","0.00","25.26"
"estacionamento terminal 2","0","17","0.00","30.59"
"estacionamento terminal 2 aeroporto de guarulhos","0","9","0.00","17.11"
"estacionamento terminal 2 aeroporto guarulhos","0","33","0.00","12.55"
"estacionamento terminal 2 aeroporto lisboa","0","7","0.00","51.43"
"estacionamento terminal 2 galeão","0","25","0.00","48.44"
"estacionamento terminal 2 gru","0","10","0.00","21.10"
"estacionamento terminal 2 guarulhos","0","238","0.00","14.92"
"estacionamento terminal 2 guarulhos preço","0","91","0.00","49.63"
"estacionamento terminal 3","0","49","0.00","61.51"
"estacionamento terminal 3 aeroporto de guarulhos","0","18","0.00","55.39"
"estacionamento terminal 3 aeroporto guarulhos","0","16","0.00","63.44"
"estacionamento terminal 3 gru","0","20","0.00","38.35"
"estacionamento terminal 3 guarulhos","0","300","0.00","45.06"
"estacionamento terminal 3 guarulhos preço","0","589","0.00","31.25"
"estacionamento terminal 3 guarulhos reserva","0","115","0.00","52.50"
"estacionamento terminal 3 guarulhos valor","0","3","0.00","1.00"
"estacionamento terminal 4 guarulhos","0","124","0.00","61.21"
"estacionamento terminal barra funda 24 horas","0","2","0.00","1.00"
"estacionamento terminal de cruzeiros de lisboa","0","1","0.00","1.00"
"estacionamento terminal rodoviario tiete","0","134","0.00","11.12"
"estacionamento tersa","0","1","0.00","1.00"
"estacionamento the parking congonhas","0","5","0.00","10.00"
"estacionamento tiete diaria","0","2","0.00","1.00"
"estacionamento tiete plaza","0","6","0.00","25.00"
"estacionamento tiete voluntarios da patria","0","8","0.00","7.38"
"estacionamento tietê","0","493","0.00","12.79"
"estacionamento tietê - rua voluntários da pátria 344 - santana","0","1","0.00","21.00"
"estacionamento tietê plaza shopping","0","1","0.00","3.00"
"estacionamento tietê plaza valor","0","2","0.00","3.00"
"estacionamento tietê rua voluntários da pátria, 344 santana","0","1","0.00","11.00"
"estacionamento tivoli","0","1","0.00","43.00"
"estacionamento top shopping","0","1","0.00","1.00"
"estacionamento total park","0","3","0.00","74.33"
"estacionamento uber aeroporto guarulhos","0","26","0.00","16.35"
"estacionamento uber viracopos","0","1","0.00","5.00"
"estacionamento uberlândia aeroporto","0","4","0.00","2.00"
"estacionamento unipare tiete","0","1","0.00","12.00"
"estacionamento unipraias valor","0","1","0.00","1.00"
"estacionamento urban park","0","235","0.00","13.08"
"estacionamento valet","0","6","0.00","59.83"
"estacionamento valor","0","1","0.00","1.00"
"estacionamento vcp barato","0","15","0.00","5.27"
"estacionamento vcp preço","0","42","0.00","11.57"
"estacionamento velox park","0","4","0.00","61.25"
"estacionamento vespasiano","0","2","0.00","4.50"
"estacionamento via park","0","2","0.00","10.00"
"estacionamento via parque","0","2","0.00","1.00"
"estacionamento via portão","0","1","0.00","35.00"
"estacionamento viaje park","0","5","0.00","6.80"
"estacionamento viaje park guarulhos","0","88","0.00","8.33"
"estacionamento viajepark","0","170","0.00","16.40"
"estacionamento vibra sao paulo","0","1","0.00","1.00"
"estacionamento vinci park","0","17","0.00","89.06"
"estacionamento vip","0","2","0.00","9.50"
"estacionamento vip aeroporto florianópolis","0","1","0.00","2.00"
"estacionamento vip aeroporto guarulhos","0","10","0.00","1.00"
"estacionamento vira park campinas","0","25","0.00","8.08"
"estacionamento viracopoa","0","3","0.00","1.00"
"estacionamento viracopos aeroparking","0","32","0.00","10.38"
"estacionamento viracopos azul diamante","0","8","0.00","11.13"
"estacionamento viracopos azul preço","0","10","0.00","10.10"
"estacionamento viracopos bandeira park","0","71","0.00","9.83"
"estacionamento viracopos bolsao f","0","3","0.00","13.00"
"estacionamento viracopos campinas preço diária 2026","0","2","0.00","8.00"
"estacionamento viracopos diária preço 2026","0","7","0.00","8.14"
"estacionamento viracopos economico","0","1","0.00","10.00"
"estacionamento viracopos edificio garagem","0","13","0.00","9.92"
"estacionamento viracopos garage inn","0","57","0.00","5.12"
"estacionamento viracopos park com diárias à partir de r$10,00 e translado imediato e gratuito","0","63","0.00","1.84"
"estacionamento viracopos preço 2026","0","6","0.00","6.50"
"estacionamento viracopos valor diaria","0","3","0.00","4.67"
"estacionamento viracopos valores","0","1","0.00","12.00"
"estacionamento virapark azul","0","5","0.00","14.00"
"estacionamento virapark em campinas","0","18","0.00","5.94"
"estacionamento virapark guarulhos","0","47","0.00","7.30"
"estacionamento vitoria","0","2","0.00","20.50"
"estacionamento vitoria aeroporto","0","6","0.00","7.00"
"estacionamento vitória airport","0","3","0.00","5.00"
"estacionamento vix","0","3","0.00","7.00"
"estacionamento vix aeroporto","0","1","0.00","2.00"
"estacionamento voluntarios da patria","0","10","0.00","18.10"
"estacionamento washington luiz","0","1","0.00","1.00"
"estacionamento west plaza","0","1","0.00","1.00"
"estacionamento yellow","0","12","0.00","13.83"
"estacionamento yellow guarulhos","0","118","0.00","23.57"
"estacionamento yellow park","0","62","0.00","12.73"
"estacionamento yellow park e wash","0","12","0.00","29.33"
"estacionamento yellow park guarulhos","0","35","0.00","11.29"
"estacionamento yellow park viracopos","0","42","0.00","10.10"
"estacionamento yellow viracopos","0","206","0.00","9.98"
"estacionamento zacarias","0","1","0.00","31.00"
"estacionamento é pago","0","1","0.00","2.00"
"estacionamento+aeroporto+guarulhos","0","11","0.00","58.91"
"estacionamento.","0","1","0.00","11.00"
"estacionamento.aeroporto confins","0","9","0.00","20.22"
"estacionamento.aeroporto congonhas","0","8","0.00","5.00"
"estacionamento.aeroporto curitiba","0","150","0.00","11.05"
"estacionamento.aeroporto guarulhos","0","100","0.00","35.33"
"estacionamento.aeroporto recife","0","11","0.00","5.18"
"estacionamento.aeroporto viracopos","0","19","0.00","5.58"
"estacionamento.aeroporto.guarulhos","0","38","0.00","56.21"
"estacionamento.confins","0","31","0.00","38.29"
"estacionamento.galeao","0","19","0.00","11.47"
"estacionamento.gru","0","29","0.00","39.24"
"estacionamento.guarulhos","0","45","0.00","61.96"
"estacionamento.perto de mim","0","4","0.00","8.75"
"estacionamento.proximo","0","5","0.00","11.80"
"estacionamento.proximo a mim","0","1","0.00","8.00"
"estacionamentos","0","32","0.00","8.41"
"estacionamentos 24 horas perto de mim","0","1","0.00","21.00"
"estacionamentos 24h","0","18","0.00","55.28"
"estacionamentos aeroporto brasilia","0","1","0.00","31.00"
"estacionamentos aeroporto campinas","0","16","0.00","3.50"
"estacionamentos aeroporto congonhas","0","212","0.00","26.65"
"estacionamentos aeroporto de confins","0","5","0.00","7.20"
"estacionamentos aeroporto de congonhas","0","39","0.00","21.26"
"estacionamentos aeroporto de guarulhos","0","236","0.00","53.37"
"estacionamentos aeroporto florianópolis","0","14","0.00","22.07"
"estacionamentos aeroporto guarulhos preços","0","44","0.00","47.36"
"estacionamentos aeroporto lisboa","0","5","0.00","50.80"
"estacionamentos aeroporto salgado filho","0","20","0.00","11.95"
"estacionamentos aeroporto salvador","0","5","0.00","10.40"
"estacionamentos aeroporto viracopos campinas","0","1","0.00","11.00"
"estacionamentos alternativos","0","1","0.00","4.00"
"estacionamentos autodromo interlagos","0","1","0.00","1.00"
"estacionamentos avenida paulista","0","1","0.00","31.00"
"estacionamentos campinas","0","156","0.00","39.38"
"estacionamentos centro","0","1","0.00","8.00"
"estacionamentos com seguro de veículo próximos ao aeroporto de viracopos em campinas","0","3","0.00","5.67"
"estacionamentos confins aeroporto","0","25","0.00","50.80"
"estacionamentos congonhas","0","80","0.00","19.18"
"estacionamentos congonhas aeroporto","0","1","0.00","1.00"
"estacionamentos curitiba","0","15","0.00","41.67"
"estacionamentos de carros em campinas","0","4","0.00","84.25"
"estacionamentos em campinas","0","62","0.00","23.65"
"estacionamentos em confins","0","41","0.00","13.88"
"estacionamentos em congonhas","0","80","0.00","18.50"
"estacionamentos em congonhas aeroporto","0","1","0.00","1.00"
"estacionamentos em guarulhos","0","193","0.00","46.66"
"estacionamentos em guarulhos aeroporto","0","29","0.00","44.17"
"estacionamentos em guarulhos perto do aeroporto","0","3","0.00","39.67"
"estacionamentos em guarulhos proximo ao aeroporto","0","156","0.00","51.91"
"estacionamentos em lisboa","0","1","0.00","9.00"
"estacionamentos em londrina","0","3","0.00","74.00"
"estacionamentos em são josé do rio pardo","0","3","0.00","63.67"
"estacionamentos em viracopos campinas","0","46","0.00","3.89"
"estacionamentos gru","0","92","0.00","60.45"
"estacionamentos guarulhos","0","322","0.00","56.03"
"estacionamentos guarulhos aeroporto","0","93","0.00","54.20"
"estacionamentos indigo","0","12","0.00","39.75"
"estacionamentos interlagos","0","1","0.00","2.00"
"estacionamentos lisboa","0","1","0.00","12.00"
"estacionamentos mais próximos","0","150","0.00","64.77"
"estacionamentos no aeroporto de confins","0","4","0.00","6.50"
"estacionamentos no aeroporto de congonhas","0","66","0.00","27.05"
"estacionamentos no aeroporto de viracopos","0","68","0.00","3.76"
"estacionamentos no porto de santos","0","3","0.00","1.00"
"estacionamentos perto","0","2","0.00","12.00"
"estacionamentos perto aeroporto guarulhos","0","40","0.00","45.00"
"estacionamentos perto de confins","0","10","0.00","12.10"
"estacionamentos perto de congonhas","0","55","0.00","22.33"
"estacionamentos perto de mim dentro de 400 m","0","1","0.00","9.00"
"estacionamentos perto do aeroporto de confins","0","237","0.00","23.63"
"estacionamentos perto do aeroporto salgado filho","0","2","0.00","11.50"
"estacionamentos por perto","0","2","0.00","6.00"
"estacionamentos porto de santos","0","1","0.00","1.00"
"estacionamentos privados","0","1","0.00","10.00"
"estacionamentos proximo aeroporto guarulhos","0","155","0.00","56.80"
"estacionamentos proximo ao aeroporto afonso pena","0","3","0.00","11.67"
"estacionamentos proximo ao aeroporto de curitiba","0","24","0.00","8.08"
"estacionamentos proximos","0","38","0.00","16.42"
"estacionamentos proximos a mim","0","2","0.00","6.00"
"estacionamentos proximos a viracopos","0","27","0.00","8.22"
"estacionamentos proximos ao aeroporto confins","0","15","0.00","7.67"
"estacionamentos proximos ao aeroporto de confins","0","120","0.00","36.57"
"estacionamentos proximos ao aeroporto de congonhas","0","4","0.00","11.25"
"estacionamentos proximos ao aeroporto de guarulhos","0","29","0.00","36.34"
"estacionamentos proximos ao aeroporto de salvador","0","7","0.00","8.00"
"estacionamentos proximos ao aeroporto viracopos","0","8","0.00","3.63"
"estacionamentos próximo","0","5","0.00","30.60"
"estacionamentos próximo a mim","0","1","0.00","9.00"
"estacionamentos próximo aeroporto de confins","0","17","0.00","10.82"
"estacionamentos próximo ao aeroporto de confins","0","63","0.00","7.30"
"estacionamentos próximo ao aeroporto de congonhas","0","34","0.00","11.29"
"estacionamentos próximo ao aeroporto de guarulhos","0","108","0.00","38.91"
"estacionamentos próximos","0","175","0.00","32.83"
"estacionamentos próximos a mim","0","5","0.00","25.60"
"estacionamentos próximos ao aeroporto de florianópolis","0","4","0.00","6.00"
"estacionamentos próximos ao aeroporto de guarulhos","0","821","0.00","29.51"
"estacionamentos próximos de mim","0","1","0.00","56.00"
"estacionamentos rio de janeiro","0","1","0.00","7.00"
"estacionamiento aeropuerto foz","0","2","0.00","69.00"
"estacionamiento anticipado","0","1","0.00","11.00"
"estacionamiento cerca de mi","0","2","0.00","7.50"
"estacionamiento cerca del centro histórico","0","1","0.00","11.00"
"estacionamiento en rio de janeiro","0","1","0.00","55.00"
"estacionamneto aeroporto","0","13","0.00","9.46"
"estacionamneto confins","0","2","0.00","33.50"
"estacionamneto perto de mim","0","2","0.00","11.50"
"estacionamnto","0","1","0.00","4.00"
"estacionamwnro","0","1","0.00","11.00"
"estacionamwnto aeroporto","0","1","0.00","11.00"
"estacionar","0","1","0.00","1.00"
"estacionar aeroporto","0","31","0.00","45.87"
"estacionar aeroporto confins","0","11","0.00","1.09"
"estacionar aeroporto congonhas","0","343","0.00","33.09"
"estacionar aeroporto curitiba","0","48","0.00","9.96"
"estacionar aeroporto de lisboa","0","6","0.00","56.17"
"estacionar aeroporto faro","0","94","0.00","54.30"
"estacionar aeroporto guarulhos","0","207","0.00","59.40"
"estacionar aeroporto lisboa","0","196","0.00","51.78"
"estacionar aeroporto viracopos","0","5","0.00","3.20"
"estacionar aeropuerto","0","1","0.00","6.00"
"estacionar carro aeroporto lisboa","0","138","0.00","60.80"
"estacionar congonhas","0","256","0.00","46.66"
"estacionar em guarulhos","0","9","0.00","41.11"
"estacionar em viracopos","0","3","0.00","1.33"
"estacionar guarulhos","0","30","0.00","65.43"
"estacionar no aeroporto de congonhas","0","4","0.00","1.00"
"estacionar no aeroporto de lisboa","0","144","0.00","56.31"
"estacionar no aeroporto lisboa","0","2","0.00","50.50"
"estacionar no aeroporto salgado filho","0","9","0.00","10.00"
"estacionar no porto","0","1","0.00","78.00"
"estacionar viracopos","0","337","0.00","39.82"
"estacione aeroporto guarulhos","0","294","0.00","61.74"
"estacione e voe guarulhos","0","82","0.00","58.55"
"estacione guarulhos","0","7","0.00","46.29"
"estacione tietê","0","73","0.00","18.45"
"estacionmento","0","2","0.00","3.50"
"estacuonamento","0","1","0.00","1.00"
"estamos de carro alugado","0","1","0.00","1.00"
"estapar","0","21","0.00","10.48"
"estapar aeroporto","0","24","0.00","14.42"
"estapar aeroporto brasilia","0","32","0.00","38.97"
"estapar aeroporto brasília","0","105","0.00","37.38"
"estapar aeroporto campinas","0","2","0.00","1.00"
"estapar aeroporto confins","0","151","0.00","36.91"
"estapar aeroporto congonhas","0","40","0.00","49.02"
"estapar aeroporto curitiba telefone","0","8","0.00","12.63"
"estapar aeroporto de brasilia","0","79","0.00","42.84"
"estapar aeroporto de confins","0","4","0.00","9.25"
"estapar aeroporto de congonhas","0","2","0.00","4.00"
"estapar aeroporto de guarulhos","0","2","0.00","60.00"
"estapar aeroporto de viracopos (vcp) fotos","0","11","0.00","3.18"
"estapar aeroporto galeao","0","48","0.00","10.38"
"estapar aeroporto guarulhos","0","105","0.00","45.46"
"estapar aeroporto joao pessoa","0","5","0.00","11.60"
"estapar aeroporto joão pessoa","0","24","0.00","19.00"
"estapar aeroporto lagoa santa","0","7","0.00","1.29"
"estapar aeroporto maceio","0","157","0.00","18.56"
"estapar aeroporto porto alegre","0","74","0.00","51.27"
"estapar aeroporto recife","0","216","0.00","22.67"
"estapar aeroporto recife telefone","0","3","0.00","12.00"
"estapar aeroporto salgado filho","0","101","0.00","37.48"
"estapar aeroporto santos dumont","0","1","0.00","28.00"
"estapar aeroporto viracopos","0","18","0.00","8.50"
"estapar aeroporto vitoria","0","9","0.00","1.00"
"estapar afonso pena","0","1277","0.00","12.08"
"estapar brasilia","0","6","0.00","60.17"
"estapar campinas","0","6","0.00","42.67"
"estapar campinas viracopos","0","10","0.00","11.60"
"estapar cgh","0","12","0.00","48.50"
"estapar confins","0","457","0.00","22.69"
"estapar confins endereço","0","7","0.00","8.00"
"estapar confins estacionamento","0","1","0.00","11.00"
"estapar confins telefone","0","25","0.00","29.44"
"estapar congonhas preço","0","25","0.00","43.80"
"estapar congonhas tabela de preços","0","1","0.00","27.00"
"estapar congonhas valor","0","11","0.00","58.73"
"estapar curitiba","0","27","0.00","30.19"
"estapar economico viracopos","0","3","0.00","17.33"
"estapar edificio garagem viracopos","0","3","0.00","17.67"
"estapar estacionamento","0","3","0.00","12.33"
"estapar estacionamento aeroporto","0","4","0.00","19.75"
"estapar estacionamento aeroporto confins","0","21","0.00","34.05"
"estapar estacionamento aeroporto de congonhas","0","9","0.00","61.11"
"estapar estacionamento aeroporto porto alegre","0","1","0.00","70.00"
"estapar estacionamento campinas","0","2","0.00","24.50"
"estapar estacionamento confins","0","48","0.00","32.58"
"estapar estacionamento congonhas","0","7","0.00","46.86"
"estapar estacionamento galeao","0","16","0.00","8.94"
"estapar estacionamento guarulhos","0","1","0.00","3.00"
"estapar estacionamento joão pessoa","0","1","0.00","27.00"
"estapar estacionamento navegantes","0","2","0.00","5.00"
"estapar estacionamento valor","0","4","0.00","9.00"
"estapar estacionamento viracopos","0","40","0.00","46.88"
"estapar estacionamentos - edifício-garagem - terminal 2 galeão","0","13","0.00","5.46"
"estapar estacionamentos aeroporto confins","0","14","0.00","16.21"
"estapar estacionamentos aeroporto de congonhas (cgh)","0","43","0.00","43.30"
"estapar estacionamentos aeroporto de congonhas (cgh) fotos","0","7","0.00","5.00"
"estapar estacionamentos aeroporto de congonhas cgh","0","1","0.00","30.00"
"estapar estacionamentos aeroporto de viracopos (vcp)","0","5","0.00","1.60"
"estapar estacionamentos fotos","0","2","0.00","1.50"
"estapar estacionamentos valor","0","16","0.00","10.75"
"estapar galeão","0","366","0.00","12.07"
"estapar galeão telefone","0","58","0.00","9.57"
"estapar gold aeroporto curitiba","0","12","0.00","11.75"
"estapar gru","0","3","0.00","1.00"
"estapar guarulhos","0","12","0.00","41.67"
"estapar guarulhos aeroporto","0","60","0.00","42.72"
"estapar guarulhos terminal 3","0","5","0.00","5.80"
"estapar joao pessoa","0","1","0.00","8.00"
"estapar joao pessoa aeroporto","0","4","0.00","17.00"
"estapar joão pessoa","0","24","0.00","29.21"
"estapar joão pessoa telefone","0","2","0.00","48.50"
"estapar lagoa santa","0","2","0.00","15.50"
"estapar maceio","0","1","0.00","39.00"
"estapar navegantes","0","3","0.00","3.00"
"estapar perto de mim","0","1","0.00","3.00"
"estapar preço","0","11","0.00","6.82"
"estapar recife","0","45","0.00","46.64"
"estapar recife aeroporto","0","6","0.00","46.50"
"estapar reserva","0","7","0.00","10.71"
"estapar reserva congonhas","0","1","0.00","4.00"
"estapar reserva galeao","0","2","0.00","4.00"
"estapar reserva viracopos","0","2","0.00","10.50"
"estapar salgado filho","0","77","0.00","54.38"
"estapar santos dumont","0","53","0.00","21.26"
"estapar shopping internacional","0","2","0.00","1.00"
"estapar valor","0","2","0.00","4.00"
"estapar valores","0","4","0.00","8.75"
"estapar vcp","0","8","0.00","9.88"
"estapar viracopos campinas","0","7","0.00","11.00"
"estapar viracopos preço","0","44","0.00","7.14"
"estapar viracopos telefone","0","41","0.00","21.95"
"estapar/zul+","0","2","0.00","1.00"
"estarte parking congonhas","0","3","0.00","9.33"
"estarte parking facilities congonhas","0","11","0.00","9.27"
"estavionamento","0","2","0.00","3.50"
"estavionamento aeroporto","0","34","0.00","7.91"
"estavionamento aeroporto confins","0","1","0.00","13.00"
"estavionamento aeroporto congonhas","0","3","0.00","1.67"
"estavionamento aeroporto curitiba","0","29","0.00","11.76"
"estavionamento aeroporto de guarulhos","0","3","0.00","8.00"
"estavionamento aeroporto guarulhos","0","37","0.00","49.89"
"estavionamento aeroporto recife","0","13","0.00","9.92"
"estavionamento confins","0","5","0.00","10.40"
"estavionamento galeao","0","2","0.00","11.50"
"estavionamento gru","0","14","0.00","50.57"
"estavionamento guarulhos","0","28","0.00","65.54"
"estavionamento perto","0","1","0.00","5.00"
"estavionamento perto de mim","0","5","0.00","41.40"
"estavionamento proximo","0","7","0.00","9.71"
"estavionamento viracopos","0","79","0.00","5.76"
"estaçao portuguesa tiete","0","1","0.00","42.00"
"estaçao tiete","0","2","0.00","48.50"
"estação aeroporto","0","1","0.00","12.00"
"estação aeroporto congonhas","0","2","0.00","2.50"
"estação aeroporto guarulhos mapa","0","2","0.00","14.50"
"estação afonso pena","0","6","0.00","13.33"
"estação cptm guarulhos","0","1","0.00","1.00"
"estação de trem guarulhos","0","1","0.00","1.00"
"estação guarulhos cecap","0","1","0.00","1.00"
"estação taboão guarulhos","0","1","0.00","1.00"
"estação tiete","0","3","0.00","59.33"
"estação tietê são paulo","0","1","0.00","48.00"
"este site é seguro","0","1","0.00","1.00"
"estou aqui","0","1","0.00","3.00"
"estou preocupado em deixar meu carro na rua por vários dias enquanto viajo, o que fazer em campinas?","0","3","0.00","13.00"
"estácionamento aeroporto guarulhos","0","1","0.00","1.00"
"etawcionamento aeroporto curitiba","0","2","0.00","1.00"
"eu queria saber quanto custa","0","1","0.00","1.00"
"eu quero","0","1","0.00","3.00"
"euro parking estacionamento low cost","0","4","0.00","87.25"
"europark estacionamento","0","15","0.00","50.53"
"europcar aeroporto guarulhos","0","11","0.00","57.00"
"europorto de lisboa","0","2","0.00","12.50"
"europorto lisboa","0","1","0.00","1.00"
"executive park","0","3","0.00","33.67"
"existe algum outro?","0","1","0.00","2.00"
"existe metro no aeroporto de guarulhos","0","1","0.00","1.00"
"exp parking atibaia","0","1","0.00","50.00"
"experiência de reservas online","0","7","0.00","93.57"
"expres park","0","1","0.00","8.00"
"express airport parking","0","1","0.00","49.00"
"express car wash","0","1","0.00","1.00"
"express estacionamento","0","13","0.00","8.77"
"express park congonhas","0","39","0.00","4.85"
"express park estacionamento","0","83","0.00","13.55"
"express park north","0","5","0.00","45.20"
"express parking congonhas reclame aqui","0","1","0.00","9.00"
"express parking congonhas – sp","0","20","0.00","4.15"
"expresso aeroporto","0","1","0.00","3.00"
"expresspark","0","3","0.00","33.33"
"expressparking","0","15","0.00","8.60"
"externa","0","1","0.00","5.00"
"f parking","0","2","0.00","12.50"
"facility congonhas","0","142","0.00","9.78"
"facility estacionamento","0","72","0.00","17.28"
"facility estacionamento aeroporto de congonhas (cgh)","0","48","0.00","9.63"
"facility estacionamento aeroporto de congonhas cgh","0","58","0.00","33.47"
"facility park","0","2","0.00","11.50"
"facpark","0","1","0.00","51.00"
"famoso aeroporto de sp cujo código é cgh","0","1","0.00","1.00"
"farmacia aeroporto afonso pena","0","3","0.00","5.33"
"farmacia aeroporto de guarulhos","0","1","0.00","3.00"
"farmacia aeroporto humberto delgado","0","1","0.00","15.00"
"farmacia dentro do aeroporto de viracopos","0","1","0.00","1.00"
"farmacia terminal 3 gru","0","1","0.00","3.00"
"farmacia viracopos","0","1","0.00","15.00"
"faro chegadas parque long term","0","1","0.00","26.00"
"faro parken","0","1","0.00","44.00"
"faro parking","0","3","0.00","51.67"
"fast park","0","1","0.00","52.00"
"fast park estacionamento","0","8","0.00","50.13"
"fast sleep guarulhos","0","3","0.00","5.00"
"fastpark","0","2","0.00","51.50"
"fazer uma simulação","0","1","0.00","2.00"
"fica aonde?","0","1","0.00","8.00"
"ficar uma semana","0","1","0.00","4.00"
"figo maduro aeroporto","0","1","0.00","2.00"
"file park","0","4","0.00","56.75"
"fkypark","0","1","0.00","6.00"
"fla park estacionamento","0","1","0.00","80.00"
"flag park viracopos","0","30","0.00","9.33"
"flat aeroporto congonhas","0","1","0.00","3.00"
"flaypark","0","13","0.00","6.54"
"flikpark","0","7","0.00","5.00"
"flipark","0","1","0.00","57.00"
"flora park estacionamentos","0","1","0.00","52.00"
"flpark","0","1","0.00","5.00"
"flughafen parken","0","1","0.00","82.00"
"flupark","0","6","0.00","6.67"
"fly estacionamento guarulhos","0","15","0.00","10.07"
"fly park","0","16","0.00","63.06"
"fly park estacionamento","0","94","0.00","57.56"
"fly park estacionamento aeroporto guarulhos fotos","0","2","0.00","21.50"
"fly park estacionamento guarulhos","0","170","0.00","24.08"
"fly park guarulhos","0","194","0.00","28.05"
"fly parking","0","6","0.00","11.00"
"flyark","0","2","0.00","7.50"
"flyoark","0","11","0.00","7.91"
"flypaek","0","6","0.00","6.67"
"flypark aeroporto","0","4","0.00","22.00"
"flypark cdg","0","1","0.00","42.00"
"flypark dk","0","2","0.00","55.50"
"flypark estacionamento","0","67","0.00","6.46"
"flypark gru","0","27","0.00","8.41"
"flypark official website","0","1","0.00","10.00"
"flypark plus","0","8","0.00","73.38"
"flypark tenis","0","11","0.00","1.00"
"flyparking","0","9","0.00","6.22"
"flyparks","0","3","0.00","26.00"
"flyparl","0","2","0.00","6.00"
"flyparque","0","6","0.00","5.83"
"flypqrk","0","2","0.00","8.00"
"flypsrk","0","1","0.00","6.00"
"foco aeroporto de guarulhos","0","1","0.00","3.00"
"forma park","0","10","0.00","9.60"
"fort park estacionamento","0","5","0.00","10.60"
"força militar portuguesa","0","1","0.00","3.00"
"foto","0","4","0.00","14.00"
"foto aeroporto de congonhas","0","1","0.00","21.00"
"foto aeroporto de guarulhos","0","1","0.00","1.00"
"foto da entrada","0","1","0.00","28.00"
"foto da placa","0","1","0.00","29.00"
"foto da rodoviária","0","1","0.00","5.00"
"foto dentro do aeroporto","0","1","0.00","1.00"
"foto do","0","1","0.00","1.00"
"foto do aeroporto de congonhas","0","1","0.00","9.00"
"foto do aeroporto de curitiba","0","2","0.00","3.00"
"foto do estacionamento","0","1","0.00","2.00"
"fotos","0","11","0.00","17.64"
"fotos aeroporto de confins","0","26","0.00","1.00"
"fotos aeroporto lisboa","0","29","0.00","1.34"
"fotos de aeroporto de guarulhos","0","1","0.00","8.00"
"fotos do aeroporto","0","2","0.00","8.00"
"fotos do aeroporto de belo horizonte","0","1","0.00","7.00"
"fotos do aeroporto de campinas","0","1","0.00","2.00"
"fotos do aeroporto de confins","0","2","0.00","8.50"
"fotos do aeroporto de confins bh","0","1","0.00","23.00"
"fotos do aeroporto de congonhas","0","1","0.00","9.00"
"fotos do aeroporto de curitiba","0","3","0.00","2.67"
"fotos do aeroporto de guarulhos","0","2","0.00","9.00"
"fotos do aeroporto de lisboa portugal","0","48","0.00","1.02"
"fotos do aeroporto de viracopos","0","2","0.00","7.50"
"fotos guarulhos","0","1","0.00","26.00"
"fpark estacionamento curitiba","0","4","0.00","9.50"
"from park","0","1","0.00","3.00"
"g park estacionamento","0","2","0.00","41.50"
"gabarito aeroporto","0","1","0.00","11.00"
"galeao estacionamento","0","63","0.00","34.32"
"galeão estacionamento","0","428","0.00","34.04"
"galeão estacionamento diária","0","1","0.00","37.00"
"galeão estacionamento preço","0","5","0.00","50.80"
"garage booking","0","1","0.00","78.00"
"garage estacionamento","0","11","0.00","7.18"
"garage in campinas","0","15","0.00","2.53"
"garage in centro","0","1","0.00","11.00"
"garage in estacionamento","0","1","0.00","4.00"
"garage in garden","0","2","0.00","24.00"
"garage inc tour","0","1","0.00","16.00"
"garage inn campinas","0","450","0.00","4.48"
"garage inn estacionamentos","0","100","0.00","11.76"
"garage inn telefone","0","5","0.00","10.80"
"garage inn tiete","0","14","0.00","9.93"
"garage inn vcp","0","30","0.00","3.77"
"garage park","0","3","0.00","46.33"
"garage parking","0","7","0.00","16.29"
"garage-log.cn riverpark logs 渝a5u9k8","0","1","0.00","8.00"
"garageen","0","14","0.00","5.71"
"garageimmi","0","2","0.00","3.50"
"garageinn login","0","13","0.00","6.15"
"garageinn telefone","0","35","0.00","12.17"
"garageinn vcp","0","136","0.00","3.80"
"garageinn viracopos - estacione dentro do aeroporto de viracopos fotos","0","33","0.00","6.06"
"garagem","0","7","0.00","1.00"
"garagem 24 horas perto de mim","0","2","0.00","9.00"
"garagem aeroporto","0","85","0.00","63.41"
"garagem aeroporto confins","0","1","0.00","1.00"
"garagem aeroporto guarulhos","0","41","0.00","54.00"
"garagem aeroporto porto alegre","0","7","0.00","18.57"
"garagem campinas","0","22","0.00","18.82"
"garagem de carros navegantes","0","5","0.00","45.20"
"garagem de estacionamento","0","1","0.00","1.00"
"garagem dos ônibus","0","1","0.00","7.00"
"garagem estacionamento","0","36","0.00","25.83"
"garagem estacionamento viracopos","0","33","0.00","8.42"
"garagem express","0","1","0.00","2.00"
"garagem guarulhos","0","4","0.00","19.50"
"garagem in viracopos","0","130","0.00","7.14"
"garagem inn","0","460","0.00","7.48"
"garagem inn viracopos","0","22","0.00","5.95"
"garagem mensal perto de mim","0","1","0.00","10.00"
"garageminn","0","2","0.00","5.50"
"garagen","0","1","0.00","1.00"
"garagen in","0","31","0.00","6.35"
"garagepark","0","8","0.00","47.88"
"garages","0","1","0.00","106.00"
"garagim","0","3","0.00","3.67"
"garagin","0","2","0.00","5.00"
"garden parking estacionamento","0","1","0.00","88.00"
"gate one congonhas","0","2","0.00","2.00"
"gateway parking lot","0","1","0.00","5.00"
"gerageinn","0","2","0.00","7.50"
"gerapark","0","1","0.00","14.00"
"gestão de estacionamento aeroporto","0","2","0.00","46.00"
"gig","0","1","0.00","3.00"
"gig estacionamento","0","3","0.00","9.00"
"giraffas aeroporto viracopos","0","1","0.00","3.00"
"giraffas congonhas","0","1","0.00","3.00"
"global park","0","2","0.00","58.50"
"global park estacionamento","0","5","0.00","43.20"
"global park estacionamentos e garagens","0","1","0.00","20.00"
"globalpark","0","1","0.00","49.00"
"globe park estacionamentos","0","2","0.00","48.50"
"globo park estacionamento","0","1","0.00","82.00"
"go park","0","3","0.00","5.00"
"go park aeroporto","0","1","0.00","11.00"
"go park estacionamento guarulhos","0","8","0.00","9.00"
"go park gru","0","9","0.00","9.11"
"go park guarulhos","0","94","0.00","14.94"
"go parking","0","1","0.00","10.00"
"go2park","0","23","0.00","4.39"
"goes afonso pena","0","2","0.00","2.00"
"gol aeroporto confins","0","1","0.00","3.00"
"gol aeroporto de congonhas","0","1","0.00","1.00"
"gol guarulhos terminal","0","1","0.00","48.00"
"golden one parking","0","1","0.00","30.00"
"golden park campinas viracopos","0","1","0.00","5.00"
"golden park estacionamento","0","1","0.00","5.00"
"golden park viracopos","0","14","0.00","65.07"
"gollog congonhas - praça comandante linneu gomes, s/n s/n, santo amaro, são paulo, são paulo","0","1","0.00","6.00"
"gopark","0","1","0.00","15.00"
"gopark estacionamento","0","1","0.00","4.00"
"gopark gru","0","88","0.00","8.94"
"gopark gru estacionamento aeroporto de guarulhos","0","55","0.00","21.73"
"gopark guarulhos","0","7","0.00","6.00"
"gostaria de saber os preços atuais","0","1","0.00","2.00"
"gostaria sim","0","1","0.00","1.00"
"governador andré franco montoro (gru)","0","1","0.00","97.00"
"governador andré franco montoro aeroporto","0","1","0.00","1.00"
"gra parking","0","1","0.00","10.00"
"grad parking","0","1","0.00","1.00"
"gran park congonhas","0","10","0.00","8.50"
"gran park estacionamento","0","1","0.00","1.00"
"grand park estacionamento","0","63","0.00","12.38"
"grand park estacionamento congonhas","0","2","0.00","6.00"
"grand parking estaci","0","38","0.00","6.00"
"grand parking garage","0","1","0.00","7.00"
"grand station parking","0","1","0.00","9.00"
"green park aeroporto","0","1","0.00","1.00"
"green park estacionamento","0","8","0.00","69.13"
"green park estacionamento transamérica","0","2","0.00","47.00"
"green parking","0","2","0.00","56.00"
"green parking estacionamento","0","10","0.00","67.70"
"greve aeroporto portugal hoje","0","1","0.00","3.00"
"greve nos aeroportos em portugal","0","1","0.00","13.00"
"groom park","0","1","0.00","6.00"
"gru","0","4","0.00","4.00"
"gru - edifício garagem terminal 3","0","19","0.00","64.47"
"gru aeroporto","0","1","0.00","17.00"
"gru aeroporto de guarulhos terminal 3 embarque internacional ordem segurança imigração","0","2","0.00","10.00"
"gru aeroporto estacionamento","0","57","0.00","44.47"
"gru aeroporto recomendação chegar 3 horas antes voo internacional","0","1","0.00","40.00"
"gru aeroporto significado","0","1","0.00","1.00"
"gru airport","0","1","0.00","1.00"
"gru airport drop off","0","58","0.00","40.47"
"gru airport estacionamento","0","431","0.00","44.78"
"gru airport estacionamento tarifas","0","2","0.00","30.00"
"gru airport estacionamento terminal 3","0","3","0.00","1.00"
"gru airport park","0","14","0.00","50.00"
"gru airport parking","0","42","0.00","25.71"
"gru airport parking 3 edifício garagem piso/ level: 3 recife rua/ row: i","0","2","0.00","2.50"
"gru airport parking 3 edifício garagem piso/ level: 5 rio de janeiro rua/ row: i","0","5","0.00","1.40"
"gru airport recomendação chegar 3 horas antes voo internacional","0","1","0.00","40.00"
"gru airpot","0","1","0.00","1.00"
"gru drop off","0","24","0.00","34.58"
"gru edificio garagem terminal 3","0","2","0.00","49.50"
"gru edifício garagem terminal 3","0","10","0.00","63.00"
"gru estacionamento","0","200","0.00","48.78"
"gru estacionamento reserva","0","2","0.00","44.50"
"gru estacionamento terminal 2","0","6","0.00","1.50"
"gru estacionamento terminal 3","0","19","0.00","20.32"
"gru exercito","0","1","0.00","3.00"
"gru for","0","1","0.00","2.00"
"gru lugar","0","1","0.00","1.00"
"gru mapa terminal 2","0","1","0.00","1.00"
"gru oque é","0","1","0.00","2.00"
"gru park","0","24","0.00","36.33"
"gru park estacionamento","0","12","0.00","51.33"
"gru parking","0","54","0.00","39.22"
"gru parking estacionamento","0","29","0.00","45.90"
"gru parking guarulhos","0","34","0.00","29.88"
"gru sp","0","1","0.00","1.00"
"gru terminal 2 mapa","0","1","0.00","2.00"
"gru terminal 3 embarque internacional ordem segurança imigração","0","2","0.00","9.00"
"gru terminal 3 estacionamento","0","2","0.00","1.00"
"gru terminal 3 map","0","1","0.00","30.00"
"gru terminal internacional","0","1","0.00","1.00"
"gru é o código deste aeroporto internacional","0","1","0.00","1.00"
"gru é qual aeroporto","0","2","0.00","46.00"
"gru+airport+drop+off","0","1","0.00","40.00"
"gru-sp","0","1","0.00","1.00"
"gru?","0","1","0.00","3.00"
"grupark","0","1","0.00","12.00"
"guaira park estacionamento","0","2","0.00","43.50"
"guararapes","0","1","0.00","12.00"
"guarda volume aeroporto confins","0","1","0.00","17.00"
"guarda volume aeroporto congonhas","0","1","0.00","2.00"
"guarda volume aeroporto galeao","0","1","0.00","1.00"
"guarda volume galeao","0","1","0.00","26.00"
"guarda volume rodoviaria tiete","0","6","0.00","45.50"
"guarda volume rodoviária curitiba","0","1","0.00","3.00"
"guarda volume tiete","0","9","0.00","47.22"
"guarda volumes aeroporto galeão","0","1","0.00","4.00"
"guarda volumes aeroporto guarulhos","0","2","0.00","1.00"
"guarda volumes guarulhos","0","1","0.00","1.00"
"guarda volumes rodoviaria tiete","0","9","0.00","44.89"
"guarda volumes rodoviária tietê","0","1","0.00","44.00"
"guarda volumes tiete","0","11","0.00","46.82"
"guarda volumes tietê","0","2","0.00","39.50"
"guardar carro aeroporto lisboa","0","1","0.00","29.00"
"guarucoop tabela de preços","0","2","0.00","4.00"
"guarulhos","0","23","0.00","3.00"
"guarulhos a congonhas","0","1","0.00","1.00"
"guarulhos aeroporto","0","8","0.00","58.13"
"guarulhos aeroporto endereço","0","7","0.00","56.29"
"guarulhos aeroporto estacionamento","0","125","0.00","45.53"
"guarulhos aeroporto internacional","0","1","0.00","88.00"
"guarulhos aeroporto mapa","0","32","0.00","10.09"
"guarulhos aeroporto sp","0","1","0.00","1.00"
"guarulhos airport","0","2","0.00","3.00"
"guarulhos airport bus service","0","1","0.00","2.00"
"guarulhos até congonhas","0","1","0.00","1.00"
"guarulhos cecap","0","1","0.00","1.00"
"guarulhos cumbica aeroporto","0","1","0.00","1.00"
"guarulhos de carro","0","1","0.00","4.00"
"guarulhos e congonhas","0","2","0.00","1.00"
"guarulhos edificio garagem","0","7","0.00","61.00"
"guarulhos estacionamento","0","116","0.00","57.59"
"guarulhos estacionamento aeroporto","0","15","0.00","51.67"
"guarulhos estacionamento preço","0","703","0.00","47.48"
"guarulhos gol terminal","0","1","0.00","1.00"
"guarulhos lugares","0","2","0.00","1.00"
"guarulhos mapa aeroporto","0","4","0.00","3.00"
"guarulhos park","0","6","0.00","53.83"
"guarulhos restaurantes aeroporto","0","1","0.00","67.00"
"guarulhos sp aeroporto","0","3","0.00","78.00"
"guarulhos sp de carro","0","1","0.00","1.00"
"guarulhos são paulo aeroporto","0","1","0.00","86.00"
"guarulhos tem metro?","0","1","0.00","1.00"
"guarulhos terminais","0","4","0.00","46.00"
"guarulhos terminal 2","0","1","0.00","2.00"
"guarulhos terminal 2 map","0","2","0.00","1.00"
"guarulhos terminal 2 mapa","0","2","0.00","1.00"
"guarulhos zona azul","0","1","0.00","2.00"
"guia de estacionamento","0","5","0.00","10.20"
"guia online em guarulhos","0","97","0.00","66.87"
"guias gru","0","1","0.00","13.00"
"guiche air china guarulhos","0","3","0.00","1.00"
"guiche air europa guarulhos","0","1","0.00","1.00"
"guindaste","0","1","0.00","3.00"
"gyn aeroporto","0","1","0.00","1.00"
"hampton by hilton guarulhos airport telefone","0","4","0.00","1.75"
"hangar convenções & feiras da amazônia","0","1","0.00","2.00"
"hangar estacionamento","0","14","0.00","47.29"
"hangar estacionamento aeroporto afonso pena","0","18","0.00","6.28"
"hangar vip","0","108","0.00","5.25"
"hangar vip aeroporto curitiba","0","19","0.00","5.84"
"hangar vip curitiba","0","25","0.00","10.40"
"havaianas sao paulo airport","0","1","0.00","4.00"
"hertz aeroporto galeão","0","2","0.00","70.00"
"hertz guarulhos","0","1","0.00","1.00"
"hi-fly","0","1","0.00","3.00"
"hire a garage near me","0","1","0.00","106.00"
"hora","0","1","0.00","4.00"
"horario aeroporto congonhas","0","2","0.00","1.00"
"horario check in gol","0","1","0.00","1.00"
"horario conexao aeroporto","0","1","0.00","4.00"
"horario curitiba","0","1","0.00","2.00"
"horario de funcionamento aeroporto de congonhas","0","2","0.00","55.50"
"horario lojas aeroporto lisboa","0","1","0.00","4.00"
"horario trem aeroporto guarulhos","0","1","0.00","1.00"
"horário aeroporto congonhas","0","1","0.00","1.00"
"horário circular aeroporto","0","1","0.00","2.00"
"horário congonhas","0","1","0.00","1.00"
"horário de ônibus ouro branco para congonhas","0","1","0.00","3.00"
"horário do aeroporto","0","1","0.00","2.00"
"horário do aeroporto de congonhas","0","1","0.00","2.00"
"horário ônibus aeroporto congonhas","0","1","0.00","3.00"
"hospedagem aeroporto congonhas","0","1","0.00","4.00"
"hospedagem aeroporto guarulhos","0","3","0.00","2.00"
"hospedagem aeroporto viracopos","0","1","0.00","5.00"
"hoteis aeroporto cnf","0","1","0.00","1.00"
"hoteis no aeroporto de guarulhos","0","1","0.00","2.00"
"hoteis perto do aeroporto de confins","0","3","0.00","2.00"
"hoteis perto do aeroporto de viracopos","0","1","0.00","2.00"
"hoteis proximo ao aeroporto viracopos","0","1","0.00","2.00"
"hoteis proximos a viracopos","0","1","0.00","4.00"
"hoteis proximos ao aeroporto de lisboa","0","1","0.00","2.00"
"hotel aero park e estacionamento","0","21","0.00","47.71"
"hotel aero park londrina telefone","0","1","0.00","7.00"
"hotel aero sleep campinas","0","1","0.00","7.00"
"hotel aeropark londrina","0","1","0.00","50.00"
"hotel aeroporto bh","0","1","0.00","3.00"
"hotel aeroporto campinas viracopos","0","1","0.00","4.00"
"hotel aeroporto confins","0","4","0.00","2.00"
"hotel aeroporto confins bh","0","1","0.00","2.00"
"hotel aeroporto congonhas","0","14","0.00","2.00"
"hotel aeroporto congonhas sp","0","1","0.00","4.00"
"hotel aeroporto curitiba","0","1","0.00","3.00"
"hotel aeroporto de congonhas","0","1","0.00","2.00"
"hotel aeroporto de guarulhos","0","1","0.00","2.00"
"hotel aeroporto de viracopos","0","1","0.00","2.00"
"hotel aeroporto galeão","0","1","0.00","3.00"
"hotel aeroporto guarulhos","0","10","0.00","3.40"
"hotel aeroporto joao pessoa","0","1","0.00","2.00"
"hotel aeroporto porto alegre","0","1","0.00","2.00"
"hotel aeroporto viracopos","0","8","0.00","3.88"
"hotel aeroporto viracopos campinas","0","1","0.00","2.00"
"hotel ao lado do aeroporto de guarulhos","0","1","0.00","2.00"
"hotel ao lado do aeroporto de lisboa","0","1","0.00","2.00"
"hotel barato perto do aeroporto de confins","0","1","0.00","2.00"
"hotel barato perto do aeroporto de congonhas","0","1","0.00","2.00"
"hotel barato perto do aeroporto de curitiba","0","1","0.00","3.00"
"hotel barato perto do aeroporto de porto alegre","0","1","0.00","2.00"
"hotel confins aeroporto","0","2","0.00","2.00"
"hotel congonhas","0","1","0.00","3.00"
"hotel congonhas aeroporto","0","1","0.00","4.00"
"hotel congonhas sp","0","2","0.00","5.00"
"hotel dentro aeroporto congonhas","0","4","0.00","3.00"
"hotel dentro aeroporto viracopos","0","2","0.00","44.50"
"hotel dentro de congonhas","0","2","0.00","2.00"
"hotel dentro do aeroporto de confins","0","7","0.00","2.00"
"hotel dentro do aeroporto de congonhas","0","12","0.00","2.25"
"hotel dentro do aeroporto de congonhas sp","0","1","0.00","2.00"
"hotel dentro do aeroporto de gru","0","1","0.00","3.00"
"hotel dentro do aeroporto de guarulhos","0","9","0.00","3.00"
"hotel dentro do aeroporto de guarulhos preço","0","1","0.00","3.00"
"hotel dentro do aeroporto de guarulhos terminal 2","0","1","0.00","3.00"
"hotel dentro do aeroporto de lisboa","0","1","0.00","2.00"
"hotel dentro do aeroporto de viracopos","0","2","0.00","2.50"
"hotel dentro do aeroporto gru","0","1","0.00","3.00"
"hotel domani guarulhos","0","1","0.00","3.00"
"hotel em bh proximo ao aeroporto de confins","0","2","0.00","2.00"
"hotel em campinas perto do aeroporto","0","3","0.00","3.00"
"hotel em campinas perto do aeroporto de viracopos","0","1","0.00","2.00"
"hotel em campinas proximo ao aeroporto viracopos","0","2","0.00","3.00"
"hotel em confins","0","2","0.00","5.00"
"hotel em confins aeroporto","0","1","0.00","2.00"
"hotel em congonhas aeroporto","0","1","0.00","2.00"
"hotel em congonhas sp","0","2","0.00","3.00"
"hotel em curitiba perto do aeroporto","0","1","0.00","5.00"
"hotel em viracopos","0","3","0.00","2.00"
"hotel em viracopos campinas","0","6","0.00","2.00"
"hotel en el aeropuerto de guarulhos","0","1","0.00","2.00"
"hotel golden park campinas viracopos","0","1","0.00","5.00"
"hotel golden park campinas viracopos distância aeroporto","0","1","0.00","3.00"
"hotel guarulhos","0","2","0.00","4.00"
"hotel guarulhos aeroporto","0","4","0.00","3.00"
"hotel ibis aeroporto congonhas","0","1","0.00","12.00"
"hotel ibis aeroporto de guarulhos","0","1","0.00","3.00"
"hotel ibis congonhas","0","1","0.00","7.00"
"hotel ibis perto do aeroporto de florianópolis","0","1","0.00","5.00"
"hotel linx confins endereço","0","1","0.00","5.00"
"hotel mais proximo do aeroporto de guarulhos","0","1","0.00","2.00"
"hotel no aeroporto de belo horizonte","0","1","0.00","2.00"
"hotel no aeroporto de campinas","0","2","0.00","3.00"
"hotel no aeroporto de campinas viracopos","0","1","0.00","3.00"
"hotel no aeroporto de confins bh","0","2","0.00","2.00"
"hotel no aeroporto de congonhas","0","8","0.00","2.00"
"hotel no aeroporto de curitiba","0","1","0.00","2.00"
"hotel no aeroporto de guarulhos","0","14","0.00","3.86"
"hotel no aeroporto de viracopos","0","6","0.00","3.17"
"hotel no aeroporto viracopos","0","1","0.00","2.00"
"hotel no galeão rio de janeiro","0","1","0.00","3.00"
"hotel nobrega - são paulo - aeroporto congonhas","0","1","0.00","7.00"
"hotel perto aeroporto campinas","0","1","0.00","3.00"
"hotel perto aeroporto congonhas","0","1","0.00","4.00"
"hotel perto aeroporto viracopos","0","2","0.00","3.00"
"hotel perto aeroporto viracopos campinas","0","1","0.00","3.00"
"hotel perto confins","0","1","0.00","2.00"
"hotel perto de confins","0","1","0.00","2.00"
"hotel perto de congonhas barato","0","1","0.00","4.00"
"hotel perto de guarulhos aeroporto","0","1","0.00","1.00"
"hotel perto de viracopos","0","1","0.00","4.00"
"hotel perto de viracopos aeroporto","0","1","0.00","2.00"
"hotel perto do aeroporto","0","2","0.00","1.00"
"hotel perto do aeroporto confins","0","1","0.00","2.00"
"hotel perto do aeroporto curitiba","0","1","0.00","4.00"
"hotel perto do aeroporto de belo horizonte","0","2","0.00","2.00"
"hotel perto do aeroporto de campinas","0","2","0.00","2.00"
"hotel perto do aeroporto de campinas viracopos","0","1","0.00","2.00"
"hotel perto do aeroporto de confins","0","4","0.00","2.50"
"hotel perto do aeroporto de confins bh","0","1","0.00","2.00"
"hotel perto do aeroporto de congonhas","0","5","0.00","5.40"
"hotel perto do aeroporto de congonhas sp","0","1","0.00","4.00"
"hotel perto do aeroporto de cuiaba","0","1","0.00","2.00"
"hotel perto do aeroporto de curitiba","0","5","0.00","2.80"
"hotel perto do aeroporto de guarulhos","0","9","0.00","1.44"
"hotel perto do aeroporto de guarulhos barato","0","1","0.00","3.00"
"hotel perto do aeroporto de guarulhos são paulo","0","1","0.00","4.00"
"hotel perto do aeroporto de viracopos","0","2","0.00","3.00"
"hotel perto do aeroporto de viracopos campinas","0","1","0.00","2.00"
"hotel perto do aeroporto em curitiba","0","1","0.00","2.00"
"hotel perto viracopos campinas","0","2","0.00","2.50"
"hotel plenty","0","4","0.00","4.00"
"hotel proximo a aeroporto de guarulhos","0","2","0.00","2.50"
"hotel proximo a congonhas aeroporto","0","1","0.00","3.00"
"hotel proximo aeroporto congonhas","0","2","0.00","2.50"
"hotel proximo aeroporto de viracopos","0","1","0.00","3.00"
"hotel proximo aeroporto lisboa","0","1","0.00","2.00"
"hotel proximo aeroporto viracopos","0","5","0.00","2.00"
"hotel proximo ao aeroporto de campinas","0","3","0.00","3.33"
"hotel proximo ao aeroporto de congonhas","0","2","0.00","4.50"
"hotel proximo ao aeroporto de cuiaba","0","1","0.00","8.00"
"hotel proximo ao aeroporto de guarulhos","0","6","0.00","1.00"
"hotel proximo ao aeroporto de viracopos","0","2","0.00","3.50"
"hotel proximo ao galeao","0","1","0.00","2.00"
"hotel proximo do aeroporto de campinas","0","3","0.00","3.00"
"hotel proximo do aeroporto de guarulhos sp","0","1","0.00","2.00"
"hotel proximo do aeroporto viracopos","0","2","0.00","2.50"
"hotel proximo viracopos","0","1","0.00","6.00"
"hotel proximo viracopos campinas","0","1","0.00","2.00"
"hotel próximo a viracopos campinas","0","2","0.00","2.50"
"hotel próximo aeroporto de confins","0","1","0.00","28.00"
"hotel próximo aeroporto de congonhas","0","1","0.00","2.00"
"hotel próximo aeroporto de curitiba","0","2","0.00","3.50"
"hotel próximo ao aeroporto de congonhas","0","3","0.00","3.67"
"hotel próximo ao aeroporto de curitiba","0","2","0.00","2.50"
"hotel próximo ao aeroporto de guarulhos barato","0","1","0.00","2.00"
"hotel próximo ao aeroporto de viracopos","0","5","0.00","2.20"
"hotel próximo do aeroporto de guarulhos","0","1","0.00","2.00"
"hotel próximo do aeroporto de viracopos","0","2","0.00","3.00"
"hotel próximo viracopos barato","0","2","0.00","2.00"
"hotel ruby confins","0","1","0.00","9.00"
"hotel sao paulo aeroporto guarulhos","0","1","0.00","3.00"
"hotel toronto airport","0","1","0.00","3.00"
"hotel vcp campinas","0","1","0.00","2.00"
"hotel viracopos","0","3","0.00","3.33"
"hotel viracopos aeroporto","0","1","0.00","4.00"
"hotéis baratos próximos ao aeroporto de congonhas","0","1","0.00","2.00"
"hotéis em campinas perto do aeroporto","0","1","0.00","3.00"
"hotéis perto do aeroporto de congonhas","0","1","0.00","2.00"
"hotéis perto do aeroporto de viracopos","0","2","0.00","104.50"
"hotéis próximo ao aeroporto de congonhas","0","1","0.00","29.00"
"hotéis próximo ao aeroporto de guarulhos","0","1","0.00","2.00"
"how much is the parking","0","1","0.00","8.00"
"humberto delgado","0","1","0.00","47.00"
"humberto delgado aeroporto","0","20","0.00","24.95"
"humberto delgado airport","0","5","0.00","1.20"
"ia","0","4","0.00","4.75"
"iah aeroporto","0","5","0.00","1.00"
"iberia terminal lisboa","0","1","0.00","1.00"
"ibis aeroporto congonhas","0","1","0.00","6.00"
"ibis aeroporto congonhas sp","0","1","0.00","5.00"
"ibis budget aeroporto guarulhos","0","1","0.00","4.00"
"ibis confins estacionamento","0","2","0.00","3.00"
"ibis congonhas","0","3","0.00","5.33"
"ibis congonhas estacionamento","0","2","0.00","37.00"
"ibis estacionamento confins","0","2","0.00","3.00"
"ibis hotel confins","0","1","0.00","5.00"
"ibis santos dumont estacionamento","0","1","0.00","55.00"
"ibis styles confins","0","1","0.00","5.00"
"ilha da gigóia como chegar","0","1","0.00","2.00"
"ilha do governador","0","1","0.00","7.00"
"imagem","0","2","0.00","17.50"
"imagem aerea","0","1","0.00","2.00"
"imagem dele","0","1","0.00","12.00"
"imagem do aeroporto de lisboa","0","34","0.00","1.00"
"imagem do mapa","0","1","0.00","15.00"
"imagens","0","11","0.00","8.09"
"imagens aeroporto de guarulhos","0","2","0.00","6.50"
"imagens aeroporto lisboa","0","10","0.00","1.10"
"imagens de aeropark - estacionamento aeroporto de guarulhos cumbica","0","14","0.00","10.50"
"imagens de aeroporto curitiba","0","10","0.00","3.70"
"imagens de aeroporto de lisboa","0","39","0.00","4.59"
"imagens de aeroporto humberto delgado","0","38","0.00","6.97"
"imagens de aeroporto internacional de curitiba","0","11","0.00","3.64"
"imagens de aeroporto internacional de joão pessoa","0","2","0.00","3.00"
"imagens de aeroporto viracopos","0","178","0.00","2.78"
"imagens de bandeira park viracopos","0","22","0.00","10.23"
"imagens de bepark","0","7","0.00","11.43"
"imagens de best park estacionamento aeroporto de curitiba","0","14","0.00","7.36"
"imagens de br parking estacionamento","0","1","0.00","70.00"
"imagens de br parking viracopos","0","4","0.00","12.50"
"imagens de central park confins","0","18","0.00","11.72"
"imagens de centro empresarial viracopos","0","1","0.00","2.00"
"imagens de cev - centro empresarial do vale","0","3","0.00","2.00"
"imagens de cobrascam estacionamento","0","1","0.00","2.00"
"imagens de congonhas park estacionamento congonhas","0","1","0.00","3.00"
"imagens de decolarpark","0","4","0.00","4.00"
"imagens de edifício garagem aeroporto internacional de viracopos","0","207","0.00","7.80"
"imagens de estacionamento aeroporto brasília df park","0","1","0.00","3.00"
"imagens de estacionamento aeroporto guarulhos - on park","0","1","0.00","11.00"
"imagens de estacionamento boa viagem","0","1","0.00","4.00"
"imagens de estacionamento do aeroporto de joinville - estapar estacionamentos - aero joinville aventureiro","0","1","0.00","3.00"
"imagens de estacionamento do terminal rodoviário tietê","0","1","0.00","4.00"
"imagens de estacionamento express park","0","2","0.00","10.50"
"imagens de estacionamento poup park - aeroporto guarulhos","0","13","0.00","9.31"
"imagens de estacionamento pátio confins","0","33","0.00","9.33"
"imagens de estacionamento urban park guarulhos","0","18","0.00","45.56"
"imagens de estapar aeroporto brasília","0","2","0.00","2.50"
"imagens de estapar estacionamentos aeroporto de congonhas (cgh)","0","4","0.00","4.00"
"imagens de estapar estacionamentos aeroporto de curitiba (cwb)","0","21","0.00","11.19"
"imagens de estapar viracopos","0","1","0.00","12.00"
"imagens de estação afonso pena","0","14","0.00","2.00"
"imagens de express parking","0","96","0.00","8.67"
"imagens de fly park estacionamento aeroporto guarulhos","0","12","0.00","7.50"
"imagens de grand parking estacionamento congonhas","0","49","0.00","8.47"
"imagens de multipark aeroporto congonhas","0","1","0.00","12.00"
"imagens de multipark confins","0","1","0.00","44.00"
"imagens de my park estacionamento","0","2","0.00","2.50"
"imagens de nation park - estacionamento aeroporto curitiba afonso pena (cwb)","0","10","0.00","3.80"
"imagens de nationpark","0","48","0.00","6.52"
"imagens de ponce estacionamento","0","5","0.00","4.00"
"imagens de poupatempo tietê","0","1","0.00","23.00"
"imagens de sao paulo congonhas","0","7","0.00","12.00"
"imagens de secret guarulhos","0","2","0.00","4.00"
"imagens de são paulo congonhas","0","2","0.00","22.50"
"imagens de são paulo viracopos","0","232","0.00","3.02"
"imagens de terminal afonso pena","0","4","0.00","2.00"
"imagens de ve park estacionamento aeroporto","0","9","0.00","6.00"
"imagens de viajepark","0","1","0.00","4.00"
"imagens de victoria's secret cumbica","0","1","0.00","30.00"
"imagens de viracopos aeroparking","0","6","0.00","6.33"
"imagens de yellow parking estacionamento - viracopos campinas","0","1","0.00","12.00"
"imagens de zoológico municipal de guarulhos","0","1","0.00","2.00"
"imagens do aeroporto de congonhas","0","1","0.00","7.00"
"imigração aeroporto guarulhos","0","2","0.00","50.50"
"impressao aeroporto de guarulhos","0","2","0.00","26.00"
"imágenes","0","1","0.00","26.00"
"in park estacionamento","0","1","0.00","7.00"
"indigo","0","5","0.00","5.80"
"indigo aeroporto curitiba","0","19","0.00","41.21"
"indigo aeroporto guarulhos","0","69","0.00","14.58"
"indigo afonso pena","0","12","0.00","41.92"
"indigo curitiba","0","1","0.00","2.00"
"indigo eco t3 estacionamento economy","0","51","0.00","59.84"
"indigo estacionamento aeroporto","0","1","0.00","11.00"
"indigo estacionamento aeroporto curitiba","0","9","0.00","15.00"
"indigo estacionamento aeroporto guarulhos","0","74","0.00","12.23"
"indigo estacionamento curitiba","0","3","0.00","28.67"
"indigo estacionamento gru","0","5","0.00","13.80"
"indigo estacionamento logo","0","5","0.00","11.60"
"indigo estacionamento telefone","0","57","0.00","14.18"
"indigo estacionamento valor","0","2","0.00","42.50"
"indigo estacionamento whatsapp","0","1","0.00","49.00"
"indigo estacionamentos","0","1","0.00","38.00"
"indigo estacionamentos aeroporto guarulhos - edifício-garagem terminal 3","0","11","0.00","11.82"
"indigo gru","0","20","0.00","13.85"
"indigo gru airport","0","15","0.00","13.60"
"indigo guarulhos","0","72","0.00","12.83"
"indigo guarulhos aeroporto","0","8","0.00","11.50"
"indigo manaus","0","1","0.00","3.00"
"indigo neo aeroporto curitiba","0","4","0.00","20.00"
"indigo neo curitiba","0","1","0.00","4.00"
"indigo neo guarulhos","0","3","0.00","26.00"
"indigo park","0","1","0.00","12.00"
"indigo park estacionamento","0","2","0.00","10.00"
"indigo park guarulhos","0","125","0.00","11.15"
"indigo park terminal","0","1","0.00","12.00"
"indigo parking","0","9","0.00","14.89"
"indigo sac","0","1","0.00","3.00"
"indigo shopping estação","0","1","0.00","2.00"
"indoor parking near me","0","10","0.00","11.00"
"industrias park estacionamento","0","1","0.00","7.00"
"informações adicionais","0","1","0.00","3.00"
"informações aeroporto de congonhas","0","1","0.00","24.00"
"informações aeroporto de guarulhos","0","2","0.00","62.00"
"informações aeroporto guarulhos","0","10","0.00","84.80"
"informações aeroporto lisboa","0","13","0.00","25.15"
"infraero congonhas telefone","0","6","0.00","79.50"
"ingressos para guará acqua park - parque aquático e restaurante","0","2","0.00","2.00"
"ingressos para parque ecológico do tietê","0","1","0.00","3.00"
"inn garage","0","1","0.00","11.00"
"instapark estacionamentos","0","1","0.00","1.00"
"interior aeroporto congonhas","0","1","0.00","7.00"
"interior aeroporto viracopos","0","2","0.00","1.50"
"internacional","0","1","0.00","6.00"
"internacional de guarulhos","0","2","0.00","2.00"
"interno","0","1","0.00","2.00"
"ipo estacionamento","0","1","0.00","13.00"
"ipo park","0","85","0.00","9.20"
"ipo park confins","0","115","0.00","15.04"
"ipo park estacionamento","0","8","0.00","8.50"
"ipo park estacionamento confins","0","6","0.00","6.83"
"ipopark","0","4","0.00","10.50"
"ir para aeroporto","0","1","0.00","1.00"
"ir para aeroporto afonso pena","0","1","0.00","10.00"
"ir para congonhas","0","1","0.00","1.00"
"ir para guarulhos","0","2","0.00","1.00"
"ir para o site","0","1","0.00","2.00"
"irapark","0","5","0.00","4.00"
"itaú personnalité benefícios viagem","0","1","0.00","3.00"
"jabaquara aeroporto congonhas","0","1","0.00","1.00"
"jae estacionamento","0","1","0.00","4.00"
"jardim aeroporto campinas","0","1","0.00","2.00"
"jardim santa maria ii","0","1","0.00","1.00"
"jd fernanda","0","1","0.00","1.00"
"jet park lisbon","0","8","0.00","66.88"
"jetpark aeroporto lisboa","0","3","0.00","46.00"
"jetpark aeroporto lisboa low cost","0","88","0.00","36.70"
"jetpark lisboa","0","9","0.00","47.44"
"jf parking","0","27","0.00","31.52"
"jf parking campinas","0","8","0.00","38.13"
"jf parking viracopos","0","65","0.00","31.78"
"jfparking - estacionamento econômico e seguro em viracopos campinas","0","3","0.00","14.00"
"jfparking - estacionamento viracopos em campinas - econômico e seguro","0","4","0.00","15.25"
"joypark airport parking","0","1","0.00","33.00"
"jp estacionamento","0","2","0.00","30.00"
"jp parking","0","2","0.00","10.50"
"keep estacionamento porto alegre","0","4","0.00","8.50"
"keep park","0","7","0.00","7.86"
"keep parking","0","806","0.00","7.04"
"keep parking - porto alegre","0","44","0.00","8.77"
"keep parking aeroporto","0","11","0.00","6.91"
"keep parking aeroporto porto alegre","0","41","0.00","5.90"
"keep parking poa","0","24","0.00","7.71"
"keep parking porto alegre","0","132","0.00","8.43"
"keep parking porto alegre aeroporto","0","3","0.00","7.67"
"keep parking porto alegre whatsapp","0","1","0.00","9.00"
"keeparking","0","1","0.00","10.00"
"keeping park","0","2","0.00","8.00"
"keeping park porto alegre","0","8","0.00","6.88"
"keppark estacionamento 24horas campinas","0","116","0.00","9.39"
"kiss and go viracopos","0","9","0.00","2.33"
"km 64","0","3","0.00","11.67"
"km64","0","119","0.00","7.79"
"km64 - estacionamento seguro e econômico em viracopos campinas","0","8","0.00","9.50"
"km64 - viracopos campinas","0","29","0.00","8.69"
"kuala lumpur aeroporto","0","1","0.00","1.00"
"la estacionamento viracopos","0","3","0.00","7.67"
"lan house aeroporto guarulhos","0","4","0.00","1.00"
"langzeitparken","0","1","0.00","95.00"
"latam","0","1","0.00","3.00"
"lava car aeroporto","0","4","0.00","8.25"
"lava car afonso pena","0","1","0.00","11.00"
"lava car proximo","0","1","0.00","96.00"
"lava carro perto de mim","0","1","0.00","1.00"
"lava jato","0","1","0.00","1.00"
"lava rapido mais perto de mim","0","1","0.00","1.00"
"lava rápido perto de mim","0","1","0.00","56.00"
"le grand parking","0","1","0.00","10.00"
"leo park estacionamento","0","3","0.00","32.33"
"leve estacionamento","0","1","0.00","8.00"
"linha aeroporto guarulhos","0","1","0.00","1.00"
"linha cecap guarulhos","0","1","0.00","1.00"
"linha cptm aeroporto guarulhos","0","1","0.00","1.00"
"linha metro aeroporto lisboa","0","1","0.00","2.00"
"linx confins telefone","0","2","0.00","2.00"
"lis aeroporto","0","282","0.00","16.09"
"lisboa","0","4","0.00","5.00"
"lisboa aeroport","0","3","0.00","13.00"
"lisboa aeroporto","0","1078","0.00","22.37"
"lisboa aeroporto humberto delgado","0","1","0.00","1.00"
"lisboa aeroporto internacional","0","50","0.00","15.76"
"lisboa aeroporto sigla","0","156","0.00","6.96"
"lisboa aeroporto terminal 1","0","2","0.00","24.50"
"lisboa aeroportos","0","4","0.00","3.75"
"lisboa airport","0","136","0.00","14.24"
"lisboa avis","0","1","0.00","1.00"
"lisboa humberto delgado","0","2","0.00","41.00"
"lisboa lis","0","1","0.00","3.00"
"lisboa park estacionamento","0","36","0.00","72.22"
"lisboa parking","0","30","0.00","58.43"
"lisboa portela","0","1","0.00","1.00"
"lisboa só tem um aeroporto","0","4","0.00","1.50"
"lisboa tem mais de um aeroporto","0","2","0.00","13.00"
"lisboa tem praia?","0","1","0.00","3.00"
"lisboa tem quantos aeroportos","0","65","0.00","3.62"
"lisbon aeroporto","0","23","0.00","11.96"
"lisbon airport","0","1","0.00","4.00"
"lisbon humberto delgado airport","0","2","0.00","1.00"
"lisbon international airport","0","2","0.00","1.00"
"lisbon portela","0","1","0.00","2.00"
"lispark","0","1","0.00","49.00"
"lissabon vliegveld","0","1","0.00","87.00"
"litoral estacionamento navegantes","0","27","0.00","11.30"
"live parking availability","0","1","0.00","19.00"
"ll star park guarulhos","0","2","0.00","1.00"
"lmg 800 km 11 5 confins/mg","0","57","0.00","7.07"
"locadora de carro 24 horas","0","1","0.00","1.00"
"locadora de carro aeroporto de guarulhos","0","1","0.00","1.00"
"locais para dormir no aeroporto de guarulhos","0","1","0.00","1.00"
"local de ibis sao paulo congonhas","0","1","0.00","3.00"
"local guide program","0","17","0.00","1.00"
"local para dormir no aeroporto de guarulhos","0","1","0.00","1.00"
"local park","0","1","0.00","81.00"
"local park estacionamento","0","1","0.00","6.00"
"localiza 24 horas perto de mim","0","1","0.00","1.00"
"localiza aeroporto afonso pena","0","3","0.00","2.33"
"localiza aeroporto campinas","0","1","0.00","2.00"
"localiza aeroporto confins","0","2","0.00","2.50"
"localiza aeroporto curitiba","0","55","0.00","2.18"
"localiza aeroporto de curitiba","0","6","0.00","5.17"
"localiza aeroporto de guarulhos","0","1","0.00","3.00"
"localiza aeroporto guarulhos","0","4","0.00","3.00"
"localiza aeroporto maceio","0","1","0.00","15.00"
"localiza aeroporto navegantes","0","2","0.00","4.00"
"localiza afonso pena","0","16","0.00","18.75"
"localiza afonso pena curitiba","0","1","0.00","34.00"
"localiza congonhas","0","1","0.00","1.00"
"localiza congonhas como chegar","0","1","0.00","3.00"
"localiza curitiba aeroporto","0","2","0.00","19.50"
"localiza do aeroporto de guarulhos","0","1","0.00","30.00"
"localiza em viracopos","0","2","0.00","69.00"
"localiza gru aeroporto","0","1","0.00","1.00"
"localiza gru airport","0","1","0.00","2.00"
"localiza guarulhos","0","1","0.00","4.00"
"localiza guarulhos aeroporto","0","4","0.00","2.25"
"localiza no aeroporto de confins","0","1","0.00","15.00"
"localiza no aeroporto de curitiba","0","20","0.00","5.65"
"localiza no aeroporto de guarulhos","0","13","0.00","2.23"
"localiza park shopping","0","1","0.00","12.00"
"localiza perto do aeroporto de guarulhos","0","1","0.00","2.00"
"localiza recife aeroporto","0","1","0.00","12.00"
"localiza vira copos","0","6","0.00","13.50"
"localiza viracopos subsolo","0","1","0.00","3.00"
"localiza viracopos telefone","0","5","0.00","1.00"
"localizaã ã o do aeroporto de viracopos","0","1","0.00","19.00"
"localização","0","2","0.00","5.00"
"localização aeroporto de guarulhos","0","29","0.00","7.72"
"localização aeroporto guarulhos","0","22","0.00","9.82"
"localização do aeroporto de congonhas","0","1","0.00","58.00"
"localização do aeroporto de guarulhos","0","152","0.00","4.05"
"localização do novo aeroporto de lisboa","0","1","0.00","13.00"
"localização novo aeroporto","0","1","0.00","1.00"
"localização novo aeroporto lisboa","0","3","0.00","12.67"
"locker aeroporto lisboa","0","1","0.00","1.00"
"locker rodoviaria tiete","0","1","0.00","47.00"
"lojas aeroporto","0","2","0.00","45.50"
"lojas aeroporto confins","0","2","0.00","10.00"
"lojas aeroporto de confins","0","2","0.00","9.50"
"lojas aeroporto florianópolis","0","1","0.00","4.00"
"lojas aeroporto lisboa terminal 2","0","1","0.00","1.00"
"lojas aeroporto viracopos","0","2","0.00","13.00"
"lojas dentro do aeroporto de guarulhos","0","1","0.00","3.00"
"lojas no aeroporto de confins","0","1","0.00","3.00"
"lojas no aeroporto de guarulhos","0","2","0.00","3.00"
"lojas no aeroporto de viracopos","0","1","0.00","17.00"
"lojas terminal 2 aeroporto lisboa","0","2","0.00","2.00"
"londrina aeroporto internacional","0","1","0.00","1.00"
"long parking","0","1","0.00","1.00"
"longa permanência viracopos","0","24","0.00","14.38"
"longchamp aeroporto guarulhos","0","2","0.00","1.00"
"longchamp aeroporto lisboa","0","1","0.00","4.00"
"longo prazo","0","1","0.00","4.00"
"looking park","0","1","0.00","47.00"
"looking4parking lisboa","0","11","0.00","40.18"
"lot parking","0","1","0.00","81.00"
"louge","0","1","0.00","1.00"
"lounge","0","6","0.00","1.00"
"lounge tap aeroporto lisboa","0","1","0.00","1.00"
"loungekey guarulhos","0","1","0.00","1.00"
"low cost parking","0","1","0.00","50.00"
"low cost parking aeroporto lisboa","0","580","0.00","40.01"
"low cost parking lisboa","0","1514","0.00","50.68"
"low cost parking lisboa aeroporto","0","309","0.00","37.19"
"low cost parque","0","364","0.00","70.06"
"low cost parque p6 aeroporto porto","0","1","0.00","1.00"
"lugar de estacionamento reservado","0","1","0.00","4.00"
"lugar de guarulhos","0","1","0.00","1.00"
"lugar em guarulhos","0","1","0.00","1.00"
"lugar para estacionar","0","1","0.00","3.00"
"lugares de guarulhos","0","10","0.00","1.00"
"lugares em guarulhos","0","1","0.00","3.00"
"lugares guarulhos","0","1","0.00","2.00"
"lugares para comer no aeroporto de congonhas","0","1","0.00","1.00"
"lyon park estacionamentos","0","2","0.00","59.00"
"m park estacionamento","0","1","0.00","52.00"
"maat park aeroporto belém","0","2","0.00","5.00"
"mac park estacionamento","0","3","0.00","76.00"
"macpark estacionamentos","0","1","0.00","26.00"
"madero aeroporto confins","0","5","0.00","1.20"
"madero aeroporto curitiba","0","1","0.00","3.00"
"madero aeroporto guarulhos","0","1","0.00","1.00"
"madero guarulhos aeroporto","0","1","0.00","1.00"
"madrugada","0","1","0.00","2.00"
"maior aeroporto de portugal","0","40","0.00","5.50"
"maior aeroporto de são paulo","0","2","0.00","74.00"
"maior aeroporto do nordeste","0","3","0.00","7.00"
"maior avião do mundo","0","1","0.00","3.00"
"maiores aeroportos do brasil","0","1","0.00","1.00"
"mais barata","0","1","0.00","9.00"
"mais barato","0","2","0.00","3.50"
"mais bem avaliados","0","1","0.00","2.00"
"mais opções","0","1","0.00","1.00"
"mais ou menos 10 dias","0","1","0.00","4.00"
"malex viracopos preço","0","13","0.00","1.08"
"mallet paraná","0","1","0.00","4.00"
"manicure aeroporto guarulhos","0","9","0.00","1.00"
"manobrista aeroporto lisboa","0","30","0.00","53.83"
"manteigaria aeroporto lisboa","0","2","0.00","1.00"
"mapa","0","2","0.00","14.00"
"mapa aeroporto afonso pena","0","23","0.00","43.17"
"mapa aeroporto confins","0","5","0.00","4.00"
"mapa aeroporto congonhas","0","1","0.00","6.00"
"mapa aeroporto congonhas terminal 1","0","2","0.00","3.00"
"mapa aeroporto de campinas","0","1","0.00","10.00"
"mapa aeroporto de confins","0","1","0.00","9.00"
"mapa aeroporto de congonhas","0","1","0.00","4.00"
"mapa aeroporto de guarulhos","0","19","0.00","8.58"
"mapa aeroporto de guarulhos terminal 2","0","6","0.00","1.17"
"mapa aeroporto de viracopos","0","1","0.00","7.00"
"mapa aeroporto galeão","0","1","0.00","7.00"
"mapa aeroporto galeão terminal 2","0","1","0.00","2.00"
"mapa aeroporto guarulhos","0","97","0.00","13.66"
"mapa aeroporto guarulhos terminal 1","0","34","0.00","1.15"
"mapa aeroporto guarulhos terminal 2","0","45","0.00","5.29"
"mapa aeroporto guarulhos terminal 2 embarque","0","13","0.00","1.00"
"mapa aeroporto guarulhos terminal 3","0","59","0.00","27.41"
"mapa aeroporto lisboa","0","2","0.00","1.00"
"mapa aeroporto lisboa terminal 1","0","1","0.00","2.00"
"mapa aeroporto recife","0","1","0.00","7.00"
"mapa aeroporto viracopos","0","2","0.00","25.00"
"mapa de guarulhos","0","1","0.00","1.00"
"mapa de guarulhos aeroporto","0","2","0.00","16.50"
"mapa de portoes guarulhos","0","2","0.00","1.00"
"mapa desembarque terminal 2 guarulhos","0","4","0.00","6.75"
"mapa do aeroporto","0","1","0.00","1.00"
"mapa do aeroporto de confins","0","4","0.00","23.25"
"mapa do aeroporto de congonhas","0","1","0.00","8.00"
"mapa do aeroporto de guarulhos sp","0","1","0.00","6.00"
"mapa do aeroporto de guarulhos terminal 2","0","1","0.00","4.00"
"mapa do aeroporto de guarulhos terminal 3","0","1","0.00","3.00"
"mapa do aeroporto de lisboa","0","1","0.00","1.00"
"mapa do aeroporto de viracopos","0","3","0.00","16.33"
"mapa do aeroporto guarulhos","0","3","0.00","5.67"
"mapa do aeroporto internacional de guarulhos","0","1","0.00","3.00"
"mapa do aeroporto viracopos","0","2","0.00","7.00"
"mapa do estacionamento do aeroporto de confins","0","9","0.00","12.33"
"mapa do terminal 2 de guarulhos","0","3","0.00","1.00"
"mapa do terminal 2 do aeroporto de guarulhos","0","6","0.00","1.00"
"mapa dos parques de estacionamento do aeroporto do porto","0","1","0.00","3.00"
"mapa dos parques do aeroporto de lisboa","0","55","0.00","72.25"
"mapa dos portoes do aeroporto de guarulhos","0","5","0.00","1.20"
"mapa dos terminais do aeroporto de guarulhos","0","4","0.00","6.00"
"mapa embarque terminal 2 guarulhos","0","17","0.00","1.00"
"mapa estacionamento aeroporto confins","0","45","0.00","40.89"
"mapa estacionamento aeroporto curitiba","0","3","0.00","1.00"
"mapa estacionamento aeroporto faro","0","2","0.00","63.50"
"mapa estacionamento aeroporto guarulhos","0","3","0.00","1.00"
"mapa estacionamento aeroporto lisboa","0","9","0.00","43.11"
"mapa gru","0","3","0.00","6.67"
"mapa guarulhos aeroporto","0","4","0.00","9.25"
"mapa guarulhos terminal 2","0","6","0.00","1.00"
"mapa interno aeroporto guarulhos","0","1","0.00","1.00"
"mapa parques aeroporto lisboa","0","3","0.00","53.33"
"mapa parques ana aeroporto porto","0","1","0.00","4.00"
"mapa parques estacionamento aeroporto lisboa","0","1","0.00","11.00"
"mapa pista aeroporto guarulhos","0","5","0.00","1.00"
"mapa portoes aeroporto guarulhos","0","5","0.00","1.00"
"mapa portoes guarulhos","0","8","0.00","1.50"
"mapa portoes guarulhos terminal 2","0","14","0.00","1.00"
"mapa portoes terminal 2 guarulhos","0","10","0.00","1.00"
"mapa sao paulo guarulhos","0","1","0.00","44.00"
"mapa shopping internacional guarulhos","0","1","0.00","7.00"
"mapa terminais guarulhos","0","8","0.00","1.00"
"mapa terminal 1 guarulhos","0","19","0.00","1.21"
"mapa terminal 2 aeroporto guarulhos","0","4","0.00","1.50"
"mapa terminal 2 gru","0","4","0.00","1.00"
"mapa terminal 2 guarulhos desembarque","0","4","0.00","2.00"
"mapa terminal 3 guarulhos","0","1","0.00","5.00"
"marine park estacionamento","0","1","0.00","55.00"
"marte center estacionamento","0","1","0.00","59.00"
"mas barato","0","2","0.00","7.50"
"master park estacionamento","0","1","0.00","65.00"
"mav park","0","1","0.00","4.00"
"mave park","0","1","0.00","8.00"
"mavpark login","0","2","0.00","7.00"
"maxx estacionamento aeroporto salvador","0","1","0.00","3.00"
"mb parking","0","1","0.00","27.00"
"mc donalds aeroporto de congonhas","0","2","0.00","4.00"
"mcdonald's aeroporto de congonhas","0","4","0.00","4.00"
"mcdonald's aeroporto de congonhas localização","0","1","0.00","10.00"
"mcdonald's congonhas","0","6","0.00","33.17"
"mcdonalds aeroporto congonhas","0","1","0.00","1.00"
"me ajuda","0","1","0.00","2.00"
"me diga cupons","0","1","0.00","1.00"
"me envie o link","0","1","0.00","2.00"
"me fale os valores","0","1","0.00","2.00"
"me mostre em imagem","0","1","0.00","16.00"
"me mostre em imagens","0","1","0.00","5.00"
"me mostre fotos","0","1","0.00","3.00"
"me puedes mostrar imágenes","0","1","0.00","2.00"
"med park","0","2","0.00","56.50"
"med park estacionamento","0","5","0.00","56.40"
"med parking","0","2","0.00","12.50"
"media parking","0","1","0.00","2.00"
"melhor","0","1","0.00","7.00"
"melhor aeroporto de sao paulo","0","1","0.00","53.00"
"melhor aeroporto de são paulo","0","2","0.00","1.00"
"melhor avaliado","0","1","0.00","7.00"
"melhor custo beneficio estacionamento aeroporto guarulhos","0","1","0.00","10.00"
"melhor estacionamento","0","1","0.00","9.00"
"melhor estacionamento aeroporto campinas","0","1","0.00","1.00"
"melhor estacionamento aeroporto de guarulhos gru","0","24","0.00","12.96"
"melhor estacionamento aeroporto guarulhos gru","0","27","0.00","11.85"
"melhor estacionamento aeroporto guarulhos terminal 2","0","27","0.00","15.78"
"melhor estacionamento aeroporto porto alegre","0","47","0.00","16.60"
"melhor estacionamento aeroporto viracopos campinas","0","12","0.00","10.58"
"melhor estacionamento congonhas","0","18","0.00","3.06"
"melhor estacionamento de longa permanência perto do aeroporto de congonhas em são paulo","0","6","0.00","5.67"
"melhor estacionamento de longa permanência perto do aeroporto de guarulhos em 2025","0","3","0.00","8.67"
"melhor estacionamento de longa permanência perto do aeroporto de viracopos em campinas","0","4","0.00","3.75"
"melhor estacionamento em viracopos","0","27","0.00","5.30"
"melhor estacionamento guarulhos","0","56","0.00","7.57"
"melhor estacionamento na 25 de março","0","2","0.00","1.00"
"melhor estacionamento na liberdade","0","1","0.00","50.00"
"melhor estacionamento no aeroporto de guarulhos","0","2","0.00","11.50"
"melhor estacionamento show allianz parque","0","1","0.00","1.00"
"melhor estacionamento terminal 3 guarulhos gru","0","29","0.00","18.10"
"melhor opção de estacionamento coberto perto do aeroporto vcp para deixar o carro por uma semana","0","7","0.00","2.71"
"melhor parque aeroporto lisboa","0","342","0.00","43.00"
"melhor parque aeroporto porto","0","1","0.00","5.00"
"melhor parque estacionamento aeroporto lisboa","0","1","0.00","53.00"
"melhor parque estacionamento aeroporto porto","0","2","0.00","5.00"
"melhor plataforma para comparar e reservar estacionamento no aeroporto de guarulhos","0","5","0.00","6.80"
"melhor preço","0","3","0.00","3.67"
"melhor preço estacionamento aeroporto guarulhos","0","4","0.00","1.00"
"melhor restaurante aeroporto viracopos","0","8","0.00","30.13"
"melhores estacionamentos aeroporto guarulhos 2024","0","34","0.00","1.35"
"melhores estacionamentos aeroporto guarulhos 2026","0","59","0.00","38.15"
"melhores estacionamentos baratos com traslado perto do aeroporto de viracopos em 2026","0","11","0.00","6.73"
"melhores estacionamentos em viracopos","0","7","0.00","7.43"
"melhores estacionamentos perto do aeroporto de guarulhos","0","12","0.00","8.08"
"melhores opções de estacionamento 24h com reserva online perto do congonhas em são paulo","0","1","0.00","17.00"
"melhores restaurantes aeroporto viracopos","0","2","0.00","19.00"
"melhores restaurantes na pampulha","0","1","0.00","10.00"
"melhores restaurantes no aeroporto de guarulhos","0","1","0.00","6.00"
"melopark","0","1","0.00","4.00"
"membros da nato","0","1","0.00","3.00"
"menor","0","1","0.00","1.00"
"menor preço","0","1","0.00","5.00"
"menor preço.","0","1","0.00","2.00"
"mercado aeroporto guarulhos","0","1","0.00","5.00"
"mercado municipal de curitiba estacionamento","0","1","0.00","1.00"
"metapark estacionamento","0","7","0.00","41.00"
"metro aeroporto de lisboa","0","1","0.00","1.00"
"metro aeroporto guarulhos","0","1","0.00","1.00"
"metro aeroporto lisboa","0","1","0.00","1.00"
"metro cerca de mi","0","1","0.00","1.00"
"metro lisboa aeroporto","0","1","0.00","1.00"
"metro mais proximo a mim","0","1","0.00","1.00"
"metro mais próximo de mim","0","1","0.00","1.00"
"metro oriente aeroporto","0","1","0.00","1.00"
"metro para aeroporto de guarulhos","0","1","0.00","12.00"
"metro para congonhas","0","1","0.00","3.00"
"metro park","0","2","0.00","61.00"
"metro portugal lisboa","0","1","0.00","2.00"
"metro proximo ao aeroporto de congonhas","0","1","0.00","1.00"
"metropark","0","2","0.00","59.00"
"meu voo sai de madrugada pelo aeroporto de congonhas e não quero pagar caro para estacionar perto do terminal em são paulo","0","3","0.00","6.00"
"meu voo é de madrugada pelo aeroporto de guarulhos e não tenho como pedir carona — como chego ao aeroporto com o carro sem me preocupar?","0","1","0.00","7.00"
"mg estacionamento","0","1","0.00","1.00"
"milao aeroporto","0","1","0.00","1.00"
"minas gerais aeroporto","0","1","0.00","72.00"
"minas gerais confins","0","1","0.00","4.00"
"minas gerais tem quantos aeroportos","0","1","0.00","1.00"
"miopark","0","1","0.00","2.00"
"mjr estacionamento","0","1","0.00","47.00"
"mo park","0","6","0.00","5.00"
"mo park airport","0","1","0.00","63.00"
"mobi citi","0","266","0.00","8.17"
"mobi city guarulhos","0","254","0.00","6.76"
"mobi estacionamento","0","1","0.00","7.00"
"mobi park","0","91","0.00","7.81"
"mobi parking","0","2","0.00","6.00"
"mobicit congonhas","0","15","0.00","4.53"
"mobiciti","0","105","0.00","10.80"
"mobiciti congonhas - estacionamento fotos","0","44","0.00","8.91"
"mobiciti congonhas estacionamento","0","190","0.00","10.77"
"mobiciti congonhas sp","0","52","0.00","6.85"
"mobiciti estacionamento guarulhos","0","17","0.00","12.24"
"mobiciti guarulhos","0","32","0.00","27.84"
"mobiciti guarulhos - estacionamento em guarulhos","0","7","0.00","42.00"
"mobiciti parking","0","6","0.00","10.83"
"mobiciti parking facilities","0","4","0.00","11.50"
"mobicity congonhas sp","0","75","0.00","5.27"
"mobicity estacionamento","0","137","0.00","9.62"
"mobicity guarulhos","0","41","0.00","19.66"
"mobilidade recife park","0","82","0.00","11.17"
"mobilidade recife parking","0","1","0.00","3.00"
"mobipark estacionamento","0","2","0.00","9.50"
"mobipark estacionamentos","0","42","0.00","9.76"
"moderpark","0","1","0.00","1.00"
"modo park","0","1","0.00","6.00"
"mog park","0","1","0.00","9.00"
"mooviepark","0","4","0.00","2.75"
"mopt parking","0","1","0.00","35.00"
"morada aeroporto lisboa","0","7","0.00","46.71"
"morada do aeroporto de lisboa","0","37","0.00","10.86"
"mostrar fotos","0","1","0.00","17.00"
"motel aeroporto congonhas","0","1","0.00","21.00"
"motel proximo ao aeroporto de congonhas","0","1","0.00","5.00"
"motel próximo ao aeroporto de congonhas","0","1","0.00","5.00"
"motionpark","0","2","0.00","10.00"
"moto taxi","0","1","0.00","1.00"
"motéis em guarulhos","0","1","0.00","11.00"
"mov park","0","68","0.00","10.91"
"mov park macaé","0","1","0.00","36.00"
"mova park","0","1","0.00","8.00"
"move","0","2","0.00","5.50"
"move & co","0","3","0.00","8.00"
"move and park","0","1","0.00","32.00"
"move campinas","0","1","0.00","11.00"
"move co","0","1","0.00","11.00"
"move curitiba","0","1","0.00","11.00"
"move in park","0","3","0.00","3.33"
"move login","0","1","0.00","51.00"
"move pak","0","7","0.00","5.57"
"move park liloan","0","1","0.00","12.00"
"move park macae","0","4","0.00","40.25"
"move parque","0","8","0.00","7.63"
"move valet","0","3","0.00","6.33"
"moveiark","0","2","0.00","1.50"
"movement park","0","2","0.00","41.00"
"moven park","0","2","0.00","7.00"
"movenpark","0","6","0.00","2.50"
"movi park","0","1","0.00","3.00"
"movida - gru airport - guarulhos","0","2","0.00","2.00"
"movida aeroporto afonso pena","0","1","0.00","6.00"
"movida aeroporto congonhas endereço","0","1","0.00","1.00"
"movida aeroporto curitiba","0","75","0.00","16.69"
"movida aeroporto de congonhas","0","1","0.00","1.00"
"movida aeroporto de guarulhos","0","1","0.00","3.00"
"movida aeroporto guarulhos","0","5","0.00","3.00"
"movida aeroporto guarulhos endereço","0","1","0.00","1.00"
"movida aeroporto guarulhos terminal 3","0","2","0.00","1.50"
"movida aeroporto maceio","0","1","0.00","14.00"
"movida aeroporto viracopos campinas","0","1","0.00","4.00"
"movida belo horizonte aeroporto confins","0","1","0.00","3.00"
"movida congonhas","0","1","0.00","63.00"
"movida curitiba aeroporto","0","9","0.00","34.67"
"movida em guarulhos","0","1","0.00","2.00"
"movida guarulhos aeroporto","0","1","0.00","11.00"
"movida guarulhos aeroporto telefone","0","1","0.00","1.00"
"movida no aeroporto","0","1","0.00","10.00"
"movida no aeroporto de guarulhos","0","1","0.00","2.00"
"movida viracopos","0","1","0.00","35.00"
"movie park","0","4","0.00","7.75"
"movienpark","0","2","0.00","2.00"
"movil park","0","1","0.00","60.00"
"movin park","0","2","0.00","6.50"
"moving park","0","21","0.00","33.81"
"movinpark","0","1","0.00","3.00"
"movipark","0","16","0.00","6.13"
"movpark","0","8","0.00","18.13"
"movy park","0","1","0.00","52.00"
"mt cgb o que significa","0","1","0.00","11.00"
"muktipark","0","1","0.00","56.00"
"multi park","0","5","0.00","9.40"
"multi park confins","0","17","0.00","13.47"
"multi park congonhas","0","1","0.00","29.00"
"multicliente","0","1","0.00","6.00"
"multipark aero confins","0","116","0.00","12.81"
"multipark aeroporto congonhas","0","57","0.00","36.44"
"multipark aeroporto guarulhos","0","38","0.00","39.82"
"multipark congonhas","0","378","0.00","30.92"
"multipark estacionamento","0","11","0.00","33.00"
"multipark estacionamento campinas","0","1","0.00","1.00"
"multipark estacionamento confins","0","57","0.00","11.14"
"multipark estacionamento congonhas","0","5","0.00","11.00"
"multipark estacionamento guarulhos","0","90","0.00","50.03"
"multipark guarulhos","0","353","0.00","53.28"
"multipark telefone","0","1","0.00","1.00"
"multipark valongo","0","1","0.00","1.00"
"museu oscar niemeyer estacionamento","0","1","0.00","1.00"
"muve park","0","12","0.00","8.33"
"muviepark","0","1","0.00","3.00"
"muwipark","0","1","0.00","2.00"
"mv estacionamento","0","15","0.00","10.33"
"mv park","0","27","0.00","7.81"
"mv park estacionamento","0","2","0.00","34.50"
"mvpark","0","9","0.00","4.78"
"my park","0","1","0.00","12.00"
"my park estacionamento","0","17","0.00","65.12"
"my park estacionamento guarulhos","0","4","0.00","34.75"
"mypark estacionamento","0","2","0.00","49.00"
"na park","0","1","0.00","91.00"
"nacional park","0","1","0.00","9.00"
"natal airport estacionamento","0","4","0.00","1.25"
"nation estacionamento","0","43","0.00","5.86"
"nation park aeroporto","0","1","0.00","10.00"
"nation park aeroporto curitiba","0","16","0.00","3.56"
"nation parking","0","7","0.00","8.71"
"national park","0","5","0.00","2.80"
"national park estacionamento","0","30","0.00","29.57"
"national park service","0","1","0.00","1.00"
"nations park","0","11","0.00","6.55"
"nations parking","0","1","0.00","7.00"
"nav portugal e.p.e","0","1","0.00","3.00"
"navegantes","0","2","0.00","7.50"
"navegantes aeroporto","0","53","0.00","9.74"
"navegantes aeroporto internacional","0","1","0.00","11.00"
"navegantes santa catarina aeroporto","0","3","0.00","63.67"
"ne gru","0","2","0.00","71.00"
"nenhum desses funciona","0","1","0.00","3.00"
"neupark estacionamento ipiranga","0","4","0.00","37.00"
"new air park","0","1","0.00","28.00"
"new airpark","0","1","0.00","77.00"
"new park estacionamento","0","15","0.00","49.20"
"new park estacionamento florianópolis","0","1","0.00","39.00"
"nhpark","0","1","0.00","6.00"
"nikkei estacionamento","0","7","0.00","18.14"
"nikkey","0","1","0.00","1.00"
"nikkey estacionamento aeroporto","0","5","0.00","7.40"
"nikkey estacionamento aeroporto curitiba","0","11","0.00","6.82"
"nikkey estacionamento curitiba","0","15","0.00","5.80"
"no aeroporto","0","12","0.00","2.17"
"no aeroporto de confins","0","13","0.00","8.54"
"no aeroporto de congonhas","0","1","0.00","1.00"
"no aeroporto de guarulhos","0","3","0.00","23.67"
"no aeroporto de lisboa","0","19","0.00","10.05"
"no aeroporto tem?","0","1","0.00","5.00"
"no estacionamento","0","1","0.00","1.00"
"no terminal 1","0","1","0.00","1.00"
"nome aeroporto campinas","0","1","0.00","1.00"
"nome aeroporto confins","0","18","0.00","1.00"
"nome aeroporto de campinas","0","2","0.00","14.50"
"nome aeroporto de confins","0","3","0.00","1.00"
"nome aeroporto de curitiba","0","4","0.00","48.75"
"nome aeroporto de lisboa","0","120","0.00","15.42"
"nome aeroporto lisboa","0","261","0.00","12.95"
"nome de aeroporto de lisboa","0","18","0.00","9.17"
"nome de aeroporto de são paulo","0","1","0.00","1.00"
"nome do aeroporto de belo horizonte","0","1","0.00","3.00"
"nome do aeroporto de campinas","0","15","0.00","25.80"
"nome do aeroporto de campinas sp","0","2","0.00","25.50"
"nome do aeroporto de confins","0","82","0.00","4.54"
"nome do aeroporto de confins mg","0","2","0.00","1.00"
"nome do aeroporto de congonhas","0","7","0.00","70.43"
"nome do aeroporto de curitiba","0","4","0.00","7.50"
"nome do aeroporto de curitiba paraná","0","6","0.00","11.67"
"nome do aeroporto de guarulhos","0","3","0.00","15.00"
"nome do aeroporto de lisboa","0","1914","0.00","9.54"
"nome do aeroporto de lisboa portugal","0","331","0.00","12.35"
"nome do aeroporto de navegantes","0","11","0.00","48.91"
"nome do aeroporto de portugal","0","155","0.00","7.36"
"nome do aeroporto de viracopos","0","1","0.00","1.00"
"nome do aeroporto do porto portugal","0","1","0.00","3.00"
"nome do aeroporto internacional de lisboa","0","146","0.00","10.56"
"nome do aeroporto lisboa","0","2","0.00","6.00"
"nordeste park estacionamento da praça das artes salvador","0","1","0.00","5.00"
"nosso park estacionamento","0","1","0.00","1.00"
"nova parking","0","2","0.00","25.00"
"novo aeroporto de lisboa localização","0","10","0.00","13.00"
"novo aeroporto de lisboa mapa","0","1","0.00","2.00"
"novo aeroporto lisboa","0","1","0.00","12.00"
"novo aeroporto lisboa localização","0","5","0.00","12.60"
"novo aeroporto localização","0","1","0.00","13.00"
"npark","0","2","0.00","88.50"
"não entendi","0","1","0.00","4.00"
"número de telefone decolar","0","1","0.00","10.00"
"número do aeroporto de guarulhos","0","1","0.00","1.00"
"o aeroporto","0","42","0.00","26.71"
"o aeroporto de campinas","0","1","0.00","1.00"
"o aeroporto de confins","0","16","0.00","7.50"
"o aeroporto de confins fica em qual cidade","0","4","0.00","8.25"
"o aeroporto de confins fica onde","0","25","0.00","1.20"
"o aeroporto de curitiba é internacional","0","14","0.00","13.07"
"o aeroporto de guarulhos","0","1","0.00","4.00"
"o aeroporto de lisboa","0","8","0.00","11.75"
"o aeroporto de viracopos","0","2","0.00","1.00"
"o aeroporto de viracopos fica em qual cidade","0","2","0.00","1.00"
"o aeroporto de viracopos é internacional","0","1","0.00","1.00"
"o aeroporto viracopos fica onde","0","1","0.00","1.00"
"o cenário de lisboa","0","2","0.00","20.50"
"o de guarulhos","0","1","0.00","3.00"
"o estacionamento","0","1","0.00","11.00"
"o estacionamento do aeroporto é pago","0","3","0.00","4.33"
"o estacionamento oficial do gru está sempre cheio e caro demais — o que fazer antes de viajar de guarulhos?","0","2","0.00","2.00"
"o estacionamento é coberto?","0","2","0.00","1.50"
"o estacionamento é pago?","0","1","0.00","1.00"
"o mais barato","0","3","0.00","2.33"
"o primeiro avião","0","1","0.00","3.00"
"o que aconteceu no aeroporto de confins hoje","0","2","0.00","3.50"
"o que aconteceu no aeroporto de lisboa","0","1","0.00","11.00"
"o que comer no aeroporto de confins","0","1","0.00","1.00"
"o que comer no aeroporto de congonhas","0","1","0.00","1.00"
"o que comer no aeroporto de viracopos","0","2","0.00","25.50"
"o que e a cultura do cancelamento","0","1","0.00","140.00"
"o que e confins","0","1","0.00","1.00"
"o que está acontecendo no aeroporto de lisboa","0","3","0.00","11.67"
"o que fazer aeroporto guarulhos","0","4","0.00","51.50"
"o que fazer conexão em confins","0","2","0.00","34.00"
"o que fazer em campinas perto do aeroporto","0","1","0.00","36.00"
"o que fazer em campinas proximo ao aeroporto","0","1","0.00","1.00"
"o que fazer em confins","0","111","0.00","53.12"
"o que fazer em confins mg","0","4","0.00","1.00"
"o que fazer em guarulhos","0","3","0.00","2.33"
"o que fazer em guarulhos a noite","0","1","0.00","3.00"
"o que fazer em guarulhos enquanto espera o voo","0","2","0.00","1.00"
"o que fazer em guarulhos perto do aeroporto","0","1","0.00","1.00"
"o que fazer em guarulhos sp","0","1","0.00","3.00"
"o que fazer em guarulhos?","0","1","0.00","1.00"
"o que fazer em viracopos","0","12","0.00","23.00"
"o que fazer no aeroporto de campinas","0","2","0.00","25.50"
"o que fazer no aeroporto de confins","0","52","0.00","12.04"
"o que fazer no aeroporto de congonhas","0","12","0.00","38.50"
"o que fazer no aeroporto de congonhas enquanto espera","0","5","0.00","12.00"
"o que fazer no aeroporto de guarulhos","0","47","0.00","44.85"
"o que fazer no aeroporto de guarulhos enquanto espera","0","4","0.00","7.25"
"o que fazer no aeroporto de guarulhos enquanto espera o voo","0","2","0.00","38.00"
"o que fazer no aeroporto de viracopos","0","18","0.00","39.72"
"o que fazer perto do aeroporto de confins","0","1","0.00","2.00"
"o que fazer perto do aeroporto de guarulhos","0","3","0.00","2.33"
"o que fazer proximo ao aeroporto de guarulhos","0","2","0.00","1.00"
"o que fazer próximo ao aeroporto de confins","0","1","0.00","2.00"
"o que fazer próximo ao aeroporto de viracopos","0","7","0.00","53.43"
"o que fazer quando chegar no aeroporto de guarulhos","0","7","0.00","1.00"
"o que significa gru","0","1","0.00","2.00"
"o que significa vcp aeroporto","0","1","0.00","1.00"
"o que tem na sala vip do aeroporto de confins","0","1","0.00","3.00"
"o que tem no aeroporto de confins","0","15","0.00","6.87"
"o que tem no aeroporto de congonhas","0","46","0.00","12.78"
"o que tem no aeroporto de guarulhos","0","3","0.00","3.67"
"o que tem no aeroporto de navegantes","0","1","0.00","55.00"
"o que tem no aeroporto de viracopos","0","3","0.00","9.33"
"o que tem para fazer perto do aeroporto de guarulhos","0","1","0.00","3.00"
"o que tem perto do aeroporto de confins","0","1","0.00","2.00"
"o que tem perto do aeroporto de congonhas","0","1","0.00","3.00"
"o que tem perto do aeroporto de guarulhos","0","2","0.00","2.50"
"o que tem perto do aeroporto de viracopos","0","1","0.00","1.00"
"o que tem proximo ao aeroporto de guarulhos","0","3","0.00","2.00"
"o que é cgh aeroporto","0","1","0.00","1.00"
"o que é confins","0","3","0.00","5.67"
"o que é estacionamento valet","0","1","0.00","44.00"
"o que é uma gru","0","1","0.00","12.00"
"o que é valet","0","3","0.00","46.00"
"o que é vcp aeroporto","0","1","0.00","1.00"
"o que é viracopos","0","2","0.00","1.00"
"o'hare parking","0","2","0.00","19.50"
"o'que fazer no aeroporto de guarulhos","0","8","0.00","61.38"
"o'que significa vcp","0","1","0.00","1.00"
"oae aeroporto","0","1","0.00","18.00"
"oeste park estacionamento","0","6","0.00","65.83"
"offsite porto alegre","0","1","0.00","5.00"
"oficial","0","2","0.00","3.00"
"ohare parking","0","3","0.00","25.33"
"oiepark","0","3","0.00","53.00"
"ola","0","1","0.00","57.00"
"on park hotel e estacionamento traslado telefone","0","1","0.00","10.00"
"onde almocar em congonhas","0","1","0.00","5.00"
"onde almocar no aeroporto de congonhas","0","1","0.00","1.00"
"onde almoçar no aeroporto de congonhas","0","4","0.00","1.00"
"onde comer aeroporto confins","0","1","0.00","1.00"
"onde comer em viracopos","0","3","0.00","1.00"
"onde comer no aeroporto de congonhas","0","1","0.00","53.00"
"onde comer no aeroporto de guarulhos","0","1","0.00","2.00"
"onde comer no aeroporto de viracopos","0","1","0.00","43.00"
"onde comer terminal 2 guarulhos","0","3","0.00","1.00"
"onde deixar o carro","0","2","0.00","1.50"
"onde deixar o carro no aeroporto de brasilia","0","8","0.00","5.88"
"onde deixar o carro no aeroporto de confins","0","1","0.00","1.00"
"onde deixar o carro no aeroporto de curitiba","0","31","0.00","1.68"
"onde deixar o carro no aeroporto de lisboa","0","806","0.00","43.79"
"onde deixar o carro no aeroporto de porto alegre","0","2","0.00","1.00"
"onde deixar o carro no aeroporto do porto","0","1","0.00","4.00"
"onde deixo meu carro com segurança quando vou viajar por campinas?","0","21","0.00","9.48"
"onde descansar no aeroporto de confins","0","1","0.00","1.00"
"onde descansar no aeroporto de guarulhos","0","5","0.00","1.00"
"onde dormir no aeroporto de confins","0","2","0.00","3.00"
"onde dormir no aeroporto de congonhas","0","3","0.00","2.33"
"onde dormir no aeroporto de guarulhos","0","1","0.00","1.00"
"onde dormir no aeroporto de lisboa","0","1","0.00","4.00"
"onde dormir no aeroporto de viracopos","0","2","0.00","2.50"
"onde e confins","0","1","0.00","6.00"
"onde e vcp","0","2","0.00","1.00"
"onde estacionar","0","2","0.00","17.50"
"onde estacionar aeroporto congonhas","0","25","0.00","1.72"
"onde estacionar aeroporto guarulhos","0","275","0.00","38.09"
"onde estacionar aeroporto lisboa","0","10","0.00","40.20"
"onde estacionar gratis perto aeroporto lisboa","0","4","0.00","6.75"
"onde estacionar na rodoviaria do tiete","0","35","0.00","10.43"
"onde estacionar no aeroporto afonso pena","0","20","0.00","8.80"
"onde estacionar no aeroporto de brasilia","0","25","0.00","23.76"
"onde estacionar no aeroporto de confins","0","13","0.00","3.77"
"onde estacionar no aeroporto de guarulhos","0","232","0.00","22.54"
"onde estacionar no aeroporto de lisboa","0","207","0.00","57.74"
"onde estacionar no aeroporto de recife","0","22","0.00","8.18"
"onde estacionar no aeroporto salgado filho","0","20","0.00","6.70"
"onde estacionar no aeroporto santos dumont","0","15","0.00","3.27"
"onde estacionar no recife antigo","0","8","0.00","69.00"
"onde estacionar o carro no aeroporto de congonhas","0","1","0.00","1.00"
"onde estacionar o carro no aeroporto de guarulhos","0","17","0.00","1.29"
"onde estacionar perto do aeroporto de lisboa","0","10","0.00","27.40"
"onde estacionar perto do aeroporto de lisboa sem pagar","0","1","0.00","31.00"
"onde estacionar perto do morumbi","0","1","0.00","1.00"
"onde estacionar viracopos","0","3","0.00","1.67"
"onde estacionar?","0","2","0.00","5.00"
"onde está localizado","0","1","0.00","1.00"
"onde fica","0","3","0.00","1.67"
"onde fica a cidade de confins","0","6","0.00","10.83"
"onde fica a cidade de viracopos","0","1","0.00","1.00"
"onde fica a localiza no aeroporto de guarulhos","0","2","0.00","1.50"
"onde fica a movida no aeroporto de guarulhos","0","1","0.00","1.00"
"onde fica aeroporto afonso pena","0","169","0.00","8.02"
"onde fica aeroporto confins","0","52","0.00","8.04"
"onde fica aeroporto de confins","0","358","0.00","8.53"
"onde fica aeroporto de congonhas","0","8","0.00","73.13"
"onde fica aeroporto de cumbica","0","11","0.00","53.36"
"onde fica aeroporto de guarulhos","0","29","0.00","45.17"
"onde fica aeroporto de navegantes","0","7","0.00","58.57"
"onde fica aeroporto de viracopos","0","11","0.00","16.82"
"onde fica aeroporto vcp","0","1","0.00","1.00"
"onde fica aeroporto viracopos","0","12","0.00","32.75"
"onde fica afonso pena","0","2","0.00","7.50"
"onde fica bsb","0","14","0.00","9.21"
"onde fica bsb?","0","1","0.00","8.00"
"onde fica confins","0","44","0.00","50.36"
"onde fica confins minas gerais","0","1","0.00","82.00"
"onde fica confins?","0","1","0.00","86.00"
"onde fica congonhas aeroporto","0","6","0.00","68.83"
"onde fica localizado","0","1","0.00","9.00"
"onde fica localizado o aeroporto de confins","0","68","0.00","5.97"
"onde fica localizado o aeroporto de guarulhos","0","1","0.00","1.00"
"onde fica localizado o aeroporto de viracopos","0","1","0.00","1.00"
"onde fica localizado o aeroporto viracopos","0","1","0.00","2.00"
"onde fica o","0","1","0.00","12.00"
"onde fica o aeroporto","0","2","0.00","6.00"
"onde fica o aeroporto afonso pena","0","754","0.00","8.12"
"onde fica o aeroporto cnf","0","40","0.00","7.75"
"onde fica o aeroporto confins","0","119","0.00","6.76"
"onde fica o aeroporto cumbica","0","1","0.00","1.00"
"onde fica o aeroporto de belo horizonte","0","1","0.00","2.00"
"onde fica o aeroporto de confins","0","1065","0.00","8.23"
"onde fica o aeroporto de confins em belo horizonte","0","42","0.00","4.57"
"onde fica o aeroporto de confins minas gerais","0","9","0.00","2.33"
"onde fica o aeroporto de confins?","0","24","0.00","9.33"
"onde fica o aeroporto de congonhas","0","43","0.00","72.72"
"onde fica o aeroporto de congonhas e guarulhos","0","2","0.00","34.50"
"onde fica o aeroporto de cuiabá","0","1","0.00","7.00"
"onde fica o aeroporto de cumbica","0","19","0.00","43.26"
"onde fica o aeroporto de cumbica em são paulo","0","2","0.00","1.00"
"onde fica o aeroporto de curitiba","0","44","0.00","20.89"
"onde fica o aeroporto de guarulhos","0","34","0.00","48.94"
"onde fica o aeroporto de lisboa","0","57","0.00","7.19"
"onde fica o aeroporto de minas gerais","0","1","0.00","2.00"
"onde fica o aeroporto de navegantes","0","8","0.00","72.50"
"onde fica o aeroporto de portugal","0","1","0.00","2.00"
"onde fica o aeroporto de viracopos","0","64","0.00","15.25"
"onde fica o aeroporto de viracopos em sp","0","6","0.00","22.83"
"onde fica o aeroporto de viracopos em são paulo","0","7","0.00","1.00"
"onde fica o aeroporto humberto delgado","0","52","0.00","7.54"
"onde fica o aeroporto internacional afonso pena","0","177","0.00","6.29"
"onde fica o aeroporto internacional de curitiba","0","9","0.00","9.67"
"onde fica o aeroporto internacional de viracopos","0","7","0.00","16.86"
"onde fica o aeroporto internacional viracopos","0","3","0.00","1.00"
"onde fica o aeroporto tancredo neves","0","7","0.00","5.86"
"onde fica o aeroporto vcp","0","4","0.00","1.00"
"onde fica o aeroporto viracopos","0","32","0.00","19.75"
"onde fica o aeroporto viracopos em são paulo","0","3","0.00","1.00"
"onde fica o check in da latam em guarulhos","0","1","0.00","1.00"
"onde fica o madero no aeroporto de guarulhos","0","3","0.00","1.00"
"onde fica o starbucks no aeroporto de guarulhos","0","2","0.00","34.00"
"onde fica o terminal 1 do aeroporto salgado filho","0","1","0.00","3.00"
"onde fica o terminal 1 em congonhas","0","1","0.00","1.00"
"onde fica o terminal 2 no aeroporto de guarulhos","0","1","0.00","3.00"
"onde fica o terminal de onibus no aeroporto de guarulhos","0","1","0.00","15.00"
"onde fica viracopos","0","13","0.00","25.08"
"onde fica viracopos aeroporto","0","8","0.00","15.38"
"onde ficar perto do aeroporto de guarulhos","0","1","0.00","1.00"
"onde imprimir documentos no aeroporto de guarulhos","0","1","0.00","1.00"
"onde paga o estacionamento do aeroporto","0","1","0.00","11.00"
"onde pagar o estacionamento do aeroporto","0","6","0.00","8.83"
"onde pegar as malas no aeroporto de guarulhos","0","1","0.00","44.00"
"onde pegar o onibus passaro marron no aeroporto de guarulhos","0","1","0.00","1.00"
"onde pegar onibus no aeroporto de guarulhos","0","1","0.00","1.00"
"onde pegar uber no aeroporto de lisboa","0","2","0.00","8.50"
"onde posso estacionar","0","1","0.00","11.00"
"onde reservar estacionamento de aeroporto com melhor custo-benefício no brasil","0","1","0.00","1.00"
"onde tomar banho no aeroporto de guarulhos","0","1","0.00","3.00"
"onde é aeroporto vcp","0","1","0.00","1.00"
"onde é aeroporto viracopos","0","3","0.00","4.00"
"onde é confins","0","5","0.00","36.40"
"onde é o aeroporto afonso pena","0","2","0.00","11.00"
"onde é o aeroporto de confins","0","287","0.00","5.92"
"onde é o aeroporto de viracopos","0","21","0.00","6.10"
"onde é o aeroporto viracopos","0","4","0.00","1.00"
"onde é o desembarque internacional no aeroporto de guarulhos","0","2","0.00","1.00"
"onde é o estacionamento","0","1","0.00","8.00"
"onde é vcp","0","2","0.00","1.50"
"onde é viracopos","0","6","0.00","1.00"
"onde é viracopos aeroporto","0","1","0.00","1.00"
"onde é?","0","1","0.00","2.00"
"one park estacionamento","0","21","0.00","18.86"
"one park estacionamiento","0","3","0.00","8.00"
"one parking congonhas diária 45","0","1","0.00","6.00"
"one parking estacionamento","0","1","0.00","11.00"
"onepark congonhas","0","7","0.00","5.57"
"oneparkcongonhas","0","18","0.00","6.06"
"oneparking","0","15","0.00","8.87"
"onibus aeroporto","0","1","0.00","1.00"
"onibus aeroporto confins","0","2","0.00","2.00"
"onibus aeroporto curitiba","0","1","0.00","1.00"
"onibus aeroporto de guarulhos","0","1","0.00","1.00"
"onibus aeroporto guarulhos","0","6","0.00","1.50"
"onibus aeroporto viracopos","0","1","0.00","1.00"
"onibus conexao confins","0","1","0.00","2.00"
"onibus conexao confins viação","0","62","0.00","55.60"
"onibus conexão aeroporto confins","0","1","0.00","2.00"
"onibus confins aeroporto","0","10","0.00","61.90"
"onibus confins para bh","0","1","0.00","2.00"
"onibus da rodoviaria de bh para confins","0","1","0.00","1.00"
"onibus de belo horizonte para confins","0","1","0.00","1.00"
"onibus executivo aeroporto confins","0","2","0.00","36.50"
"onibus guarulhos","0","1","0.00","5.00"
"onibus guarulhos viracopos","0","1","0.00","2.00"
"onibus para aeroporto de guarulhos","0","1","0.00","1.00"
"onibus para viracopos campinas","0","1","0.00","1.00"
"onibus que sai do aeroporto de guarulhos","0","1","0.00","1.00"
"ops aeroporto","0","1","0.00","1.00"
"options+parking","0","1","0.00","5.00"
"opção particular","0","1","0.00","8.00"
"opções de estacionamento","0","2","0.00","6.00"
"oq significa vcp","0","1","0.00","1.00"
"oq é vcp","0","1","0.00","1.00"
"oriente aeroporto lisboa","0","1","0.00","2.00"
"os melhores","0","1","0.00","7.00"
"osasco tem aeroporto","0","1","0.00","1.00"
"ouro aeroporto guarulhos","0","1","0.00","2.00"
"outback aeroporto confins","0","2","0.00","1.00"
"outdoor parking near me","0","1","0.00","57.00"
"outlet imigrantes estacionamento valor","0","1","0.00","1.00"
"outras opções","0","2","0.00","3.50"
"outros","0","1","0.00","1.00"
"p l e n t y","0","1","0.00","61.00"
"p1 aeroporto lisboa","0","12","0.00","32.08"
"p2 aeroporto lisboa","0","2","0.00","58.50"
"p2 executive (lisboa)","0","1","0.00","1.00"
"p2 executive aeroporto lisboa","0","7","0.00","20.29"
"p3 aeroporto lisboa","0","9","0.00","48.89"
"p3 low cost plus","0","20","0.00","54.60"
"p3 low cost plus lisboa","0","6","0.00","53.50"
"p5 aeroporto lisboa","0","6","0.00","28.00"
"p6 aeroporto lisboa","0","10","0.00","45.40"
"pagar estacionamento aeroporto recife","0","2","0.00","11.50"
"pagar parquímetro online","0","1","0.00","62.00"
"pan park","0","1","0.00","49.00"
"pandora aeroporto lisboa","0","3","0.00","1.00"
"papo de aeroporto confins","0","1","0.00","59.00"
"para 1 mes","0","1","0.00","4.00"
"para 11 dias","0","1","0.00","8.00"
"para 2 horas","0","1","0.00","2.00"
"para 4 dias","0","1","0.00","6.00"
"para motos?","0","1","0.00","1.00"
"para são paulo","0","1","0.00","3.00"
"paragem flixbus aeroporto lisboa","0","1","0.00","1.00"
"parcare aeroport","0","1","0.00","59.00"
"parceiros estapar","0","1","0.00","2.00"
"parcheggio estacionamento","0","1","0.00","12.00"
"pare bem confins","0","2","0.00","1.00"
"pare estacionamento congonhas","0","11","0.00","10.91"
"pare estacionamento guarulhos","0","20","0.00","46.75"
"pare seguro aeroporto guarulhos","0","4","0.00","11.50"
"pare seguro estacionamento guarulhos","0","2","0.00","10.00"
"pare seguro guarulhos","0","4","0.00","36.50"
"parebem aeroporto","0","114","0.00","10.46"
"parebem aeroporto curitiba","0","10","0.00","11.20"
"parebem confins","0","4","0.00","19.00"
"parebem estacionamento","0","3","0.00","8.33"
"parebem fortaleza","0","8","0.00","7.50"
"park & co","0","1","0.00","11.00"
"park 22","0","3","0.00","6.33"
"park 222","0","51","0.00","5.29"
"park 222 estacionamento guarulhos","0","6","0.00","6.50"
"park 222 guarulhos","0","30","0.00","9.13"
"park aero","0","2","0.00","2.50"
"park aeroporto","0","24","0.00","40.67"
"park aeroporto lisboa","0","43","0.00","49.58"
"park and fly guarulhos","0","1","0.00","4.00"
"park bh","0","2","0.00","70.00"
"park board estacionamento aeroporto internacional guarulhos","0","67","0.00","36.01"
"park co","0","3","0.00","7.67"
"park confins aeroporto","0","1","0.00","10.00"
"park confins estacionamento lmg 800 km 11 5 confins/mg","0","60","0.00","8.30"
"park confins oficial - estacionamento 24h - lmg pedro leopoldo - mg","0","6","0.00","10.83"
"park confins oficial - estacionamento 24h pedro leopoldo","0","3","0.00","12.67"
"park confins oficial - estacionamento 24h pedro leopoldo - mg","0","1","0.00","21.00"
"park confins é bom","0","2","0.00","10.50"
"park confis estacionamento lmg 800 km 11,5 confins/mg","0","10","0.00","7.80"
"park corp estacionamentos","0","1","0.00","2.00"
"park estacionamento","0","34","0.00","9.53"
"park estacionamento aeroporto","0","18","0.00","10.78"
"park estacionamento aeroporto confins","0","2","0.00","15.00"
"park estacionamento campinas","0","1","0.00","1.00"
"park estacionamento guarulhos","0","30","0.00","51.37"
"park gru","0","1","0.00","2.00"
"park guarulhos","0","14","0.00","38.71"
"park indigo","0","17","0.00","7.24"
"park indigo br","0","1","0.00","9.00"
"park indigo estacionamento","0","6","0.00","8.50"
"park indigo guarulhos","0","35","0.00","11.06"
"park mobi","0","1","0.00","9.00"
"park mov","0","1","0.00","9.00"
"park move","0","13","0.00","3.15"
"park moving","0","1","0.00","9.00"
"park mundo estacionamento","0","4","0.00","9.00"
"park nation","0","3","0.00","4.67"
"park now","0","2","0.00","1.00"
"park one estacionamento","0","2","0.00","45.50"
"park one estacionamentos","0","3","0.00","45.67"
"park online","0","1","0.00","4.00"
"park place estacionamento","0","4","0.00","32.50"
"park santos dumont","0","12","0.00","39.00"
"park show estacionamento","0","1","0.00","13.00"
"park sul","0","1","0.00","3.00"
"park sul estacionamento navegantes","0","8","0.00","6.63"
"park urban","0","1","0.00","10.00"
"park via","0","3","0.00","7.00"
"park viracopos","0","44","0.00","20.61"
"park world estacionamentos","0","1","0.00","13.00"
"park.confins","0","1","0.00","11.00"
"park222","0","151","0.00","6.46"
"park222 guarulhos","0","8","0.00","6.50"
"parkconfins","0","307","0.00","12.99"
"parken terminal 2","0","1","0.00","86.00"
"parkindigo","0","204","0.00","6.93"
"parkindigo guarulhos","0","50","0.00","10.08"
"parkindigo.ca","0","1","0.00","47.00"
"parking","0","2","0.00","12.00"
"parking & storage emerson","0","1","0.00","9.00"
"parking 24hs","0","1","0.00","92.00"
"parking aeropark","0","1","0.00","4.00"
"parking aeroporto","0","137","0.00","61.26"
"parking aeroporto de faro","0","80","0.00","55.41"
"parking aeroporto de lisboa","0","14","0.00","54.43"
"parking aeroporto faro","0","476","0.00","43.92"
"parking aeroporto lisboa","0","2020","0.00","60.40"
"parking aeroporto lisboa low cost","0","314","0.00","38.44"
"parking aeroporto porto alegre","0","3","0.00","11.33"
"parking aeropuerto faro","0","1","0.00","47.00"
"parking aeropuerto lisboa","0","23","0.00","55.57"
"parking aeropuerto lisboa low cost","0","1","0.00","71.00"
"parking airport parking","0","14","0.00","62.86"
"parking ana","0","6","0.00","47.83"
"parking ana aeroporto lisboa","0","2","0.00","34.00"
"parking ana faro","0","3","0.00","58.67"
"parking ana lisboa","0","11","0.00","36.27"
"parking at airport","0","1","0.00","11.00"
"parking availability","0","2","0.00","47.50"
"parking barato lisboa","0","1","0.00","75.00"
"parking baratos lisboa","0","2","0.00","69.00"
"parking bp","0","1","0.00","5.00"
"parking br","0","1","0.00","7.00"
"parking by airport","0","1","0.00","59.00"
"parking cgh","0","42","0.00","34.00"
"parking company","0","1","0.00","1.00"
"parking confins","0","5","0.00","66.60"
"parking congonhas","0","5","0.00","12.40"
"parking economy","0","3","0.00","87.33"
"parking estacionamento","0","33","0.00","38.55"
"parking express","0","35","0.00","9.63"
"parking f viracopos","0","12","0.00","31.17"
"parking faro","0","3","0.00","47.67"
"parking for airport","0","1","0.00","88.00"
"parking garage","0","2","0.00","16.50"
"parking grand","0","1","0.00","9.00"
"parking gru","0","18","0.00","54.39"
"parking guarulhos","0","83","0.00","60.08"
"parking guarulhos airport","0","4","0.00","50.75"
"parking in yellow","0","2","0.00","38.00"
"parking indigo","0","2","0.00","7.00"
"parking issues","0","1","0.00","1.00"
"parking lisboa","0","21","0.00","62.71"
"parking lisboa aeroporto","0","13","0.00","64.08"
"parking lisboa aeropuerto","0","1","0.00","62.00"
"parking lisboa barato","0","2","0.00","69.00"
"parking low cost aeroporto lisboa","0","38","0.00","43.13"
"parking low cost lisboa","0","228","0.00","50.98"
"parking move","0","2","0.00","8.00"
"parking near lisbon airport","0","1","0.00","4.00"
"parking near me","0","3","0.00","9.00"
"parking nova","0","1","0.00","28.00"
"parking on site","0","2","0.00","6.50"
"parking open now","0","1","0.00","4.00"
"parking package","0","1","0.00","1.00"
"parking park","0","1","0.00","10.00"
"parking perto de mim","0","1","0.00","13.00"
"parking places","0","1","0.00","12.00"
"parking pt","0","1","0.00","57.00"
"parking red","0","1","0.00","57.00"
"parking reservation","0","2","0.00","5.00"
"parking reservations","0","1","0.00","68.00"
"parking rio de janeiro","0","1","0.00","12.00"
"parking réservé","0","1","0.00","57.00"
"parking santos dumont","0","13","0.00","27.08"
"parking shuttles","0","1","0.00","1.00"
"parking sites","0","1","0.00","2.00"
"parking storage near me","0","1","0.00","1.00"
"parking terminal 1 - estacionamento aeroporto","0","1","0.00","1.00"
"parking terminal 2","0","1","0.00","77.00"
"parking vcp","0","77","0.00","32.65"
"parkingdigo","0","1","0.00","7.00"
"parkingk aerodromio","0","1","0.00","28.00"
"parkivado","0","8","0.00","7.50"
"parkivado estacionamento","0","3","0.00","8.00"
"parkme","0","1","0.00","10.00"
"parkmundo","0","3","0.00","9.00"
"parkopedia","0","2","0.00","5.50"
"parkos lisboa","0","3","0.00","8.33"
"parkplatz gr","0","1","0.00","6.00"
"parkplätze in der nähe","0","1","0.00","9.00"
"parks login","0","1","0.00","6.00"
"parque","0","1","0.00","8.00"
"parque 1 aeroporto lisboa","0","18","0.00","45.72"
"parque 2 aeroporto lisboa","0","111","0.00","45.44"
"parque 222","0","3","0.00","7.00"
"parque 3 aeroporto lisboa","0","19","0.00","44.68"
"parque 5 aeroporto lisboa","0","33","0.00","69.97"
"parque 6 aeroporto lisboa","0","2","0.00","5.50"
"parque aero","0","5","0.00","4.80"
"parque aeroporto","0","327","0.00","60.22"
"parque aeroporto 5 euros","0","37","0.00","65.03"
"parque aeroporto ana","0","2","0.00","68.50"
"parque aeroporto campinas","0","20","0.00","10.40"
"parque aeroporto de faro","0","1","0.00","37.00"
"parque aeroporto de lisboa","0","1076","0.00","57.77"
"parque aeroporto faro","0","463","0.00","44.87"
"parque aeroporto lisboa","0","1572","0.00","59.85"
"parque aeroporto lisboa ana","0","24","0.00","29.42"
"parque aeroporto lisboa low cost","0","1824","0.00","58.37"
"parque aeroporto lisboa p3","0","2","0.00","40.50"
"parque aeroporto lisboa p5","0","32","0.00","66.31"
"parque aeroporto lisboa preço","0","47","0.00","37.45"
"parque aeroporto lisboa preços","0","507","0.00","82.85"
"parque aeroporto low cost","0","558","0.00","50.96"
"parque aeroporto porto","0","1","0.00","7.00"
"parque ana aeroporto","0","9","0.00","59.67"
"parque ana aeroporto lisboa","0","65","0.00","40.34"
"parque ana lisboa","0","4","0.00","77.00"
"parque carros aeroporto lisboa","0","4","0.00","63.25"
"parque central estacionamento","0","1","0.00","1.00"
"parque chegadas aeroporto lisboa","0","204","0.00","30.75"
"parque coberto aeroporto lisboa","0","3","0.00","33.67"
"parque coberto lisboa","0","1","0.00","30.00"
"parque confins","0","30","0.00","7.90"
"parque das cachoeiras congonhas","0","2","0.00","4.50"
"parque das águas","0","1","0.00","1.00"
"parque de congonhas","0","1","0.00","3.00"
"parque de estacionamento","0","1","0.00","1.00"
"parque de estacionamento aeroporto","0","552","0.00","68.25"
"parque de estacionamento aeroporto de lisboa","0","101","0.00","64.05"
"parque de estacionamento aeroporto faro","0","84","0.00","56.71"
"parque de estacionamento aeroporto lisboa","0","1820","0.00","59.49"
"parque de estacionamento aeroporto porto low cost","0","1","0.00","2.00"
"parque de estacionamento do aeroporto de lisboa","0","126","0.00","65.63"
"parque de estacionamento no aeroporto de lisboa","0","125","0.00","56.75"
"parque de estacionamento perto do aeroporto de lisboa","0","2","0.00","42.50"
"parque do aeroporto","0","50","0.00","45.04"
"parque do aeroporto de lisboa","0","2","0.00","29.50"
"parque do aeroporto lisboa","0","6","0.00","63.67"
"parque ecológico do tietê","0","1","0.00","3.00"
"parque ecológico do tietê estacionamento","0","3","0.00","3.00"
"parque ecológico do tietê tem estacionamento","0","2","0.00","3.50"
"parque estacionamento","0","2","0.00","40.00"
"parque estacionamento aeroporto","0","946","0.00","68.88"
"parque estacionamento aeroporto de lisboa","0","238","0.00","59.49"
"parque estacionamento aeroporto faro","0","257","0.00","44.70"
"parque estacionamento aeroporto lisboa","0","1699","0.00","60.95"
"parque estacionamento aeroporto lisboa low cost","0","17","0.00","44.00"
"parque estacionamento aeroporto lisboa partidas","0","1","0.00","3.00"
"parque estacionamento aeroporto madrid","0","1","0.00","2.00"
"parque estacionamento aeroporto porto","0","1","0.00","7.00"
"parque estacionamento aeroporto porto low cost","0","8","0.00","1.13"
"parque estacionamento ana aeroporto lisboa","0","1","0.00","35.00"
"parque estacionamento faro","0","1","0.00","54.00"
"parque estacionamento lisboa","0","1","0.00","65.00"
"parque estacionamento lisboa aeroporto","0","9","0.00","53.56"
"parque estacionamento low cost aeroporto lisboa","0","10","0.00","39.90"
"parque estacionamento navegante","0","1","0.00","2.00"
"parque indigo","0","1","0.00","12.00"
"parque lisboa aeroporto","0","15","0.00","46.87"
"parque longa duração aeroporto lisboa","0","1","0.00","80.00"
"parque low cost","0","273","0.00","43.92"
"parque low cost aeroporto","0","336","0.00","38.15"
"parque low cost aeroporto faro","0","19","0.00","44.74"
"parque low cost aeroporto lisboa","0","1925","0.00","55.86"
"parque low cost lisboa","0","5","0.00","39.40"
"parque mundo estacionamento","0","3","0.00","9.33"
"parque no aeroporto","0","18","0.00","51.56"
"parque no aeroporto de lisboa","0","153","0.00","58.44"
"parque no aeroporto lisboa","0","158","0.00","58.08"
"parque nora aeroporto lisboa","0","45","0.00","42.78"
"parque p1 aeroporto lisboa","0","7","0.00","1.00"
"parque p2 aeroporto lisboa","0","9","0.00","13.44"
"parque p2 aeroporto lisboa localização","0","1","0.00","42.00"
"parque p2 aeroporto lisboa preço","0","50","0.00","38.98"
"parque p3 aeroporto lisboa","0","9","0.00","53.56"
"parque p3 aeroporto lisboa localização","0","2","0.00","20.00"
"parque p3 aeroporto lisboa preço","0","28","0.00","41.89"
"parque p5 aeroporto lisboa","0","16","0.00","46.44"
"parque p5 lisboa","0","34","0.00","70.53"
"parque p6 aeroporto lisboa","0","72","0.00","6.96"
"parque partidas aeroporto faro","0","91","0.00","41.27"
"parque partidas aeroporto lisboa","0","182","0.00","15.55"
"parque perto do aeroporto","0","5","0.00","8.80"
"parque premium","0","1","0.00","8.00"
"parque terminal 1","0","1","0.00","1.00"
"parque viracopos","0","32","0.00","1.84"
"parqueadero 24 horas cerca de mi ubicación","0","1","0.00","1.00"
"parqueadero aeropark","0","1","0.00","3.00"
"parqueadero cerca a mi","0","1","0.00","10.00"
"parqueamento aeroporto","0","69","0.00","58.10"
"parqueamento aeroporto lisboa","0","25","0.00","44.12"
"parqueos","0","1","0.00","31.00"
"parques aeroporto","0","6","0.00","65.33"
"parques aeroporto de lisboa","0","12","0.00","63.75"
"parques aeroporto faro","0","52","0.00","51.19"
"parques aeroporto lisboa","0","267","0.00","54.83"
"parques aeroporto lisboa low cost","0","7","0.00","39.71"
"parques ana aeroporto lisboa","0","4","0.00","37.75"
"parques de estacionamento aeroporto","0","1","0.00","95.00"
"parques de estacionamento aeroporto de lisboa","0","99","0.00","56.03"
"parques de estacionamento aeroporto lisboa","0","99","0.00","62.45"
"parques de estacionamento no aeroporto de lisboa","0","1594","0.00","62.57"
"parques do aeroporto de lisboa","0","100","0.00","59.67"
"parques estacionamento aeroporto","0","4","0.00","66.50"
"parques estacionamento lisboa baratos","0","4","0.00","51.25"
"parques estacionamento perto de mim","0","1","0.00","1.00"
"parques low cost aeroporto lisboa","0","13","0.00","41.15"
"parques no aeroporto","0","16","0.00","70.75"
"parques no aeroporto de lisboa","0","4","0.00","55.50"
"particulares","0","1","0.00","4.00"
"passagem de confins para belo horizonte","0","1","0.00","1.00"
"passagem de ônibus tietê","0","1","0.00","3.00"
"passagem para aeroporto de confins","0","1","0.00","1.00"
"passagem para aeroporto de guarulhos","0","1","0.00","1.00"
"passaporte aeroporto lisboa","0","1","0.00","13.00"
"passaporte guarulhos","0","1","0.00","53.00"
"passeio guarulhos","0","1","0.00","1.00"
"passo a passo","0","1","0.00","2.00"
"passo a passo para escala noturna em guarulhos","0","3","0.00","9.00"
"passo fundo aeroporto","0","1","0.00","1.00"
"patio aeroporto","0","1","0.00","7.00"
"patio aerovalet","0","21","0.00","3.71"
"patrol one parking","0","2","0.00","22.00"
"pedagio para campinas valor","0","1","0.00","2.00"
"pedagio viracopos","0","1","0.00","1.00"
"pegasus portugal","0","1","0.00","1.00"
"pernambuco aeroportos","0","2","0.00","37.50"
"pernoite aeroporto guarulhos","0","2","0.00","1.00"
"pernoite estacionamento","0","3","0.00","1.00"
"pertim bhpark estacionamento","0","1","0.00","1.00"
"pertim confins","0","1","0.00","6.00"
"pertim estacionamento","0","1","0.00","3.00"
"pertim estacionamento confins","0","26","0.00","23.12"
"pertin estacionamento confins","0","3","0.00","24.67"
"pertinho estacionamento","0","1","0.00","2.00"
"perto do aeroporto","0","1","0.00","6.00"
"perto parking","0","2","0.00","1.00"
"pesquise valores","0","1","0.00","10.00"
"pictures","0","1","0.00","16.00"
"pina park estacionamento","0","1","0.00","58.00"
"pisolino aeroporto","0","1","0.00","1.00"
"pista aeroporto congonhas","0","1","0.00","39.00"
"pista aeroporto lisboa","0","1","0.00","2.00"
"pista congonhas tamanho","0","2","0.00","1.00"
"pista de guarulhos tamanho","0","2","0.00","1.00"
"pixleve","0","2","0.00","33.50"
"pizza hut aeroporto guarulhos","0","1","0.00","3.00"
"planet air park","0","2","0.00","48.50"
"plano aeropuerto guarulhos terminal 2","0","4","0.00","2.50"
"planta aeroporto guarulhos","0","36","0.00","16.25"
"planta aeroporto lisboa terminal 1","0","1","0.00","2.00"
"planta aeroporto viracopos","0","1","0.00","7.00"
"planta do aeroporto de guarulhos","0","4","0.00","2.25"
"planty park","0","12","0.00","7.75"
"plataformas de reserva de vaga de estacionamento aeroporto: como escolher a melhor?","0","5","0.00","4.40"
"plataformas rodoviaria tiete","0","3","0.00","52.33"
"plent park","0","1","0.00","6.00"
"plenty","0","8","0.00","25.88"
"plenty of parking","0","1","0.00","10.00"
"plenty park - estacionamento aeroporto congonhas","0","52","0.00","5.40"
"plenty park estacionamentos","0","44","0.00","9.70"
"plenty park fotos","0","3","0.00","11.00"
"plentypark","0","25","0.00","7.80"
"pode ajudar sim","0","1","0.00","6.00"
"pode deixar o carro no aeroporto","0","12","0.00","8.75"
"pode deixar o carro no estacionamento do aeroporto","0","2","0.00","6.00"
"pode pesquisar por favor","0","1","0.00","27.00"
"pode ser","0","1","0.00","6.00"
"point park estacionamento","0","1","0.00","90.00"
"polo parking","0","1","0.00","1.00"
"ponce estacionamento guarulhos","0","8","0.00","6.75"
"ponce park - estacionamento aeroporto guarulhos cumbica","0","218","0.00","23.14"
"ponce park - estacionamento aeroporto guarulhos cumbica fotos","0","5","0.00","4.60"
"ponce park - guarulhos airport","0","19","0.00","30.37"
"ponce park aeroporto guarulhos","0","1","0.00","8.00"
"ponce park atlanta","0","1","0.00","23.00"
"ponce park estacionamento","0","120","0.00","12.16"
"ponce park estacionamento aeroporto guarulhos cumbica","0","3","0.00","43.00"
"ponce park estacionamento guarulhos","0","9","0.00","8.44"
"ponce park gru","0","4","0.00","12.50"
"ponce park guarulhos é bom","0","6","0.00","1.67"
"ponce park é bom","0","2","0.00","25.00"
"ponce parking","0","25","0.00","11.60"
"poncepark","0","36","0.00","14.81"
"poncepark guarulhos","0","1","0.00","8.00"
"pone park","0","1","0.00","7.00"
"por dentro","0","1","0.00","1.00"
"por favor","0","1","0.00","5.00"
"por hr","0","1","0.00","8.00"
"por7","0","2","0.00","60.50"
"porsche grauimport","0","2","0.00","9.50"
"portal estacionamento","0","100","0.00","10.22"
"portal estacionamento aeroporto","0","3","0.00","8.00"
"portal estacionamento aeroporto florianópolis","0","12","0.00","8.42"
"portal estacionamento florianopolis","0","2","0.00","7.00"
"portal estacionamento florianópolis","0","24","0.00","7.46"
"portal estacionamento floripa","0","3","0.00","7.33"
"portal estacionamento preço","0","5","0.00","4.20"
"portal estacionamento valor","0","1","0.00","1.00"
"portal estacionamento valor diária","0","1","0.00","1.00"
"portao 15 congonhas","0","1","0.00","2.00"
"portao 250 guarulhos","0","1","0.00","1.00"
"portao 264 guarulhos","0","4","0.00","1.00"
"portao 265 guarulhos","0","1","0.00","1.00"
"portao 266 guarulhos","0","2","0.00","1.00"
"portao 3 aeroporto guarulhos","0","1","0.00","2.00"
"portao gate aeroporto guarulhos","0","1","0.00","1.00"
"portas de embarque aeroporto lisboa","0","1","0.00","28.00"
"portela aeroporto","0","1","0.00","2.00"
"portela aeroporto lisboa","0","1","0.00","2.00"
"portela airport","0","1","0.00","2.00"
"portela lisboa","0","1","0.00","1.00"
"porto de galinhas aeroporto","0","1","0.00","1.00"
"porto de galinhas tem aeroporto","0","1","0.00","1.00"
"porto de viracopos","0","1","0.00","1.00"
"porto estacionamento","0","1","0.00","39.00"
"porto estacionamentos","0","2","0.00","27.00"
"porto francisco sa carneiro","0","1","0.00","2.00"
"porto hills estacionamento","0","2","0.00","28.50"
"portoes terminal 2 gru","0","1","0.00","1.00"
"portugal aeroporto","0","17","0.00","36.12"
"portugal aeroporto internacional","0","4","0.00","44.50"
"portugal aeroporto lisboa","0","34","0.00","6.94"
"portugal airport","0","3","0.00","1.67"
"portugal lisboa aeroporto","0","5","0.00","5.80"
"portuguesa tiete","0","1","0.00","42.00"
"portugália airlines check-in","0","1","0.00","1.00"
"portão de embarque confins","0","1","0.00","3.00"
"portão de embarque internacional guarulhos","0","1","0.00","1.00"
"posso caminhar","0","1","0.00","3.00"
"posso deixar meu carro no aeroporto","0","46","0.00","12.98"
"posso deixar meu carro no estacionamento do aeroporto","0","1","0.00","1.00"
"posso deixar o carro no estacionamento do aeroporto","0","1","0.00","1.00"
"posso sair da sala de embarque e voltar","0","1","0.00","1.00"
"posto aeroporto","0","2","0.00","8.50"
"posto catarina","0","1","0.00","1.00"
"posto de gasolina aeroporto","0","1","0.00","1.00"
"posto de gasolina campinas","0","1","0.00","1.00"
"posto de gasolina perto de mim","0","1","0.00","1.00"
"posto mais perto","0","1","0.00","1.00"
"posto proximo ao aeroporto","0","1","0.00","7.00"
"posto viracopos","0","1","0.00","1.00"
"poupe park","0","28","0.00","50.21"
"pousada america aeroporto viracopos","0","2","0.00","5.00"
"pousada em campinas perto do aeroporto","0","1","0.00","2.00"
"pousada em guarulhos próximo ao aeroporto","0","1","0.00","2.00"
"pousada perto do aeroporto de congonhas","0","3","0.00","3.00"
"poverpark","0","1","0.00","4.00"
"pp park estacionamento montes claros","0","1","0.00","1.00"
"praca comandante linneu gomes, 100, 100 - vila congonhas, sp - são paulo, 04626911","0","2","0.00","3.00"
"praga","0","1","0.00","3.00"
"praça de alimentação aeroporto de guarulhos","0","1","0.00","1.00"
"praça santos dumont","0","1","0.00","1.00"
"pre flight parking","0","1","0.00","41.00"
"preciso de imagens","0","1","0.00","1.00"
"preciso de um cupom","0","1","0.00","1.00"
"preco aeroporto de guarulhos","0","1","0.00","1.00"
"preco da diaria","0","19","0.00","21.68"
"preco de estacionamento do aeroporto de guarulhos","0","117","0.00","43.06"
"preco diaria estacionamento aeroporto","0","10","0.00","9.10"
"preco diaria estacionamento guarulhos","0","91","0.00","23.03"
"preco do estacionamento aeroporto guarulhos","0","123","0.00","30.56"
"preco do estacionamento de congonhas","0","1","0.00","3.00"
"preco do estacionamento do aeroporto de guarulhos","0","18","0.00","40.00"
"preco do estacionamento em confins","0","14","0.00","1.14"
"preco do estacionamento galeao","0","4","0.00","5.50"
"preco estacionamento","0","2","0.00","10.00"
"preco estacionamento aeroporto","0","89","0.00","20.40"
"preco estacionamento aeroporto confins","0","1","0.00","1.00"
"preco estacionamento aeroporto congonhas","0","8","0.00","18.00"
"preco estacionamento aeroporto curitiba","0","1","0.00","1.00"
"preco estacionamento aeroporto de confins","0","8","0.00","11.38"
"preco estacionamento aeroporto de guarulhos","0","10","0.00","1.00"
"preco estacionamento aeroporto de salvador","0","2","0.00","1.00"
"preco estacionamento aeroporto de vitoria","0","1","0.00","2.00"
"preco estacionamento aeroporto floripa","0","1","0.00","2.00"
"preco estacionamento aeroporto guarulhos","0","121","0.00","31.46"
"preco estacionamento confins","0","5","0.00","9.40"
"preco estacionamento galeao","0","37","0.00","50.38"
"preco estacionamento gru terminal 3","0","43","0.00","38.74"
"preco estacionamento mercado central","0","1","0.00","1.00"
"preco estacionamento vcp","0","1","0.00","12.00"
"preco guarda volumes aeroporto guarulhos","0","1","0.00","56.00"
"preco mais barato","0","1","0.00","1.00"
"preco parque aeroporto","0","191","0.00","68.04"
"precos","0","1","0.00","5.00"
"preço diária estacionamento aeroporto viracopos","0","6","0.00","8.67"
"preço estacionamento aeroporto guarulhos 2026","0","6","0.00","9.50"
"preço estacionamento aeroporto guarulhos diária 2026","0","46","0.00","39.57"
"preço estacionamento aeroporto viracopos campinas","0","17","0.00","8.47"
"premium airport parking","0","2","0.00","10.00"
"premium estacionamento","0","34","0.00","16.91"
"premium estacionamento confins","0","56","0.00","7.70"
"premium park aeroporto","0","157","0.00","7.59"
"premium park aeroporto confins","0","19","0.00","8.84"
"premium park afonso pena","0","54","0.00","9.35"
"premium park estacionamento aeroporto confins","0","94","0.00","7.89"
"premium park estacionamento aeroporto curitiba","0","38","0.00","9.63"
"premium park estacionamento bh","0","4","0.00","8.75"
"premium park estacionamentos fotos","0","12","0.00","8.75"
"premium park service","0","1","0.00","28.00"
"premium parking","0","8","0.00","8.88"
"premium.park","0","74","0.00","6.77"
"premium.parking","0","1","0.00","5.00"
"premiumpark","0","582","0.00","7.09"
"premiun park","0","10","0.00","7.40"
"premiun parking","0","1","0.00","8.00"
"presidente castro pinto international airport","0","1","0.00","11.00"
"preço","0","7","0.00","4.29"
"preço aeroporto guarulhos estacionamento","0","62","0.00","33.00"
"preço certo aeroporto","0","1","0.00","60.00"
"preço da","0","1","0.00","13.00"
"preço da diaria do estacionamento aeroporto galeão","0","3","0.00","6.33"
"preço da diaria no estacionamento do aeroporto de guarulhos","0","87","0.00","35.60"
"preço da diária","0","2","0.00","7.50"
"preço de estacionamento","0","12","0.00","41.58"
"preço de estacionamento aeroporto de guarulhos","0","9","0.00","55.67"
"preço de estacionamento aeroporto guarulhos","0","14","0.00","42.57"
"preço de estacionamento no aeroporto","0","3","0.00","3.67"
"preço de estacionamento no aeroporto de confins","0","21","0.00","4.48"
"preço de estacionamento no aeroporto de curitiba","0","4","0.00","14.25"
"preço de estacionamento no aeroporto de guarulhos","0","245","0.00","40.41"
"preço de estacionamento no aeroporto de viracopos","0","8","0.00","12.13"
"preço diaria aeroporto guarulhos","0","60","0.00","25.78"
"preço diaria estacionamento aeroporto congonhas","0","35","0.00","1.00"
"preço diaria estacionamento aeroporto curitiba","0","10","0.00","8.90"
"preço diaria estacionamento aeroporto guarulhos","0","97","0.00","24.77"
"preço diária","0","1","0.00","5.00"
"preço diária estacionamento aeroporto de guarulhos","0","4","0.00","11.25"
"preço diária estacionamento confins","0","1","0.00","12.00"
"preço diária estacionamento congonhas","0","3","0.00","1.00"
"preço do estacionamento","0","2","0.00","6.00"
"preço do estacionamento aeroporto de congonhas","0","3","0.00","2.33"
"preço do estacionamento aeroporto de guarulhos","0","116","0.00","39.68"
"preço do estacionamento da rodoviária tietê","0","10","0.00","4.60"
"preço do estacionamento do aeroporto afonso pena","0","18","0.00","5.83"
"preço do estacionamento do aeroporto de brasilia","0","8","0.00","8.63"
"preço do estacionamento do aeroporto de confins","0","41","0.00","18.61"
"preço do estacionamento do aeroporto de congonhas","0","85","0.00","20.53"
"preço do estacionamento do aeroporto de fortaleza","0","7","0.00","5.29"
"preço do estacionamento do aeroporto de guarulhos","0","518","0.00","28.41"
"preço do estacionamento do aeroporto de recife","0","16","0.00","12.56"
"preço do estacionamento do aeroporto de salvador","0","11","0.00","8.91"
"preço do estacionamento do aeroporto de viracopos","0","75","0.00","10.25"
"preço do estacionamento do aeroporto galeão","0","18","0.00","33.11"
"preço do estacionamento do galeão","0","20","0.00","43.20"
"preço do estacionamento no aeroporto de confins","0","11","0.00","8.55"
"preço do estacionamento no aeroporto de congonhas","0","9","0.00","2.89"
"preço do estacionamento no aeroporto de guarulhos","0","192","0.00","30.45"
"preço do estacionamento no aeroporto do galeão","0","4","0.00","6.25"
"preço do estacionamento no aeroporto salgado filho","0","3","0.00","1.33"
"preço do estacionamento no galeão","0","35","0.00","42.14"
"preço estacionamento","0","80","0.00","30.43"
"preço estacionamento aeroporto brasilia","0","50","0.00","41.52"
"preço estacionamento aeroporto campinas","0","98","0.00","9.32"
"preço estacionamento aeroporto confins","0","152","0.00","16.97"
"preço estacionamento aeroporto congonhas","0","103","0.00","32.72"
"preço estacionamento aeroporto de brasilia","0","3","0.00","57.00"
"preço estacionamento aeroporto de confins","0","8","0.00","1.25"
"preço estacionamento aeroporto de congonhas","0","13","0.00","20.23"
"preço estacionamento aeroporto de guarulhos","0","147","0.00","31.69"
"preço estacionamento aeroporto de guarulhos gru 15 dias","0","18","0.00","16.72"
"preço estacionamento aeroporto de guarulhos gru 2026","0","32","0.00","14.13"
"preço estacionamento aeroporto faro","0","13","0.00","57.15"
"preço estacionamento aeroporto florianópolis","0","14","0.00","9.36"
"preço estacionamento aeroporto fortaleza","0","9","0.00","8.67"
"preço estacionamento aeroporto galeão","0","24","0.00","12.96"
"preço estacionamento aeroporto goiania","0","1","0.00","1.00"
"preço estacionamento aeroporto guarulhos gru 2026","0","16","0.00","14.56"
"preço estacionamento aeroporto guarulhos terminal 3","0","11","0.00","4.45"
"preço estacionamento aeroporto lisboa","0","154","0.00","56.46"
"preço estacionamento aeroporto natal","0","1","0.00","2.00"
"preço estacionamento aeroporto navegantes","0","62","0.00","7.39"
"preço estacionamento aeroporto porto alegre","0","14","0.00","3.86"
"preço estacionamento aeroporto recife","0","70","0.00","22.77"
"preço estacionamento aeroporto ribeirão preto","0","2","0.00","1.50"
"preço estacionamento aeroporto salgado filho","0","6","0.00","6.00"
"preço estacionamento aeroporto salvador","0","21","0.00","5.19"
"preço estacionamento aeroporto são josé do rio preto","0","6","0.00","9.50"
"preço estacionamento aeroporto vitória","0","9","0.00","8.11"
"preço estacionamento aeroporto várzea grande","0","4","0.00","1.00"
"preço estacionamento congonhas","0","350","0.00","27.36"
"preço estacionamento conjunto nacional","0","1","0.00","1.00"
"preço estacionamento dentro aeroporto confins","0","4","0.00","19.50"
"preço estacionamento galeao","0","7","0.00","48.86"
"preço estacionamento galeão","0","46","0.00","33.72"
"preço estacionamento gru","0","101","0.00","25.97"
"preço estacionamento guarulhos aeroporto","0","1","0.00","1.00"
"preço estacionamento ilha do mel","0","1","0.00","1.00"
"preço estacionamento rio sul","0","1","0.00","1.00"
"preço estacionamento rodoviária","0","1","0.00","1.00"
"preço estacionamento shopping tiete plaza","0","1","0.00","3.00"
"preço estacionamento terminal 2 guarulhos","0","2","0.00","1.00"
"preço estacionamento terminal 2 guarulhos gru 2026","0","6","0.00","14.00"
"preço estacionamento terminal 3 guarulhos","0","7","0.00","5.86"
"preço estacionamento terminal 3 guarulhos gru","0","6","0.00","15.33"
"preço estacionamento tiete plaza","0","1","0.00","3.00"
"preço estácionamento","0","1","0.00","10.00"
"preço médio","0","1","0.00","5.00"
"preço para deixar carro no aeroporto","0","3","0.00","20.00"
"preço parque aeroporto","0","48","0.00","53.00"
"preço parque aeroporto chegadas","0","31","0.00","59.81"
"preço parque aeroporto lisboa","0","259","0.00","60.80"
"preço parque aeroporto porto","0","15","0.00","73.40"
"preço parque estacionamento aeroporto porto","0","1","0.00","2.00"
"preço parque estacionamento chegadas aeroporto lisboa","0","122","0.00","54.34"
"preço parque p2 aeroporto lisboa","0","8","0.00","1.00"
"preço passagem guarulhos","0","1","0.00","1.00"
"preços","0","3","0.00","3.67"
"preços das diarias","0","1","0.00","2.00"
"preços de aero sleep repouso e banho","0","1","0.00","4.00"
"preços de comfort hotel guarulhos aeroporto","0","1","0.00","2.00"
"preços de fastsleep","0","1","0.00","2.00"
"preços de golden park campinas viracopos","0","1","0.00","6.00"
"preços de hotel pullman são paulo guarulhos airport","0","6","0.00","2.00"
"preços de hotel slaviero guarulhos","0","2","0.00","2.00"
"preços de ibis confins aeroporto","0","1","0.00","2.00"
"preços de ibis guarulhos aeroporto","0","3","0.00","2.00"
"preços de ibis sao paulo congonhas","0","2","0.00","2.00"
"preços de siesta box viracopos","0","2","0.00","2.00"
"preços de tryp by wyndham sao paulo guarulhos airport","0","1","0.00","2.00"
"preços estacionamento aeroporto confins","0","13","0.00","4.46"
"preços estacionamento aeroporto guarulhos","0","127","0.00","39.94"
"preços estacionamento aeroporto lisboa","0","2","0.00","52.00"
"preços estimados","0","2","0.00","4.00"
"preços parque aeroporto lisboa","0","2","0.00","46.00"
"prime estacionamento itajai","0","9","0.00","10.78"
"prime estacionamento santos","0","2","0.00","21.00"
"prime navegantes","0","110","0.00","9.06"
"prime park estacionamento","0","5","0.00","66.60"
"prime select","0","4","0.00","8.00"
"prime select estacionamento","0","161","0.00","10.37"
"primeselect","0","1","0.00","1.00"
"primium park","0","2","0.00","6.00"
"primo park","0","3","0.00","60.67"
"primordios estacionamento","0","2","0.00","6.00"
"principal aeroporto de lisboa","0","52","0.00","9.25"
"principal aeroporto de minas gerais","0","1","0.00","15.00"
"principal aeroporto de portugal","0","50","0.00","10.98"
"principal aeroporto do paraná","0","3","0.00","49.33"
"priority pass","0","1","0.00","12.00"
"prix parking aeroport","0","1","0.00","99.00"
"pro magno","0","1","0.00","4.00"
"pro park","0","2","0.00","12.00"
"pro park estacionamento","0","4","0.00","12.50"
"procon congonhas","0","1","0.00","1.00"
"programa de fidelidade","0","1","0.00","2.00"
"progress park","0","1","0.00","50.00"
"progress park estacionamento","0","7","0.00","67.57"
"promopark","0","2","0.00","3.00"
"promoção estacionamento aeroporto guarulhos","0","34","0.00","40.62"
"propark estacionamento","0","9","0.00","30.67"
"propark estacionamento aracaju","0","2","0.00","11.50"
"propark estacionamentos","0","2","0.00","49.00"
"próximo ao aeroporto","0","1","0.00","14.00"
"próximos","0","1","0.00","6.00"
"push park","0","5","0.00","6.80"
"pássaro marron aeroporto guarulhos terminal","0","13","0.00","1.00"
"pátio guarulhos valor diária","0","19","0.00","19.00"
"quais aeroportos de sao paulo","0","1","0.00","1.00"
"quais aeroportos tem em belo horizonte","0","1","0.00","3.00"
"quais aeroportos tem em curitiba","0","3","0.00","14.67"
"quais as outras opções","0","1","0.00","4.00"
"quais as vantagens de reservar estacionamento perto do congonhas com traslado gratuito em são paulo?","0","13","0.00","5.46"
"quais estacionamentos perto de viracopos oferecem traslado gratuito até o terminal?","0","28","0.00","5.39"
"quais lojas tem no aeroporto de congonhas","0","1","0.00","2.00"
"quais os melhores estacionamentos para o aeroporto de guarulhos","0","3","0.00","3.33"
"quais são as opções de estacionamento barato com van para o aeroporto de congonhas em são paulo?","0","2","0.00","3.00"
"quais são as vantagens de usar estacionamentos parceiros fora do aeroporto com traslado gratuito?","0","9","0.00","2.56"
"quais são os aeroportos de belo horizonte","0","1","0.00","3.00"
"quais são os aeroportos de são paulo","0","1","0.00","1.00"
"quais são os benefícios de usar um estacionamento privado com transfer perto do gru?","0","5","0.00","6.40"
"quais valores","0","1","0.00","1.00"
"qual a diferença do aeroporto de congonhas e guarulhos","0","1","0.00","62.00"
"qual a distancia do aeroporto de guarulhos para congonhas","0","1","0.00","1.00"
"qual a distância","0","1","0.00","1.00"
"qual a distância do aeroporto","0","1","0.00","1.00"
"qual a diária do estacionamento do aeroporto","0","6","0.00","5.67"
"qual a diária do estacionamento do aeroporto de guarulhos","0","8","0.00","2.38"
"qual a estação de metrô mais próxima do aeroporto de guarulhos","0","1","0.00","1.00"
"qual a extensão da pista do aeroporto de guarulhos","0","1","0.00","1.00"
"qual a maior pista de aeroporto do mundo","0","1","0.00","3.00"
"qual a media de valor","0","1","0.00","14.00"
"qual a melhor sala vip de guarulhos","0","1","0.00","1.00"
"qual a opção mais barata","0","1","0.00","1.00"
"qual a outra opção","0","1","0.00","2.00"
"qual a rodoviária mais próxima do aeroporto de guarulhos","0","1","0.00","2.00"
"qual a sigla do aeroporto de confins","0","4","0.00","5.00"
"qual a sigla do aeroporto de curitiba","0","1","0.00","1.00"
"qual a área do aeroporto de guarulhos","0","1","0.00","10.00"
"qual aeroporto","0","5","0.00","1.00"
"qual aeroporto de","0","1","0.00","11.00"
"qual aeroporto de belo horizonte","0","1","0.00","3.00"
"qual aeroporto de campinas","0","7","0.00","26.57"
"qual aeroporto de campinas sp","0","1","0.00","1.00"
"qual aeroporto de campinas são paulo","0","3","0.00","1.00"
"qual aeroporto de curitiba","0","48","0.00","11.04"
"qual aeroporto de lisboa","0","44","0.00","5.11"
"qual aeroporto de portugal","0","2","0.00","23.00"
"qual aeroporto de santa catarina","0","1","0.00","1.00"
"qual aeroporto de sao paulo capital","0","1","0.00","72.00"
"qual aeroporto do paraná","0","2","0.00","9.00"
"qual aeroporto em campinas","0","1","0.00","1.00"
"qual aeroporto fica em campinas","0","3","0.00","1.00"
"qual aeroporto fica mais perto do allianz parque","0","3","0.00","1.00"
"qual aeroporto fica mais próximo","0","1","0.00","11.00"
"qual aeroporto internacional de são paulo","0","1","0.00","1.00"
"qual aeroporto mais perto","0","1","0.00","20.00"
"qual aeroporto mais perto da 25 de março","0","1","0.00","1.00"
"qual aeroporto mais proximo","0","1","0.00","5.00"
"qual aeroporto mais proximo da 25 de março","0","2","0.00","1.00"
"qual aeroporto mais proximo de curitiba","0","2","0.00","1.00"
"qual aeroporto mais próximo","0","1","0.00","1.00"
"qual aeroporto mais próximo de campinas","0","1","0.00","1.00"
"qual aeroporto vcp sao paulo","0","2","0.00","1.00"
"qual aeroporto é maior guarulhos ou viracopos","0","1","0.00","1.00"
"qual aeroporto é o vcp","0","2","0.00","1.00"
"qual aeroporto é vcp","0","1","0.00","1.00"
"qual cidade fica o aeroporto de confins","0","10","0.00","3.40"
"qual cidade fica o aeroporto de viracopos","0","1","0.00","3.00"
"qual custo","0","1","0.00","4.00"
"qual e o aeroporto de campinas","0","1","0.00","1.00"
"qual estacionamento","0","1","0.00","4.00"
"qual estacionamento dentro do aeroporto de guarulhos","0","3","0.00","10.33"
"qual estacionamento dentro do aeroporto de viracopos","0","6","0.00","6.83"
"qual estacionamento mais proximo do aeroporto de guarulhos","0","20","0.00","16.55"
"qual estacionamento mais próximo do aeroporto de guarulhos","0","60","0.00","30.80"
"qual mais barato","0","1","0.00","2.00"
"qual melhor custo benefício?","0","1","0.00","3.00"
"qual melhor estacionamento aeroporto porto alegre","0","1","0.00","1.00"
"qual nome do aeroporto de campinas","0","1","0.00","18.00"
"qual nome do aeroporto de confins","0","1","0.00","1.00"
"qual nome do aeroporto de curitiba","0","2","0.00","13.50"
"qual nome do aeroporto de lisboa","0","30","0.00","6.00"
"qual o aeroporto de belo horizonte","0","1","0.00","1.00"
"qual o aeroporto de campinas","0","4","0.00","1.00"
"qual o aeroporto de campinas sp","0","1","0.00","1.00"
"qual o aeroporto de campinas são paulo","0","1","0.00","1.00"
"qual o aeroporto de curitiba","0","14","0.00","8.43"
"qual o aeroporto de lisboa","0","64","0.00","6.58"
"qual o aeroporto de portugal","0","5","0.00","1.20"
"qual o aeroporto de santa catarina","0","1","0.00","1.00"
"qual o aeroporto de sao paulo capital","0","1","0.00","1.00"
"qual o aeroporto internacional de lisboa","0","1","0.00","11.00"
"qual o aeroporto vcp","0","2","0.00","1.00"
"qual o cep do aeroporto de guarulhos","0","1","0.00","1.00"
"qual o cep?","0","1","0.00","6.00"
"qual o comprimento da pista de guarulhos","0","1","0.00","1.00"
"qual o endereço do aeroporto de confins","0","1","0.00","1.00"
"qual o endereço do aeroporto de guarulhos","0","2","0.00","12.00"
"qual o endereço do aeroporto santos dumont","0","1","0.00","3.00"
"qual o endereço?","0","1","0.00","3.00"
"qual o estacionamento com melhor custo-benefício no aeroporto de viracopos campinas em 2025?","0","9","0.00","8.78"
"qual o estacionamento do aeroporto de guarulhos","0","1","0.00","14.00"
"qual o estacionamento mais barato do aeroporto de confins","0","2","0.00","13.00"
"qual o estacionamento mais próximo","0","8","0.00","32.88"
"qual o estacionamento mais próximo do aeroporto de confins","0","2","0.00","6.00"
"qual o estacionamento mais próximo do aeroporto de guarulhos","0","64","0.00","31.88"
"qual o estacionamento oficial do aeroporto de congonhas","0","4","0.00","11.50"
"qual o estacionamento oficial do aeroporto de guarulhos","0","29","0.00","4.00"
"qual o estacionamento oficial do aeroporto de viracopos","0","2","0.00","1.00"
"qual o horário de atendimento","0","1","0.00","1.00"
"qual o maior aeroporto de portugal","0","3","0.00","1.00"
"qual o maior aeroporto do brasil","0","1","0.00","1.00"
"qual o maior aeroporto do mundo","0","1","0.00","3.00"
"qual o mais barato","0","1","0.00","4.00"
"qual o mais barato?","0","1","0.00","8.00"
"qual o mais indicado?","0","1","0.00","6.00"
"qual o mais recomendado","0","1","0.00","5.00"
"qual o melhor aeroporto","0","2","0.00","5.00"
"qual o melhor aeroporto de são paulo","0","1","0.00","1.00"
"qual o melhor custo beneficio?","0","1","0.00","3.00"
"qual o melhor custo-benefício?","0","1","0.00","2.00"
"qual o melhor estacionamento aeroporto viracopos","0","1","0.00","2.00"
"qual o melhor estacionamento no aeroporto de guarulhos","0","1","0.00","1.00"
"qual o melhor?","0","1","0.00","3.00"
"qual o nome do aeroporto de belo horizonte","0","2","0.00","2.00"
"qual o nome do aeroporto de campinas","0","7","0.00","26.14"
"qual o nome do aeroporto de confins","0","27","0.00","3.59"
"qual o nome do aeroporto de congonhas","0","6","0.00","60.17"
"qual o nome do aeroporto de curitiba","0","25","0.00","13.64"
"qual o nome do aeroporto de guarulhos","0","1","0.00","1.00"
"qual o nome do aeroporto de lisboa","0","1170","0.00","8.87"
"qual o nome do aeroporto de lisboa portugal","0","35","0.00","5.89"
"qual o nome do aeroporto de portugal","0","49","0.00","10.86"
"qual o nome do aeroporto de são paulo","0","1","0.00","1.00"
"qual o nome do aeroporto internacional de lisboa","0","43","0.00","2.35"
"qual o número do whatsapp","0","1","0.00","1.00"
"qual o preço","0","2","0.00","2.00"
"qual o preço aproximadamente?","0","1","0.00","3.00"
"qual o preço da diária?","0","1","0.00","4.00"
"qual o preço do estacionamento","0","2","0.00","6.50"
"qual o preço do estacionamento no aeroporto de guarulhos","0","84","0.00","20.71"
"qual o shopping mais próximo do aeroporto de guarulhos","0","1","0.00","3.00"
"qual o site oficial","0","1","0.00","2.00"
"qual o tamanho da pista do aeroporto de guarulhos","0","2","0.00","1.00"
"qual o tamanho da pista do aeroporto de viracopos","0","1","0.00","4.00"
"qual o tamanho do aeroporto de confins","0","15","0.00","1.00"
"qual o tamanho do aeroporto de congonhas","0","1","0.00","2.00"
"qual o tamanho do aeroporto de guarulhos","0","2","0.00","2.00"
"qual o tamanho do aeroporto de viracopos","0","1","0.00","1.00"
"qual o telefone da decolar","0","1","0.00","9.00"
"qual o terminal de embarque da azul em guarulhos","0","1","0.00","1.00"
"qual o terminal de embarque da gol em guarulhos","0","1","0.00","1.00"
"qual o terminal de embarque internacional em guarulhos","0","1","0.00","1.00"
"qual o terminal internacional de guarulhos","0","1","0.00","1.00"
"qual o terminal rodoviário mais próximo do aeroporto de guarulhos","0","1","0.00","1.00"
"qual o valor ?","0","1","0.00","5.00"
"qual o valor da diaria do estacionamento de congonhas","0","38","0.00","1.63"
"qual o valor da diaria do estacionamento do aeroporto","0","32","0.00","6.47"
"qual o valor da diária","0","2","0.00","6.50"
"qual o valor da diária ?","0","1","0.00","4.00"
"qual o valor da diária do estacionamento de guarulhos","0","50","0.00","39.98"
"qual o valor da diária do estacionamento do aeroporto de salvador","0","1","0.00","10.00"
"qual o valor da diária do estacionamento do galeão","0","1","0.00","3.00"
"qual o valor da diária no estacionamento do aeroporto","0","8","0.00","11.38"
"qual o valor da diária no estacionamento do aeroporto de guarulhos","0","71","0.00","23.48"
"qual o valor da diária para deixar o carro no aeroporto","0","33","0.00","2.58"
"qual o valor da hora do estacionamento do aeroporto de guarulhos","0","2","0.00","1.00"
"qual o valor de estacionamento no aeroporto de guarulhos","0","2","0.00","6.50"
"qual o valor de uma diária","0","1","0.00","8.00"
"qual o valor do estacionamento","0","2","0.00","4.50"
"qual o valor do estacionamento da rodoviária do tietê","0","43","0.00","10.37"
"qual o valor do estacionamento da rodoviária tietê","0","36","0.00","10.17"
"qual o valor do estacionamento de guarulhos","0","11","0.00","2.82"
"qual o valor do estacionamento dentro do aeroporto de guarulhos","0","3","0.00","4.67"
"qual o valor do estacionamento do aeroporto","0","30","0.00","20.63"
"qual o valor do estacionamento do aeroporto de brasília","0","17","0.00","7.00"
"qual o valor do estacionamento do aeroporto de campinas","0","2","0.00","1.00"
"qual o valor do estacionamento do aeroporto de florianópolis","0","5","0.00","2.80"
"qual o valor do estacionamento do aeroporto de fortaleza","0","15","0.00","3.93"
"qual o valor do estacionamento do aeroporto de guarulhos terminal 3","0","2","0.00","1.00"
"qual o valor do estacionamento do aeroporto de recife","0","21","0.00","14.38"
"qual o valor do estacionamento do aeroporto de salvador","0","11","0.00","9.64"
"qual o valor do estacionamento do aeroporto do galeão","0","1","0.00","2.00"
"qual o valor do estacionamento do aeroporto galeão","0","27","0.00","21.56"
"qual o valor do estacionamento do aeroporto salgado filho","0","7","0.00","8.57"
"qual o valor do estacionamento do aeroporto santos dumont","0","11","0.00","7.64"
"qual o valor do estacionamento do shopping","0","1","0.00","1.00"
"qual o valor do estacionamento no aeroporto","0","14","0.00","7.36"
"qual o valor do estacionamento no aeroporto de congonhas","0","47","0.00","3.00"
"qual o valor do estacionamento no aeroporto de guarulhos","0","251","0.00","23.73"
"qual o valor do estacionamento no aeroporto de viracopos","0","49","0.00","7.43"
"qual o valor do estacionamento no aeroporto de vitória","0","7","0.00","9.71"
"qual o valor do estacionamento no aeroporto do galeão","0","6","0.00","9.33"
"qual o valor do estacionamento no aeroporto galeão","0","3","0.00","9.00"
"qual o valor do estacionamento no porto de santos","0","1","0.00","53.00"
"qual o valor para deixar o carro no aeroporto","0","18","0.00","3.06"
"qual o valor para deixar o carro no aeroporto de guarulhos","0","1","0.00","10.00"
"qual o valor para deixar o carro no estacionamento do aeroporto","0","33","0.00","24.18"
"qual o valor?","0","2","0.00","4.00"
"qual o watts","0","1","0.00","2.00"
"qual rodoviária fica mais perto do aeroporto de guarulhos","0","1","0.00","3.00"
"qual rodoviária mais perto do aeroporto de guarulhos","0","1","0.00","1.00"
"qual seria o custo ?","0","1","0.00","3.00"
"qual shopping mais proximo do aeroporto de guarulhos","0","1","0.00","3.00"
"qual site?","0","1","0.00","4.00"
"qual terminal da arajet em guarulhos","0","1","0.00","3.00"
"qual terminal da azul em guarulhos","0","1","0.00","1.00"
"qual terminal de embarque da gol em guarulhos","0","1","0.00","1.00"
"qual terminal de guarulhos para voos internacionais","0","1","0.00","1.00"
"qual terminal desembarque internacional guarulhos","0","1","0.00","1.00"
"qual terminal embarque gol guarulhos","0","5","0.00","1.00"
"qual terminal internacional de guarulhos","0","2","0.00","1.00"
"qual terminal internacional em confins","0","3","0.00","4.33"
"qual terminal internacional guarulhos","0","1","0.00","1.00"
"qual terminal para voo internacional em guarulhos","0","1","0.00","1.00"
"qual valor","0","1","0.00","3.00"
"qual valor ?","0","1","0.00","3.00"
"qual valor da diaria","0","1","0.00","4.00"
"qual valor da diaria do estacionamento do aeroporto de guarulhos","0","77","0.00","36.97"
"qual valor da diaria no estacionamento do aeroporto de guarulhos","0","69","0.00","33.90"
"qual valor da diária","0","1","0.00","2.00"
"qual valor do estacionamento","0","3","0.00","3.00"
"qual valor do estacionamento aeroporto de guarulhos","0","4","0.00","4.00"
"qual valor do estacionamento do aeroporto","0","33","0.00","5.73"
"qual valor do estacionamento do aeroporto de brasilia","0","3","0.00","7.67"
"qual valor do estacionamento do aeroporto de confins","0","41","0.00","6.24"
"qual valor do estacionamento do aeroporto de congonhas","0","22","0.00","2.41"
"qual valor do estacionamento do aeroporto de curitiba","0","37","0.00","9.32"
"qual valor do estacionamento do aeroporto de porto alegre","0","1","0.00","1.00"
"qual valor do estacionamento do aeroporto de recife","0","7","0.00","8.00"
"qual valor do estacionamento do aeroporto de salvador","0","6","0.00","5.33"
"qual valor do estacionamento do aeroporto de viracopos","0","9","0.00","2.44"
"qual valor do estacionamento do galeao","0","9","0.00","7.89"
"qual valor do estacionamento no aeroporto de guarulhos","0","58","0.00","34.78"
"qual valor do estacionamento?","0","2","0.00","5.00"
"qual valor estacionamento aeroporto guarulhos","0","115","0.00","19.52"
"qual valor médio","0","1","0.00","3.00"
"qual valor para deixar carro no aeroporto","0","3","0.00","1.00"
"qual valor para deixar o carro no aeroporto","0","7","0.00","5.14"
"qual valor para deixar o carro no aeroporto de guarulhos","0","56","0.00","43.02"
"qual valor?","0","1","0.00","1.00"
"qual é a melhor locadora de veículos no aeroporto de são paulo guarulhos?","0","1","0.00","25.00"
"qual é o aeroporto de campinas","0","4","0.00","12.25"
"qual é o aeroporto de campinas são paulo","0","2","0.00","6.50"
"qual é o aeroporto de curitiba","0","58","0.00","11.47"
"qual é o aeroporto de lisboa","0","11","0.00","6.91"
"qual é o aeroporto de sao paulo capital","0","1","0.00","1.00"
"qual é o aeroporto de viracopos","0","1","0.00","1.00"
"qual é o aeroporto vcp","0","4","0.00","1.25"
"qual é o estacionamento dentro do aeroporto de confins","0","125","0.00","8.18"
"qual é o estacionamento dentro do aeroporto de guarulhos","0","57","0.00","46.04"
"qual é o estacionamento dentro do aeroporto de viracopos","0","67","0.00","4.24"
"qual é o estacionamento oficial do aeroporto de guarulhos","0","11","0.00","1.55"
"qual é o mais barato","0","1","0.00","3.00"
"qual é o melhor","0","2","0.00","11.50"
"qual é o nome do aeroporto de campinas","0","2","0.00","1.50"
"qual é o nome do aeroporto de confins","0","1","0.00","1.00"
"qual é o nome do aeroporto de curitiba","0","7","0.00","11.00"
"qual é o nome do aeroporto de guarulhos","0","1","0.00","1.00"
"qual é o nome do aeroporto de lisboa","0","178","0.00","12.07"
"qual é o preço?","0","1","0.00","7.00"
"qual é o tamanho do aeroporto de guarulhos","0","1","0.00","2.00"
"qual é o terminal da gol em guarulhos","0","5","0.00","1.00"
"qual é o terminal de embarque da gol em guarulhos","0","2","0.00","1.00"
"qual é o terminal internacional de guarulhos","0","7","0.00","1.00"
"qual é o valor","0","1","0.00","17.00"
"qual é o valor do estacionamento","0","1","0.00","10.00"
"qual é o valor do estacionamento do aeroporto de guarulhos","0","83","0.00","31.01"
"qual é o valor?","0","2","0.00","4.00"
"qual ônibus passa no aeroporto","0","1","0.00","1.00"
"quando abre check in gol","0","2","0.00","1.00"
"quando abriu o aeroporto de guarulhos","0","1","0.00","2.00"
"quando fazer check in gol","0","3","0.00","1.00"
"quando foi construído o aeroporto de congonhas","0","3","0.00","2.00"
"quando foi criado o aeroporto de congonhas","0","1","0.00","2.00"
"quando foi fundado o aeroporto de congonhas","0","1","0.00","2.00"
"quando foi inaugurado o aeroporto de confins","0","16","0.00","1.06"
"quando foi inaugurado o aeroporto de congonhas","0","1","0.00","2.00"
"quando foi inaugurado o aeroporto de viracopos","0","13","0.00","2.85"
"quando libera o check in da gol","0","2","0.00","1.00"
"quando o aeroporto de confins foi inaugurado","0","2","0.00","1.00"
"quando o aeroporto de congonhas foi inaugurado","0","1","0.00","2.00"
"quando pode fazer check in gol","0","1","0.00","1.00"
"quando posso fazer o check in da gol","0","2","0.00","1.00"
"quantas horas de carro","0","1","0.00","8.00"
"quantas pistas tem o aeroporto de lisboa","0","5","0.00","50.60"
"quantas vagas tem?","0","1","0.00","9.00"
"quanto","0","1","0.00","9.00"
"quanto custa","0","2","0.00","1.00"
"quanto custa a diaria","0","2","0.00","2.50"
"quanto custa a diaria do estacionamento do aeroporto de salvador","0","10","0.00","10.50"
"quanto custa a diaria do estacionamento no aeroporto de guarulhos","0","120","0.00","22.22"
"quanto custa a diaria no aeroporto de guarulhos","0","107","0.00","26.46"
"quanto custa a diaria no estacionamento do aeroporto de brasilia","0","4","0.00","7.25"
"quanto custa a diaria no estacionamento do aeroporto de congonhas","0","1","0.00","1.00"
"quanto custa a diaria no estacionamento do aeroporto de guarulhos","0","93","0.00","26.86"
"quanto custa a diaria no estacionamento do aeroporto de recife","0","7","0.00","9.00"
"quanto custa a diária de estacionamento no aeroporto de guarulhos","0","5","0.00","1.00"
"quanto custa a diária do estacionamento do aeroporto de guarulhos","0","65","0.00","34.48"
"quanto custa a diária no estacionamento do aeroporto de guarulhos","0","4","0.00","18.00"
"quanto custa a diária?","0","1","0.00","12.00"
"quanto custa a hora","0","1","0.00","6.00"
"quanto custa a hora no estacionamento do aeroporto de guarulhos","0","14","0.00","5.07"
"quanto custa a hora?","0","2","0.00","3.50"
"quanto custa deixar o carro no aeroporto de brasília","0","3","0.00","7.33"
"quanto custa deixar o carro no aeroporto de confins","0","20","0.00","3.40"
"quanto custa deixar o carro no aeroporto de guarulhos em 15 dias?","0","1","0.00","9.00"
"quanto custa deixar o carro no aeroporto de lisboa","0","2","0.00","1.00"
"quanto custa deixar o carro no aeroporto de porto alegre","0","3","0.00","1.33"
"quanto custa deixar o carro no aeroporto de recife","0","5","0.00","5.40"
"quanto custa deixar o carro no aeroporto de viracopos","0","331","0.00","7.82"
"quanto custa deixar o carro no aeroporto de vitoria","0","1","0.00","1.00"
"quanto custa deixar o carro no aeroporto do porto","0","1","0.00","1.00"
"quanto custa deixar o carro no estacionamento do aeroporto de guarulhos","0","1","0.00","1.00"
"quanto custa diaria estacionamento aeroporto guarulhos","0","79","0.00","31.96"
"quanto custa diaria estacionamento congonhas","0","3","0.00","1.00"
"quanto custa dormir no aeroporto de guarulhos","0","1","0.00","3.00"
"quanto custa estacionamento aeroporto","0","4","0.00","13.00"
"quanto custa estacionamento aeroporto brasilia","0","7","0.00","6.57"
"quanto custa estacionamento aeroporto guarulhos","0","86","0.00","27.10"
"quanto custa estacionamento aeroporto porto alegre","0","2","0.00","1.00"
"quanto custa estacionamento aeroporto recife","0","8","0.00","14.63"
"quanto custa estacionamento aeroporto viracopos","0","55","0.00","4.67"
"quanto custa estacionamento congonhas","0","1","0.00","1.00"
"quanto custa estacionamento do aeroporto de guarulhos","0","77","0.00","45.99"
"quanto custa estacionamento em viracopos","0","13","0.00","10.54"
"quanto custa estacionamento galeao","0","6","0.00","1.17"
"quanto custa estacionamento no aeroporto de confins","0","13","0.00","3.46"
"quanto custa estacionar em viracopos","0","5","0.00","6.60"
"quanto custa estacionar no aeroporto de confins","0","7","0.00","6.86"
"quanto custa estacionar no aeroporto de congonhas","0","62","0.00","31.08"
"quanto custa estacionar no aeroporto de guarulhos","0","145","0.00","35.15"
"quanto custa estacionar no aeroporto de salvador","0","1","0.00","11.00"
"quanto custa estacionar no aeroporto de viracopos","0","1","0.00","13.00"
"quanto custa estacionar no galeao","0","7","0.00","10.57"
"quanto custa o aeroporto de guarulhos","0","1","0.00","82.00"
"quanto custa o estacionamento","0","1","0.00","1.00"
"quanto custa o estacionamento da rodoviaria tiete","0","5","0.00","12.80"
"quanto custa o estacionamento do aeroporto","0","77","0.00","36.39"
"quanto custa o estacionamento do aeroporto de brasília","0","14","0.00","7.79"
"quanto custa o estacionamento do aeroporto de confins","0","31","0.00","3.23"
"quanto custa o estacionamento do aeroporto de curitiba","0","129","0.00","9.14"
"quanto custa o estacionamento do aeroporto de florianópolis","0","4","0.00","6.50"
"quanto custa o estacionamento do aeroporto de fortaleza","0","19","0.00","9.32"
"quanto custa o estacionamento do aeroporto de recife","0","24","0.00","12.33"
"quanto custa o estacionamento do aeroporto de salvador","0","21","0.00","9.14"
"quanto custa o estacionamento do aeroporto galeão","0","21","0.00","6.90"
"quanto custa o estacionamento do aeroporto salgado filho","0","1","0.00","1.00"
"quanto custa o estacionamento do aeroporto santos dumont","0","16","0.00","17.06"
"quanto custa o estacionamento do galeão","0","9","0.00","40.33"
"quanto custa o estacionamento no aeroporto","0","28","0.00","22.29"
"quanto custa o estacionamento no aeroporto de congonhas","0","31","0.00","3.10"
"quanto custa o estacionamento no aeroporto de florianópolis","0","2","0.00","11.50"
"quanto custa o estacionamento no aeroporto de guarulhos","0","152","0.00","19.26"
"quanto custa o estacionamento no aeroporto de porto alegre","0","2","0.00","1.00"
"quanto custa o estacionamento no aeroporto de viracopos","0","28","0.00","8.32"
"quanto custa o estacionamento no aeroporto do galeão","0","8","0.00","7.50"
"quanto custa o estacionamento no galeão","0","1","0.00","1.00"
"quanto custa o estacionamento?","0","4","0.00","7.50"
"quanto custa o parque no aeroporto de lisboa","0","1","0.00","8.00"
"quanto custa o parque no aeroporto de lisboa?","0","2","0.00","29.00"
"quanto custa o parque no aeroporto do porto","0","1","0.00","2.00"
"quanto custa para deixar o carro no aeroporto","0","50","0.00","19.86"
"quanto custa para deixar o carro no aeroporto de confins","0","12","0.00","2.75"
"quanto custa para deixar o carro no aeroporto de congonhas","0","13","0.00","2.77"
"quanto custa para deixar o carro no aeroporto de curitiba","0","56","0.00","8.05"
"quanto custa para deixar o carro no aeroporto de guarulhos","0","74","0.00","27.89"
"quanto custa para deixar o carro no aeroporto de porto alegre","0","1","0.00","1.00"
"quanto custa para deixar o carro no aeroporto de viracopos","0","1","0.00","1.00"
"quanto custa para deixar o carro no estacionamento do aeroporto","0","31","0.00","17.03"
"quanto custa para estacionar no aeroporto de guarulhos","0","46","0.00","40.22"
"quanto custa um aeroporto","0","1","0.00","2.00"
"quanto custa uma diária no estacionamento do aeroporto","0","10","0.00","6.80"
"quanto custa?","0","1","0.00","5.00"
"quanto e o estacionamento no aeroporto","0","44","0.00","4.05"
"quanto fica","0","1","0.00","10.00"
"quanto fica deixar o carro no aeroporto","0","12","0.00","4.50"
"quanto fica para deixar o carro no aeroporto de guarulhos","0","1","0.00","1.00"
"quanto paga no estacionamento do aeroporto","0","1","0.00","10.00"
"quanto sai a diária","0","1","0.00","1.00"
"quanto tempo pode ficar parado no aeroporto de guarulhos","0","2","0.00","1.00"
"quanto tempo pode ficar parado no desembarque do aeroporto","0","1","0.00","2.00"
"quanto tempo posso ficar parado no desembarque do aeroporto de guarulhos","0","1","0.00","1.00"
"quanto tempo tenho de estar no aeroporto antes do voo","0","1","0.00","1.00"
"quanto é a diaria do estacionamento do aeroporto de guarulhos","0","119","0.00","19.80"
"quanto é a diária","0","2","0.00","3.00"
"quanto é a diária do estacionamento do aeroporto","0","3","0.00","7.67"
"quanto é a diária para deixar o carro no aeroporto","0","13","0.00","2.85"
"quanto é a diária?","0","2","0.00","4.00"
"quanto é estacionamento no aeroporto","0","5","0.00","4.00"
"quanto é o estacionamento","0","1","0.00","3.00"
"quanto é o estacionamento do aeroporto de brasilia","0","2","0.00","6.00"
"quanto é o estacionamento do aeroporto de confins","0","1","0.00","11.00"
"quanto é o estacionamento do aeroporto de congonhas","0","19","0.00","1.05"
"quanto é o estacionamento do aeroporto de guarulhos","0","120","0.00","38.54"
"quanto é o estacionamento do aeroporto de recife","0","11","0.00","9.82"
"quanto é o estacionamento do aeroporto de salvador","0","4","0.00","9.25"
"quanto é o estacionamento do galeao","0","20","0.00","7.35"
"quanto é o estacionamento no aeroporto","0","3","0.00","1.00"
"quanto é o estacionamento no aeroporto de guarulhos","0","49","0.00","33.47"
"quanto é o estacionamento?","0","1","0.00","12.00"
"quanto é para deixar o carro no aeroporto","0","28","0.00","4.46"
"quanto é para deixar o carro no aeroporto de guarulhos","0","2","0.00","1.00"
"quantos aeroporto internacional tem no brasil","0","3","0.00","2.00"
"quantos aeroporto tem em belo horizonte","0","1","0.00","2.00"
"quantos aeroporto tem em campinas","0","6","0.00","26.33"
"quantos aeroporto tem em curitiba","0","44","0.00","21.41"
"quantos aeroporto tem em guarulhos","0","1","0.00","3.00"
"quantos aeroporto tem em lisboa","0","120","0.00","11.50"
"quantos aeroporto tem em recife","0","1","0.00","42.00"
"quantos aeroportos em lisboa","0","6","0.00","6.67"
"quantos aeroportos existem em lisboa","0","3","0.00","4.67"
"quantos aeroportos internacionais tem em lisboa","0","5","0.00","10.20"
"quantos aeroportos internacionais tem no brasil","0","1","0.00","1.00"
"quantos aeroportos tem curitiba","0","4","0.00","10.25"
"quantos aeroportos tem em campinas","0","12","0.00","33.17"
"quantos aeroportos tem em curitiba","0","29","0.00","30.17"
"quantos aeroportos tem em guarulhos","0","1","0.00","2.00"
"quantos aeroportos tem em lisboa","0","1319","0.00","11.00"
"quantos aeroportos tem em lisboa portugal","0","29","0.00","8.21"
"quantos aeroportos tem em lisboa?","0","139","0.00","8.93"
"quantos aeroportos tem em minas gerais","0","1","0.00","1.00"
"quantos aeroportos tem lisboa","0","65","0.00","7.82"
"quantos aeroportos tem portugal","0","1","0.00","3.00"
"quantos anos tem o aeroporto de confins","0","1","0.00","1.00"
"quantos anos tem o aeroporto de lisboa","0","29","0.00","9.31"
"quantos avioes voam por dia","0","1","0.00","3.00"
"quantos metros tem a pista do aeroporto de congonhas","0","1","0.00","1.00"
"quantos metros tem a pista do aeroporto de guarulhos","0","4","0.00","1.00"
"quantos portoes de embarque tem em confins","0","1","0.00","5.00"
"quantos portoes de embarque tem em congonhas","0","1","0.00","3.00"
"quantos portoes de embarque tem em guarulhos","0","16","0.00","7.00"
"quantos portoes tem em congonhas","0","1","0.00","1.00"
"quantos portoes tem no aeroporto de confins","0","58","0.00","4.33"
"quantos portoes tem no aeroporto de guarulhos","0","7","0.00","1.00"
"quantos portoes tem o aeroporto de guarulhos","0","1","0.00","1.00"
"quantos portões de embarque tem em guarulhos","0","1","0.00","1.00"
"quantos portões de embarque tem no aeroporto de guarulhos","0","1","0.00","1.00"
"quantos portões de embarque tem o aeroporto de confins","0","1","0.00","8.00"
"quantos portões de embarque tem o aeroporto de guarulhos","0","7","0.00","1.00"
"quantos portões tem no aeroporto de guarulhos","0","3","0.00","1.00"
"quantos portões tem o aeroporto de confins","0","74","0.00","3.85"
"quantos portões tem o aeroporto de guarulhos","0","3","0.00","1.67"
"quantos quilômetros do aeroporto","0","1","0.00","1.00"
"quantos terminais tem congonhas","0","1","0.00","1.00"
"quantos terminais tem em guarulhos","0","2","0.00","2.00"
"quantos terminais tem em viracopos","0","3","0.00","9.67"
"quantos terminais tem no aeroporto de guarulhos","0","170","0.00","11.72"
"quantos terminais tem o aeroporto de confins","0","21","0.00","9.86"
"quantos terminais tem o aeroporto de congonhas","0","9","0.00","56.78"
"quantos terminais tem o aeroporto de guarulhos","0","95","0.00","11.27"
"quantos terminais tem o aeroporto de lisboa","0","96","0.00","8.52"
"quantos terminais tem o aeroporto de viracopos","0","116","0.00","7.34"
"quantos terminais tem viracopos","0","3","0.00","1.00"
"quantos terminal tem o aeroporto de guarulhos","0","1","0.00","13.00"
"quarto para dormir no aeroporto de guarulhos","0","1","0.00","1.00"
"quatro dias","0","2","0.00","4.50"
"que aeroporto é vcp","0","2","0.00","1.00"
"que horas abre o aeroporto de congonhas","0","6","0.00","62.17"
"que horas abre o aeroporto de guarulhos","0","1","0.00","1.00"
"que horas abre o aeroporto de lisboa","0","4","0.00","10.75"
"que horas fecha o aeroporto de congonhas","0","1","0.00","2.00"
"que horas fecha o aeroporto de guarulhos","0","2","0.00","2.00"
"quem é o dono do aeroporto de guarulhos","0","2","0.00","2.00"
"queria o link","0","1","0.00","2.00"
"quero as 2 coisas","0","1","0.00","3.00"
"quero dar uma olhada","0","1","0.00","2.00"
"quero ir para o aeroporto","0","1","0.00","1.00"
"quero outras opções","0","1","0.00","3.00"
"quero saber","0","1","0.00","8.00"
"quero saber os valores","0","1","0.00","3.00"
"quero ver fotos","0","1","0.00","2.00"
"quinta do embaixador","0","2","0.00","4.00"
"quinta do embaixador guarulhos","0","1","0.00","3.00"
"r. antônio luchiari, 1100 – distrito industrial, campinas, sp, 13030-150","0","5","0.00","11.00"
"r. itanhomi, 89","0","4","0.00","10.25"
"r. joaquina de jesus, 745","0","110","0.00","9.87"
"r. joaquina de jesus, 745 - guarulhos","0","155","0.00","10.08"
"r. joaquina de jesus, 745 - guarulhos | são paulo - cep 07140-233","0","320","0.00","7.79"
"r. milton teodoro, 115, confins - mg, 33500-000, brasil","0","1","0.00","7.00"
"r. norberto de brito, 574 - centro, são josé dos pinhais - pr, 83005-290","0","20","0.00","3.45"
"ram classic","0","1","0.00","2.00"
"ramada hotel aeroporto viracopos","0","2","0.00","4.00"
"ramada hotel viracopos campinas","0","1","0.00","29.00"
"ranking dos aeroportos mais movimentados do brasil","0","1","0.00","1.00"
"rdu express parking","0","2","0.00","62.00"
"recife","0","1","0.00","7.00"
"recife park","0","22","0.00","28.68"
"recife rent a car","0","2","0.00","10.50"
"recife tem quantos aeroportos","0","1","0.00","44.00"
"recife, av. marechal mascarenhas de morais, 6133","0","21","0.00","11.14"
"reclame aqui bandeira park","0","1","0.00","7.00"
"reclame aqui virapark","0","1","0.00","11.00"
"recolha de carros aeroporto lisboa","0","2","0.00","45.00"
"red park","0","4","0.00","22.00"
"red park aeroporto lisboa","0","1","0.00","11.00"
"red park lisboa","0","4","0.00","32.50"
"red parking","0","25","0.00","54.44"
"red parking porto","0","2","0.00","68.50"
"rede expressos aeroporto lisboa","0","1","0.00","1.00"
"rede park estacionamento","0","2","0.00","55.50"
"redpark","0","610","0.00","17.43"
"redpark - estacionamento aeroporto de lisboa","0","31","0.00","9.23"
"redpark aeroporto lisboa","0","60","0.00","8.95"
"redpark aeroporto porto","0","1","0.00","39.00"
"redpark lisboa","0","103","0.00","11.78"
"redpark lisbon airport parking","0","274","0.00","36.37"
"redparking","0","1","0.00","30.00"
"regional parking","0","1","0.00","9.00"
"regras aeroporto congonhas","0","1","0.00","1.00"
"regras aeroporto de congonhas","0","1","0.00","1.00"
"renner aeroporto congonhas","0","8","0.00","7.00"
"renner aeroporto guarulhos","0","1","0.00","1.00"
"renner guarulhos aeroporto","0","2","0.00","1.00"
"renovo park","0","3","0.00","38.33"
"rent garage space near me","0","1","0.00","14.00"
"reserva aeroporto","0","7","0.00","8.43"
"reserva aeroporto guarulhos","0","12","0.00","33.58"
"reserva antecipada","0","1","0.00","9.00"
"reserva bandeira park","0","6","0.00","8.50"
"reserva de estacionamento","0","10","0.00","4.40"
"reserva de estacionamento no aeroporto de confins","0","2","0.00","1.00"
"reserva de parking","0","1","0.00","2.00"
"reserva de vagas estacionamento","0","69","0.00","62.71"
"reserva edificio garagem guarulhos","0","2","0.00","1.00"
"reserva estacionamento","0","1","0.00","5.00"
"reserva estacionamento aeroporto","0","40","0.00","11.45"
"reserva estacionamento aeroporto confins","0","57","0.00","44.81"
"reserva estacionamento aeroporto congonhas","0","9","0.00","16.11"
"reserva estacionamento aeroporto de brasilia","0","14","0.00","10.50"
"reserva estacionamento aeroporto fortaleza","0","1","0.00","1.00"
"reserva estacionamento aeroporto guarulhos terminal 3","0","6","0.00","46.17"
"reserva estacionamento aeroporto lisboa","0","5","0.00","41.60"
"reserva estacionamento aeroporto porto alegre","0","1","0.00","1.00"
"reserva estacionamento aeroporto recife","0","113","0.00","12.87"
"reserva estacionamento aeroporto salvador","0","2","0.00","3.50"
"reserva estacionamento aeroporto viracopos","0","55","0.00","3.64"
"reserva estacionamento congonhas","0","72","0.00","32.93"
"reserva estacionamento galeão","0","86","0.00","33.98"
"reserva estacionamento gru","0","17","0.00","60.18"
"reserva estacionamento guarulhos","0","23","0.00","52.65"
"reserva estacionamento viracopos","0","54","0.00","3.59"
"reserva fácil aeroporto","0","36","0.00","12.00"
"reserva online","0","3","0.00","8.33"
"reserva online estacionamento aeroporto guarulhos","0","4","0.00","1.50"
"reserva park","0","3","0.00","83.33"
"reserva parking aeropuerto","0","1","0.00","52.00"
"reserva parque aeroporto lisboa","0","5","0.00","62.40"
"reserva vaga","0","1","0.00","9.00"
"reserva vaga aeroporto guarulhos","0","1","0.00","18.00"
"reservar estacionamento","0","161","0.00","62.27"
"reservar estacionamento aeroporto","0","10","0.00","6.40"
"reservar estacionamento aeroporto brasilia","0","5","0.00","10.60"
"reservar estacionamento aeroporto confins","0","50","0.00","35.44"
"reservar estacionamento aeroporto congonhas","0","12","0.00","1.00"
"reservar estacionamento aeroporto curitiba","0","26","0.00","9.08"
"reservar estacionamento aeroporto galeao","0","4","0.00","16.00"
"reservar estacionamento aeroporto guarulhos","0","100","0.00","36.45"
"reservar estacionamento aeroporto lisboa","0","12","0.00","53.08"
"reservar estacionamento aeroporto natal","0","8","0.00","1.25"
"reservar estacionamento aeroporto porto alegre","0","4","0.00","28.25"
"reservar estacionamento beira-rio","0","1","0.00","62.00"
"reservar estacionamento guarulhos","0","1","0.00","1.00"
"reservar lugar de estacionamento","0","3","0.00","70.00"
"reservar parque aeroporto faro","0","28","0.00","51.29"
"reservar parque aeroporto lisboa","0","138","0.00","64.07"
"reservar vaga aeroporto guarulhos","0","2","0.00","7.50"
"reservas online","0","2","0.00","3.00"
"reserve fácil aeroporto","0","117","0.00","9.31"
"reserve move","0","1","0.00","17.00"
"reserve online","0","2","0.00","5.00"
"reserve parking","0","5","0.00","4.40"
"reserve sua vaga","0","2","0.00","10.50"
"reserved parking","0","1","0.00","1.00"
"reservevaparks","0","1","0.00","17.00"
"resopark","0","1","0.00","55.00"
"restaurante aeroporto confins","0","1","0.00","3.00"
"restaurante aeroporto congonhas","0","3","0.00","1.00"
"restaurante aeroporto de congonhas","0","1","0.00","1.00"
"restaurante aeroporto viracopos","0","1","0.00","3.00"
"restaurante barato aeroporto guarulhos","0","1","0.00","3.00"
"restaurante comida mineira pampulha","0","1","0.00","2.00"
"restaurante congonhas","0","1","0.00","1.00"
"restaurante gru guarulhos","0","1","0.00","9.00"
"restaurante no aeroporto de confins","0","2","0.00","2.00"
"restaurante pampulha","0","1","0.00","7.00"
"restaurante perto do aeroporto de guarulhos","0","1","0.00","2.00"
"restaurantes aeroporto congonhas","0","1","0.00","3.00"
"restaurantes aeroporto congonhas embarque","0","1","0.00","1.00"
"restaurantes aeroporto guarulhos","0","2","0.00","62.00"
"restaurantes aeroporto lisboa terminal 2","0","2","0.00","1.00"
"restaurantes aeroporto viracopos","0","3","0.00","3.00"
"restaurantes aeroporto viracopos campinas","0","1","0.00","46.00"
"restaurantes em confins","0","1","0.00","2.00"
"restaurantes em guarulhos","0","1","0.00","2.00"
"restaurantes em viracopos","0","2","0.00","3.50"
"restaurantes gru airport","0","1","0.00","89.00"
"restaurantes gru terminal 3","0","1","0.00","1.00"
"restaurantes na pampulha","0","1","0.00","3.00"
"restaurantes no aeroporto de confins","0","1","0.00","3.00"
"restaurantes no aeroporto de viracopos","0","3","0.00","3.00"
"restaurantes terminal 3","0","1","0.00","1.00"
"restaurantes terminal 3 gru","0","1","0.00","1.00"
"rideshare parking","0","2","0.00","37.50"
"rio aeroporto hotel","0","1","0.00","4.00"
"rio de janeiro","0","1","0.00","12.00"
"rio galeao estacionamento","0","4","0.00","16.50"
"rio park estacionamento","0","1","0.00","50.00"
"riogaleão estacionamento","0","21","0.00","30.19"
"rivapark","0","3","0.00","6.00"
"river park estacionamento","0","5","0.00","40.60"
"rod santos dumont, sp075, jardim aeroport","0","1","0.00","1.00"
"rodovia helio smidt s/n aeroporto","0","2","0.00","1.00"
"rodovia helio smidt terminal 3","0","1","0.00","90.00"
"rodovia santos dumont campinas","0","1","0.00","1.00"
"rodovia santos dumont km 66","0","1","0.00","1.00"
"rodovia santos dumont km 66 - parque viracopos campinas - sp","0","1","0.00","4.00"
"rodovia santos dumont km 66 - parque viracopos campinas - sp cep","0","2","0.00","1.00"
"rodovia santos dumont km 66 km 66 - jardim aeroporto de campinas","0","5","0.00","1.40"
"rodovia santos dumont, km 66, km 66 - jardim aeroporto de campinas, sp - campinas, 13052901","0","8","0.00","1.00"
"rodoviaria campinas a viracopos","0","2","0.00","1.00"
"rodoviaria campinas ate aeroporto viracopos","0","1","0.00","2.00"
"rodoviaria curitiba estacionamento","0","1","0.00","3.00"
"rodoviaria de campinas x aeroporto viracopos","0","1","0.00","1.00"
"rodoviaria de guarulhos","0","1","0.00","1.00"
"rodoviaria do tietê","0","1","0.00","2.00"
"rodoviaria mais próximo do aeroporto de guarulhos","0","1","0.00","1.00"
"rodoviaria nova iguacu","0","1","0.00","1.00"
"rodoviaria tiete","0","2","0.00","1.00"
"rodoviaria tiete aeroporto guarulhos uber","0","1","0.00","1.00"
"rodoviaria tiete desembarque","0","3","0.00","2.00"
"rodoviaria tiete embarque e desembarque","0","1","0.00","2.00"
"rodoviaria tiete endereco","0","1","0.00","42.00"
"rodoviaria tiete fica em qual zona","0","1","0.00","12.00"
"rodoviaria tiete guarda volumes","0","3","0.00","52.33"
"rodoviaria tiete metro","0","1","0.00","1.00"
"rodoviaria tiete plataformas","0","1","0.00","93.00"
"rodoviaria tiete sp","0","1","0.00","3.00"
"rodoviaria tiete tem estacionamento","0","87","0.00","9.66"
"rodoviario do tiete","0","1","0.00","87.00"
"rodoviária de campinas para aeroporto viracopos","0","1","0.00","1.00"
"rodoviária de campinas tem estacionamento","0","2","0.00","2.00"
"rodoviária de curitiba estacionamento","0","1","0.00","14.00"
"rodoviária dentro do aeroporto de guarulhos","0","2","0.00","1.00"
"rodoviária do aeroporto de guarulhos","0","1","0.00","1.00"
"rodoviária do tietê","0","2","0.00","3.50"
"rodoviária do tietê estacionamento","0","14","0.00","9.93"
"rodoviária do tietê sp","0","1","0.00","4.00"
"rodoviária marginal tietê são paulo","0","1","0.00","2.00"
"rodoviária novo rio tem estacionamento","0","1","0.00","2.00"
"rodoviária tiete estacionamento","0","28","0.00","11.43"
"rodoviária tietê estacionamento","0","224","0.00","12.67"
"rodoviária tietê são paulo","0","1","0.00","3.00"
"rodoviária tietê são paulo endereço","0","1","0.00","2.00"
"romero park estacionamento","0","1","0.00","24.00"
"rua afonso pena curitiba","0","1","0.00","10.00"
"rua antonio luchiari 1100 campinas","0","32","0.00","8.88"
"rua antônio luchiari 1100 distrito industrial / campinas","0","19","0.00","8.32"
"rua antônio luchiari 1100 distrito industrial campinas","0","1","0.00","10.00"
"rua antônio luchiari 1100 distrito industrial campinas sp","0","16","0.00","10.31"
"rua antônio luchiari, 1100, distrito industrial, campinas, sp","0","113","0.00","8.91"
"rua areial 115 guarulhos","0","13","0.00","9.85"
"rua baronesa de bela vista 228","0","12","0.00","4.08"
"rua baronesa de bela vista, 228","0","13","0.00","4.77"
"rua do aeroporto de guarulhos","0","1","0.00","1.00"
"rua engenheiro albert leimer 538 guarulhos sp","0","2","0.00","32.00"
"rua gumercino ribeiro dos santos, 1100, alto dos ribeiros – confins mg","0","14","0.00","8.71"
"rua itanhomi 89 guarulhos","0","2","0.00","8.50"
"rua jamil joão zarif aeroporto","0","2","0.00","60.00"
"rua joaquina de jesus 745","0","6","0.00","12.50"
"rua joaquina de jesus 745 guarulhos sp","0","34","0.00","10.06"
"rua joaquina de jesus, 745, guarulhos, sp","0","15","0.00","10.93"
"rua lapa vermelha, 180 - confins/mg","0","348","0.00","6.56"
"rua major quedinho","0","1","0.00","1.00"
"rua milton teodoro 115 confins","0","125","0.00","8.92"
"rua milton teodoro n° 115 confins/mg","0","12","0.00","10.25"
"rua nhu guaçu 211","0","97","0.00","9.47"
"rua pedro de toledo 480 – jardim santa lidia – guarulhos","0","24","0.00","10.08"
"rua pedro de toledo, 480 – jardim santa lidia – guarulhos são paulo - brasil cep: 07140-000","0","214","0.00","8.03"
"rua pernambuco 162 guarulhos","0","1","0.00","11.00"
"rua renascença 103","0","5","0.00","16.40"
"rua renascença, 103, 103 - santo amaro, sp - são paulo,","0","1","0.00","3.00"
"rua viracopos 64","0","11","0.00","8.55"
"rua voluntarios da patria 344","0","6","0.00","29.17"
"rua voluntários da pátria 498","0","1","0.00","9.00"
"rua voluntários da pátria, 498 garage inn","0","4","0.00","8.00"
"rua waldemar amstalden, 400","0","47","0.00","4.36"
"rua zacarias de góis 1881","0","30","0.00","7.10"
"rua zacarias de góis, 1859","0","36","0.00","9.44"
"rua zacarias de góis, 1881","0","75","0.00","6.56"
"ruby hotel confins","0","2","0.00","5.50"
"sa carneiro","0","1","0.00","3.00"
"safe parking estacionamento","0","1","0.00","1.00"
"saida aeroporto guarulhos","0","2","0.00","3.00"
"saida do aeroporto de guarulhos","0","4","0.00","1.50"
"saindo de guarulhos","0","1","0.00","1.00"
"saindo do aeroporto de guarulhos","0","2","0.00","9.00"
"saka parking","0","1","0.00","8.00"
"sala de embarque aeroporto de confins","0","9","0.00","10.22"
"sala lounge key guarulhos","0","9","0.00","1.00"
"sala vip 24 horas guarulhos","0","1","0.00","17.00"
"sala vip aeroporto","0","1","0.00","1.00"
"sala vip aeroporto curitiba","0","1","0.00","3.00"
"sala vip aeroporto de lisboa","0","2","0.00","1.00"
"sala vip aeroporto guarulhos","0","14","0.00","1.00"
"sala vip aeroporto lisboa terminal 2","0","5","0.00","14.00"
"sala vip c6 confins","0","1","0.00","1.00"
"sala vip confins embarque internacional","0","1","0.00","1.00"
"sala vip do aeroporto","0","1","0.00","1.00"
"sala vip first class guarulhos","0","10","0.00","1.00"
"sala vip galeao","0","1","0.00","1.00"
"sala vip galeao 24 horas","0","2","0.00","2.50"
"sala vip lufthansa guarulhos","0","1","0.00","3.00"
"sala vip no aeroporto de lisboa","0","1","0.00","3.00"
"sala vip priority pass guarulhos","0","1","0.00","1.00"
"sala vip priority pass lisboa","0","1","0.00","1.00"
"sala vip terminal 2 lisboa","0","1","0.00","1.00"
"sala vip viracopos","0","1","0.00","1.00"
"sala vip visa infinite curitiba","0","1","0.00","3.00"
"salas vip guarulhos","0","1","0.00","4.00"
"salas vips de guarulhos","0","1","0.00","1.00"
"salão de beleza no aeroporto de guarulhos","0","1","0.00","4.00"
"sam's club","0","1","0.00","1.00"
"santos aeroporto de guarulhos","0","1","0.00","1.00"
"santos dumont airport drop off","0","140","0.00","39.41"
"santos park estacionamento","0","1","0.00","58.00"
"sao 15 dias","0","1","0.00","12.00"
"sao parking","0","26","0.00","75.23"
"sao parking-estacionamento interno do aeroporto de congonhas","0","95","0.00","29.37"
"sao paulo aeroporto viracopos","0","2","0.00","1.00"
"sao paulo airport","0","1","0.00","1.00"
"sao paulo airport drop off","0","10","0.00","49.30"
"sao paulo airport guarulhos","0","1","0.00","1.00"
"sao paulo campinas aeroporto","0","1","0.00","1.00"
"sao paulo gru","0","1","0.00","1.00"
"sao paulo guarulhos","0","1","0.00","2.00"
"sao paulo international airport","0","1","0.00","1.00"
"sao paulo vcp","0","1","0.00","2.00"
"sao paulo viracopos","0","2","0.00","1.00"
"sbkp aeroporto","0","1","0.00","1.00"
"schedule aeroporto","0","1","0.00","1.00"
"scyprk","0","1","0.00","10.00"
"sdu airport car service","0","27","0.00","47.81"
"sdu airport drop off","0","62","0.00","39.31"
"sdu airport pickup","0","30","0.00","45.27"
"sdu cab","0","22","0.00","22.23"
"sdu car rental","0","10","0.00","48.30"
"sdu car service","0","10","0.00","36.60"
"sdu drop off","0","23","0.00","31.65"
"sdu pickup","0","16","0.00","14.50"
"sdu transportation","0","19","0.00","22.53"
"secure airport parking","0","1","0.00","63.00"
"secure park","0","1","0.00","17.00"
"seguro atraso de voo","0","1","0.00","95.00"
"sel park estacionamento","0","9","0.00","48.11"
"self park estacionamento","0","22","0.00","12.00"
"self park estacionamentos","0","73","0.00","43.84"
"self park estacionamentos belo horizonte","0","1","0.00","10.00"
"self parking","0","3","0.00","13.00"
"self-park","0","7","0.00","7.43"
"self-parking","0","1","0.00","9.00"
"selfpark","0","33","0.00","8.48"
"sem parar aeroporto afonso pena","0","1","0.00","1.00"
"sem parar aeroporto confins","0","1","0.00","11.00"
"sem parar estacionamento aeroporto","0","3","0.00","9.33"
"sent park","0","1","0.00","9.00"
"seropark","0","2","0.00","6.00"
"serv park","0","1","0.00","66.00"
"serv park estacionamento","0","1","0.00","49.00"
"serv park estacionamento guarulhos","0","1","0.00","1.00"
"serv park guarulhos","0","3","0.00","10.00"
"serv parking congonhas","0","1","0.00","1.00"
"serv parking guarulhos","0","2","0.00","3.00"
"serving park guarulhos","0","15","0.00","24.33"
"serviço de acompanhamento no aeroporto gol idoso","0","1","0.00","1.00"
"serviço de estacionamento","0","2","0.00","12.50"
"serviços aeroporto lisboa","0","130","0.00","21.95"
"serviços no aeroporto de guarulhos","0","1","0.00","28.00"
"serviços oferecidos por portal estacionamento","0","4","0.00","8.50"
"servparking","0","56","0.00","25.75"
"servparking estacionamento guarulhos","0","11","0.00","9.73"
"servparking gru","0","7","0.00","31.29"
"servparking guarulhos","0","11","0.00","31.18"
"serão 5 dias","0","1","0.00","2.00"
"sesc guarulhos","0","1","0.00","4.00"
"sesc guarulhos estacionamento","0","1","0.00","3.00"
"sesc guarulhos tem estacionamento","0","1","0.00","3.00"
"sete dias","0","2","0.00","9.50"
"sexo em curitiba","0","1","0.00","10.00"
"shopping bourbon estacionamento valor","0","1","0.00","1.00"
"shopping estação estacionamento","0","2","0.00","1.00"
"shopping estação estacionamento preço","0","1","0.00","1.00"
"shopping guarulhos perto do aeroporto","0","1","0.00","3.00"
"shopping internacional de guarulhos estacionamento","0","1","0.00","2.00"
"shopping internacional guarulhos distância aeroporto","0","4","0.00","1.50"
"shopping jk estacionamento","0","5","0.00","86.40"
"shopping mais perto do aeroporto de guarulhos","0","2","0.00","3.00"
"shopping mais proximo do aeroporto de guarulhos","0","1","0.00","2.00"
"shopping perto aeroporto guarulhos","0","1","0.00","2.00"
"shopping perto de confins","0","1","0.00","1.00"
"shopping perto de congonhas","0","3","0.00","1.00"
"shopping perto do aeroporto de confins","0","2","0.00","1.00"
"shopping perto do aeroporto de guarulhos","0","1","0.00","2.00"
"shopping perto do aeroporto de navegantes","0","1","0.00","99.00"
"shopping perto do aeroporto de viracopos","0","1","0.00","3.00"
"shopping proximo aeroporto confins","0","1","0.00","1.00"
"shopping proximo aeroporto guarulhos","0","1","0.00","2.00"
"shopping próximo ao aeroporto de confins","0","1","0.00","1.00"
"shopping próximo ao aeroporto de guarulhos","0","3","0.00","2.00"
"shopping tiete plaza","0","1","0.00","5.00"
"shopping tiete plaza estacionamento","0","1","0.00","3.00"
"shuttle aeroporto guarulhos","0","2","0.00","1.00"
"shuttle aeroporto lisboa terminal 2","0","1","0.00","43.00"
"shuttle gratuito","0","1","0.00","1.00"
"shypark","0","4","0.00","16.50"
"si","0","1","0.00","7.00"
"siesta box","0","2","0.00","2.50"
"siesta box confins","0","2","0.00","3.00"
"siesta box congonhas","0","1","0.00","2.00"
"siesta box viracopos","0","1","0.00","3.00"
"sigla aeroporto campinas","0","1","0.00","92.00"
"sigla aeroporto cnf","0","1","0.00","2.00"
"sigla aeroporto confins","0","5","0.00","42.40"
"sigla aeroporto de confins","0","1","0.00","1.00"
"sigla aeroporto de congonhas","0","1","0.00","94.00"
"sigla aeroporto de curitiba","0","1","0.00","2.00"
"sigla aeroporto de lisboa","0","189","0.00","2.70"
"sigla aeroporto lis","0","1","0.00","1.00"
"sigla aeroporto lisboa","0","401","0.00","3.57"
"sigla aeroporto lisboa portugal","0","16","0.00","1.00"
"sigla aeroporto viracopos","0","2","0.00","76.00"
"sigla cnf aeroporto","0","5","0.00","2.40"
"sigla do aeroporto de confins","0","20","0.00","4.20"
"sigla do aeroporto de curitiba","0","24","0.00","12.17"
"sigla do aeroporto de guarulhos","0","1","0.00","1.00"
"sigla do aeroporto de lisboa","0","108","0.00","2.84"
"sigla do aeroporto de lisboa portugal","0","45","0.00","3.56"
"sigla lisboa aeroporto","0","71","0.00","4.72"
"sigla viracopos","0","1","0.00","86.00"
"significado de confins","0","5","0.00","28.00"
"sim gostaria","0","1","0.00","1.00"
"sim gostaria de dicas","0","1","0.00","5.00"
"sim por favor","0","1","0.00","3.00"
"sim verifique","0","1","0.00","11.00"
"sim, detalhe","0","1","0.00","3.00"
"sim.","0","1","0.00","6.00"
"sim. por favor","0","1","0.00","1.00"
"sirpark","0","1","0.00","3.00"
"sistema booking estacionamento","0","140","0.00","25.74"
"sistema de reserva","0","1","0.00","77.00"
"sistema de reserva online","0","234","0.00","75.04"
"sistema de reservacion","0","3","0.00","93.67"
"sistema de ticket para estacionamento","0","7","0.00","89.00"
"sistema park","0","1","0.00","7.00"
"sistema park estacionamento","0","1","0.00","32.00"
"sistema parking","0","4","0.00","75.00"
"sistema reservas estacionamento","0","110","0.00","31.03"
"site aeroporto viracopos","0","1","0.00","3.00"
"site oficial","0","1","0.00","2.00"
"site oficial aeroporto de guarulhos","0","20","0.00","66.75"
"site oficial do aeroporto","0","1","0.00","5.00"
"site oficial estacionamento aeroporto guarulhos","0","1","0.00","1.00"
"site:konclui.com","0","2","0.00","9.00"
"site:movepark.co","0","24","0.00","29.75"
"situaã ã o aeroporto confins","0","7","0.00","23.71"
"situaã ã o aeroporto viracopos","0","22","0.00","19.68"
"situação do aeroporto de confins agora","0","1","0.00","7.00"
"sjypark","0","1","0.00","6.00"
"skay park","0","5","0.00","11.80"
"skaypark","0","3","0.00","6.00"
"skinpark","0","2","0.00","54.00"
"skupark","0","2","0.00","4.50"
"sky airline qual terminal em guarulhos","0","1","0.00","1.00"
"sky paek","0","1","0.00","11.00"
"sky park barreiros","0","8","0.00","8.00"
"sky park club medellin","0","1","0.00","5.00"
"sky park faro","0","1","0.00","1.00"
"sky park floripa","0","1","0.00","7.00"
"sky park lisboa","0","326","0.00","7.37"
"sky park lounge prices","0","1","0.00","14.00"
"sky park medellin","0","2","0.00","60.00"
"sky park porto","0","6","0.00","3.17"
"sky park sao roque","0","1","0.00","50.00"
"sky park t1","0","1","0.00","12.00"
"sky park ticket","0","1","0.00","9.00"
"sky parker","0","1","0.00","6.00"
"sky parking","0","10","0.00","15.00"
"sky parl","0","3","0.00","8.67"
"sky parm","0","1","0.00","9.00"
"sky parque","0","1","0.00","19.00"
"sky patk","0","1","0.00","8.00"
"sky prk","0","2","0.00","5.00"
"skyepark","0","2","0.00","54.00"
"skyipark","0","1","0.00","10.00"
"skyoark","0","4","0.00","4.75"
"skypaek","0","6","0.00","7.17"
"skyparc","0","1","0.00","6.00"
"skyparck","0","3","0.00","6.00"
"skyparcour","0","1","0.00","8.00"
"skyparj","0","4","0.00","10.50"
"skypark airport parking","0","1","0.00","51.00"
"skypark app","0","1","0.00","23.00"
"skypark camping","0","1","0.00","38.00"
"skypark faro","0","3","0.00","1.00"
"skypark fbo","0","1","0.00","33.00"
"skypark fotos","0","23","0.00","10.30"
"skypark login","0","52","0.00","14.38"
"skypark ltd","0","1","0.00","8.00"
"skypark medellin","0","1","0.00","29.00"
"skypark park","0","1","0.00","9.00"
"skypark parkade","0","1","0.00","36.00"
"skypark parking","0","2","0.00","40.00"
"skypark pensionne","0","1","0.00","24.00"
"skypark physical therapy","0","1","0.00","5.00"
"skypark playground","0","3","0.00","7.67"
"skypark plaza","0","2","0.00","8.50"
"skypark porto","0","20","0.00","1.85"
"skypark pt","0","40","0.00","15.18"
"skypark scotts valley","0","1","0.00","27.00"
"skypark secure login","0","1","0.00","56.00"
"skypark t1","0","6","0.00","8.33"
"skypark tickets","0","1","0.00","11.00"
"skypark valet parking","0","3","0.00","10.00"
"skypark.","0","1","0.00","12.00"
"skypark.com","0","2","0.00","24.50"
"skypark2","0","1","0.00","40.00"
"skypark365","0","1","0.00","29.00"
"skyparks","0","1","0.00","8.00"
"skyparks secure","0","1","0.00","32.00"
"skyparksecure login","0","18","0.00","38.50"
"skyparksecure login app","0","1","0.00","35.00"
"skyparkur","0","1","0.00","6.00"
"skyparl","0","2","0.00","5.00"
"skyparm","0","1","0.00","5.00"
"skyparque","0","3","0.00","8.00"
"skypatk","0","2","0.00","7.00"
"skypqrk","0","1","0.00","11.00"
"skyprk","0","8","0.00","8.38"
"skypsrk","0","3","0.00","6.67"
"slaviero slim multipark","0","27","0.00","8.93"
"slypark","0","3","0.00","10.00"
"small parking","0","5","0.00","10.80"
"small parking estacionamento aeroporto","0","6","0.00","8.67"
"small parking estacionamento aeroporto.","0","8","0.00","9.75"
"smartpark","0","1","0.00","3.00"
"smypark","0","1","0.00","5.00"
"soft park","0","2","0.00","37.50"
"software de estacionamento","0","2","0.00","96.50"
"software de reserva de parques de estacionamento","0","2","0.00","11.50"
"software estacionamento aeroporto","0","66","0.00","69.03"
"software para parques de estacionamento de aeroportos","0","2","0.00","90.00"
"soma park pay porto seguro","0","1","0.00","1.00"
"someji estacionamento","0","1","0.00","25.00"
"sorteio carro iguatemi campinas","0","1","0.00","12.00"
"soypark","0","2","0.00","5.50"
"sp gru","0","2","0.00","1.00"
"space park","0","4","0.00","9.75"
"space park confins","0","649","0.00","11.46"
"space park estacionamento","0","107","0.00","10.93"
"space parking","0","1","0.00","77.00"
"spacepark","0","1","0.00","8.00"
"speedparking","0","2","0.00","7.00"
"spi park estacionamentos","0","1","0.00","56.00"
"spression congonhas","0","1","0.00","1.00"
"spring parks movers","0","1","0.00","29.00"
"sskypark","0","1","0.00","10.00"
"stacionamento","0","1","0.00","5.00"
"star park confins","0","15","0.00","32.13"
"star park estacionamento","0","4","0.00","66.25"
"star park estacionamento confins","0","2","0.00","8.00"
"star park estacionamento guarulhos","0","2","0.00","27.50"
"starbucks aeroporto confins","0","1","0.00","3.00"
"starbucks aeroporto congonhas","0","3","0.00","17.33"
"starbucks aeroporto guarulhos","0","1","0.00","2.00"
"starbucks aeroporto viracopos","0","1","0.00","1.00"
"starbucks congonhas","0","12","0.00","1.33"
"starbucks congonhas embarque","0","1","0.00","1.00"
"starbucks guarulhos","0","8","0.00","2.25"
"starbucks guarulhos terminal 2","0","1","0.00","2.00"
"starbucks recife aeroporto","0","1","0.00","13.00"
"starbucks rodoviaria tiete","0","1","0.00","7.00"
"starbucks terminal 2 guarulhos","0","1","0.00","2.00"
"starbucks terminal 3","0","1","0.00","1.00"
"starpark estacionamento","0","4","0.00","6.50"
"starparking","0","2","0.00","60.50"
"state garage","0","1","0.00","15.00"
"station parking","0","1","0.00","69.00"
"stay park","0","14","0.00","67.00"
"stay park congonhas","0","19","0.00","17.84"
"stay parking","0","1","0.00","1.00"
"stop & park","0","29","0.00","9.45"
"stop & park - estacionamento guarulhos ibis budget","0","4","0.00","30.75"
"stop & park estacionamentos","0","1","0.00","40.00"
"stop & park guarulhos","0","74","0.00","10.45"
"stop car guarulhos","0","2","0.00","69.50"
"stop e park guarulhos","0","204","0.00","8.27"
"stop park","0","1","0.00","11.00"
"stop park aeroporto guarulhos","0","166","0.00","9.43"
"stop park estacionamento","0","1","0.00","43.00"
"stop park estacionamento guarulhos","0","71","0.00","8.08"
"stop&park estacionamentos guarulhos","0","5","0.00","13.40"
"store bird","0","1","0.00","2.00"
"subway aeroporto congonhas","0","10","0.00","54.80"
"subway confins aeroporto","0","2","0.00","3.50"
"subway no aeroporto de congonhas","0","1","0.00","1.00"
"subway terminal tiete","0","2","0.00","1.00"
"sugerir opções","0","1","0.00","13.00"
"super park","0","6","0.00","6.67"
"super park confins","0","120","0.00","24.62"
"super park estacionamento","0","62","0.00","14.44"
"super park estacionamento confins","0","48","0.00","29.15"
"superpark confins","0","110","0.00","15.07"
"superpark estacionamento","0","4","0.00","9.25"
"superpark estacionamento confins","0","13","0.00","12.46"
"suporte","0","1","0.00","6.00"
"systema park estacionamento","0","1","0.00","62.00"
"são 6 dias","0","1","0.00","9.00"
"são josé dos pinhais tem aeroporto","0","3","0.00","9.33"
"são paulo aeroporto","0","1","0.00","1.00"
"são paulo congonhas","0","3","0.00","1.00"
"são paulo guarulhos directory","0","1","0.00","3.00"
"são paulo viracopos","0","3","0.00","2.00"
"são paulo, guarulhos","0","1","0.00","2.00"
"são paulo–congonhas airport drop off","0","5","0.00","45.20"
"t2 standard","0","1","0.00","1.00"
"tabacaria aeroporto","0","1","0.00","1.00"
"tabela de preço estacionamento aeroporto recife","0","4","0.00","10.50"
"tabela de preços de estacionamento","0","1","0.00","10.00"
"tabela de preços estacionamento","0","12","0.00","63.33"
"tabela de preços estacionamento aeroporto galeão","0","136","0.00","40.50"
"tabela estacionamento aeroporto guarulhos","0","41","0.00","40.88"
"tabela estacionamento aeroporto natal","0","2","0.00","2.00"
"tabela preços estacionamento jardim paulistano zona oeste sp","0","2","0.00","6.00"
"tabela tarifas estacionamento oficial gru airport 2026","0","1","0.00","8.00"
"tabela tarifas estacionamento oficial gru indigo 2026","0","1","0.00","10.00"
"talentos park aeroporto - estacionamento","0","5","0.00","7.00"
"tamanho aeroporto confins","0","6","0.00","6.83"
"tamanho aeroporto congonhas","0","1","0.00","1.00"
"tamanho aeroporto viracopos","0","3","0.00","1.00"
"tamanho da pista de confins","0","1","0.00","41.00"
"tamanho da pista de guarulhos","0","1","0.00","1.00"
"tamanho da pista do aeroporto de guarulhos","0","1","0.00","1.00"
"tamanho da pista do aeroporto de lisboa","0","1","0.00","3.00"
"tamanho da pista do aeroporto de viracopos","0","1","0.00","1.00"
"tamanho do aeroporto de confins","0","18","0.00","5.72"
"tamanho do aeroporto de congonhas","0","4","0.00","1.25"
"tamanho do aeroporto de lisboa","0","2","0.00","2.00"
"tamanho do aeroporto de viracopos","0","4","0.00","1.00"
"tamanho pista congonhas","0","1","0.00","1.00"
"tamanho pista gru","0","1","0.00","1.00"
"tamanho pista guarulhos","0","1","0.00","1.00"
"tamar park estacionamento","0","1","0.00","39.00"
"tancredo neves aeroporto","0","4","0.00","2.75"
"tarifa estacionamento aeroporto","0","10","0.00","3.40"
"tarifa estacionamento aeroporto guarulhos","0","69","0.00","35.17"
"tarifa gru airport","0","1","0.00","5.00"
"taxa de embarque curitiba","0","1","0.00","65.00"
"taxa de estacionamento","0","2","0.00","11.00"
"taxa gru valor","0","1","0.00","1.00"
"taxi aereo lisboa","0","84","0.00","71.75"
"taxi aeroporto","0","1","0.00","1.00"
"taxi aeroporto de congonhas","0","1","0.00","1.00"
"taxi congonhas","0","1","0.00","1.00"
"taxi congonhas guarulhos","0","1","0.00","1.00"
"taxi do aeroporto de guarulhos","0","1","0.00","1.00"
"taxi navegantes","0","1","0.00","3.00"
"taxi no aeroporto de guarulhos","0","2","0.00","1.50"
"taxi para aeroporto","0","1","0.00","1.00"
"taxi para aeroporto de guarulhos","0","1","0.00","1.00"
"taxi são paulo airport","0","1","0.00","1.00"
"teatro gazeta estacionamento valor","0","1","0.00","1.00"
"technopark","0","1","0.00","3.00"
"tel rodoviaria tiete","0","1","0.00","83.00"
"telefone aeropark guarulhos","0","1","0.00","9.00"
"telefone aeroporto afonso pena","0","21","0.00","25.14"
"telefone aeroporto joão pessoa","0","1","0.00","9.00"
"telefone da estapar","0","1","0.00","1.00"
"telefone do","0","1","0.00","12.00"
"telefone do aeroporto afonso pena","0","6","0.00","31.83"
"telefone do aeroporto de confins","0","1","0.00","4.00"
"telefone do estacionamento","0","2","0.00","11.00"
"telefone do estacionamento dentro do aeroporto de confins","0","4","0.00","85.50"
"telefone do estacionamento do aeroporto","0","12","0.00","10.92"
"telefone do estacionamento do aeroporto de confins","0","4","0.00","28.25"
"telefone do estacionamento do aeroporto de guarulhos","0","8","0.00","26.38"
"telefone do estacionamento do aeroporto de londrina","0","1","0.00","69.00"
"telefone do estacionamento do aeroporto de ribeirão preto","0","1","0.00","3.00"
"telefone do estacionamento do aeroporto de vitória","0","2","0.00","2.50"
"telefone estacionamento aeroporto","0","15","0.00","4.47"
"telefone estacionamento aeroporto confins","0","24","0.00","48.92"
"telefone estacionamento aeroporto guarulhos","0","19","0.00","40.00"
"telefone estacionamento aeroporto recife","0","20","0.00","13.00"
"telefone estapar aeroporto brasília","0","2","0.00","46.50"
"telefone estapar aeroporto recife","0","2","0.00","38.00"
"telefone estapar confins","0","3","0.00","22.67"
"telefone estapar congonhas","0","1","0.00","1.00"
"telefone estapar galeão","0","17","0.00","11.71"
"telefone estapar viracopos","0","1","0.00","1.00"
"telefone guarulhos aeroporto","0","2","0.00","1.00"
"telefone hampton by hilton guarulhos airport","0","1","0.00","2.00"
"telefone indigo estacionamento","0","17","0.00","13.41"
"telefone indigo guarulhos","0","4","0.00","11.75"
"telefone localiza aeroporto navegantes","0","1","0.00","1.00"
"telefone localiza aeroporto viracopos","0","2","0.00","1.00"
"telefone localiza viracopos","0","3","0.00","1.00"
"telefone movida aeroporto guarulhos","0","1","0.00","1.00"
"telefone rodoviária de curitiba horários de ônibus","0","1","0.00","3.00"
"telefone urban park guarulhos","0","4","0.00","8.25"
"telefone virapark","0","112","0.00","13.13"
"telefone virapark campinas","0","508","0.00","7.33"
"telpark","0","1","0.00","5.00"
"tem aeroporto em alagoas","0","4","0.00","1.00"
"tem aeroporto em campinas","0","2","0.00","32.50"
"tem aeroporto em campinas sp","0","1","0.00","59.00"
"tem aeroporto em campinas são paulo","0","2","0.00","1.00"
"tem aeroporto em curitiba","0","11","0.00","12.18"
"tem aeroporto em curitiba paraná","0","2","0.00","8.00"
"tem aeroporto em curitiba?","0","1","0.00","10.00"
"tem aeroporto em osasco","0","1","0.00","1.00"
"tem aeroporto em valinhos","0","2","0.00","1.00"
"tem algum estacionamento","0","1","0.00","7.00"
"tem algum melhor?","0","1","0.00","1.00"
"tem alguma promoção?","0","1","0.00","5.00"
"tem app ?","0","1","0.00","2.00"
"tem burger king no aeroporto de congonhas","0","1","0.00","55.00"
"tem como deixar o carro no aeroporto","0","3","0.00","12.00"
"tem como tomar banho no aeroporto de guarulhos","0","1","0.00","3.00"
"tem cupom de desconto?","0","1","0.00","2.00"
"tem dunkin donuts no aeroporto de guarulhos","0","1","0.00","1.00"
"tem dunkin donuts no brasil","0","1","0.00","2.00"
"tem estacionamento","0","5","0.00","2.40"
"tem estacionamento dentro do aeroporto de congonhas","0","4","0.00","4.25"
"tem estacionamento na rodoviaria do tiete","0","92","0.00","9.36"
"tem estacionamento na rodoviaria tiete","0","37","0.00","9.92"
"tem estacionamento no aeroporto de guarulhos","0","32","0.00","59.94"
"tem estacionamento no aeroporto de viracopos","0","36","0.00","6.44"
"tem estacionamento perto","0","1","0.00","6.00"
"tem estacionamento por perto?","0","1","0.00","6.00"
"tem estacionamento próximo?","0","3","0.00","4.67"
"tem estacionamento?","0","1","0.00","3.00"
"tem farmacia no aeroporto de confins","0","1","0.00","2.00"
"tem farmacia no aeroporto de curitiba","0","17","0.00","6.88"
"tem farmacia no aeroporto de viracopos","0","1","0.00","34.00"
"tem farmacia no aeroporto galeao","0","1","0.00","2.00"
"tem foto","0","1","0.00","2.00"
"tem foto?","0","3","0.00","27.00"
"tem fotos?","0","1","0.00","3.00"
"tem fumodromo no aeroporto de congonhas","0","9","0.00","10.11"
"tem guarda volume no aeroporto de guarulhos","0","1","0.00","1.00"
"tem hotel dentro do aeroporto de campinas","0","2","0.00","2.50"
"tem hotel dentro do aeroporto de confins","0","2","0.00","15.50"
"tem hotel dentro do aeroporto de congonhas","0","1","0.00","3.00"
"tem hotel dentro do aeroporto de guarulhos","0","6","0.00","2.67"
"tem hotel dentro do aeroporto de guarulhos?","0","1","0.00","3.00"
"tem hotel dentro do aeroporto de viracopos","0","5","0.00","2.00"
"tem hotel no aeroporto de campinas","0","1","0.00","2.00"
"tem hotel no aeroporto de congonhas","0","1","0.00","3.00"
"tem hotel no aeroporto de guarulhos","0","1","0.00","1.00"
"tem hotel no aeroporto de viracopos","0","2","0.00","2.00"
"tem imagem?","0","2","0.00","3.50"
"tem imagens","0","1","0.00","2.00"
"tem imagens?","0","1","0.00","2.00"
"tem localiza no aeroporto de guarulhos","0","3","0.00","1.00"
"tem loja longchamp no brasil","0","1","0.00","2.00"
"tem lugar para dormir no aeroporto de congonhas","0","1","0.00","2.00"
"tem madero no aeroporto de confins","0","1","0.00","2.00"
"tem madero no aeroporto de guarulhos","0","1","0.00","1.00"
"tem mais em conta","0","1","0.00","3.00"
"tem mc donalds no aeroporto de congonhas","0","2","0.00","28.50"
"tem mcdonald's no aeroporto de congonhas","0","11","0.00","33.45"
"tem mcdonald's no aeroporto de curitiba","0","1","0.00","34.00"
"tem mec no aeroporto de guarulhos","0","1","0.00","1.00"
"tem metro no aeroporto de lisboa","0","1","0.00","2.00"
"tem no aeroporto","0","1","0.00","1.00"
"tem onde dormir no aeroporto de congonhas","0","1","0.00","1.00"
"tem outback no aeroporto de confins","0","1","0.00","1.00"
"tem outback no aeroporto de congonhas","0","1","0.00","1.00"
"tem outra?","0","1","0.00","2.00"
"tem rodoviaria no aeroporto de guarulhos","0","1","0.00","2.00"
"tem sala vip em viracopos","0","3","0.00","1.00"
"tem sala vip no terminal 1 de guarulhos","0","1","0.00","1.00"
"tem shopping perto do aeroporto de congonhas","0","1","0.00","2.00"
"tem shopping perto do aeroporto de guarulhos","0","2","0.00","2.00"
"tem starbucks no aeroporto de congonhas","0","13","0.00","45.77"
"tem subway no aeroporto de confins","0","2","0.00","2.00"
"tem subway no aeroporto de congonhas","0","17","0.00","52.59"
"tem supermercado no aeroporto de guarulhos","0","1","0.00","2.00"
"tem valores ?","0","1","0.00","3.00"
"tem wifi no aeroporto de lisboa","0","35","0.00","12.26"
"temperatura em curitiba agora","0","1","0.00","4.00"
"tempo no aeroporto de guarulhos","0","1","0.00","1.00"
"tenho medo de deixar meu carro estacionado por muitos dias perto do aeroporto de guarulhos, é seguro?","0","1","0.00","7.00"
"tenho medo de deixar meu carro na rua enquanto viajo por congonhas, qual a melhor solução em são paulo?","0","3","0.00","3.67"
"tenho medo de perder o voo por causa do trânsito até viracopos, como me organizar melhor?","0","1","0.00","3.00"
"terceira pista guarulhos","0","1","0.00","2.00"
"terminais aeroporto confins","0","3","0.00","1.00"
"terminais aeroporto de guarulhos","0","5","0.00","35.00"
"terminais aeroporto guarulhos","0","42","0.00","39.88"
"terminais confins","0","3","0.00","1.67"
"terminais de guarulhos","0","4","0.00","8.00"
"terminais de guarulhos aeroporto","0","2","0.00","1.00"
"terminais do aeroporto de guarulhos","0","11","0.00","9.82"
"terminais em guarulhos","0","1","0.00","51.00"
"terminais gru","0","1","0.00","8.00"
"terminais guarulhos","0","10","0.00","7.70"
"terminais guarulhos aeroporto","0","1","0.00","75.00"
"terminais guarulhos mapa","0","2","0.00","1.00"
"terminal 1","0","4","0.00","1.75"
"terminal 1 aeroporto afonso pena","0","31","0.00","9.77"
"terminal 1 aeroporto lisboa","0","5","0.00","46.80"
"terminal 1 azul guarulhos","0","1","0.00","3.00"
"terminal 1 confins","0","2","0.00","56.50"
"terminal 1 congonhas","0","5","0.00","15.40"
"terminal 1 de congonhas","0","1","0.00","1.00"
"terminal 1 do aeroporto de lisboa","0","1","0.00","2.00"
"terminal 1 estacionamiento","0","1","0.00","1.00"
"terminal 1 guarulhos","0","19","0.00","1.00"
"terminal 1 guarulhos azul","0","1","0.00","3.00"
"terminal 1 guarulhos estacionamento","0","2","0.00","1.00"
"terminal 1 lisboa","0","2","0.00","1.50"
"terminal 1 lisboa aeroporto","0","1","0.00","43.00"
"terminal 1 mapa","0","1","0.00","17.00"
"terminal 1 restaurants","0","1","0.00","1.00"
"terminal 1 standard estacionamento","0","20","0.00","68.80"
"terminal 1 viracopos","0","2","0.00","3.00"
"terminal 2","0","7","0.00","1.57"
"terminal 2 aeroporto de guarulhos embarque","0","5","0.00","1.60"
"terminal 2 aeroporto lisboa lojas","0","1","0.00","1.00"
"terminal 2 aeroporto lisboa restaurantes","0","6","0.00","1.00"
"terminal 2 comida","0","1","0.00","1.00"
"terminal 2 congonhas","0","1","0.00","1.00"
"terminal 2 de guarulhos","0","1","0.00","1.00"
"terminal 2 desembarque","0","1","0.00","2.00"
"terminal 2 e","0","1","0.00","1.00"
"terminal 2 em guarulhos","0","1","0.00","1.00"
"terminal 2 estacionamento","0","5","0.00","64.80"
"terminal 2 estacionamento guarulhos","0","2","0.00","1.00"
"terminal 2 gol","0","1","0.00","1.00"
"terminal 2 guarulhos","0","2","0.00","2.00"
"terminal 2 guarulhos desembarque","0","1","0.00","4.00"
"terminal 2 guarulhos embarque","0","6","0.00","2.50"
"terminal 2 guarulhos estacionamento","0","32","0.00","50.31"
"terminal 2 guarulhos mapa","0","5","0.00","1.00"
"terminal 2 guarulhos é nacional ou internacional","0","1","0.00","1.00"
"terminal 2 standard estacionamento","0","80","0.00","73.63"
"terminal 2 standard estacionamento aeroporto guarulhos sp","0","1","0.00","61.00"
"terminal 2 vip parking","0","1","0.00","1.00"
"terminal 2.","0","1","0.00","7.00"
"terminal 3","0","5","0.00","5.60"
"terminal 3 aeroporto de guarulhos estacionamento","0","11","0.00","73.18"
"terminal 3 confins","0","2","0.00","8.50"
"terminal 3 de guarulhos","0","2","0.00","1.00"
"terminal 3 desembarque guarulhos","0","1","0.00","2.00"
"terminal 3 edifício garagem","0","11","0.00","81.73"
"terminal 3 estacionamento","0","33","0.00","61.15"
"terminal 3 estacionamento guarulhos","0","1","0.00","1.00"
"terminal 3 gru","0","6","0.00","1.00"
"terminal 3 gru estacionamento","0","14","0.00","57.93"
"terminal 3 guarulhos","0","26","0.00","1.00"
"terminal 3 guarulhos desembarque internacional","0","5","0.00","1.00"
"terminal 3 guarulhos embarque","0","1","0.00","1.00"
"terminal 3 guarulhos estacionamento","0","80","0.00","66.33"
"terminal 3 guarulhos mapa","0","1","0.00","17.00"
"terminal 3 padrão estacionamento aeroporto guarulhos sp","0","6","0.00","38.50"
"terminal 3 restaurantes","0","1","0.00","1.00"
"terminal aerolineas argentinas guarulhos","0","1","0.00","1.00"
"terminal aeroporto","0","1","0.00","1.00"
"terminal aeroporto confins","0","8","0.00","1.00"
"terminal aeroporto guarulhos","0","3","0.00","1.00"
"terminal afonso pena","0","2","0.00","46.50"
"terminal azul confins","0","1","0.00","13.00"
"terminal cecap guarulhos","0","2","0.00","3.00"
"terminal confins","0","3","0.00","1.00"
"terminal da gol aeroporto de guarulhos","0","1","0.00","1.00"
"terminal da gol em guarulhos","0","1","0.00","1.00"
"terminal de","0","1","0.00","9.00"
"terminal de carga guarulhos","0","1","0.00","2.00"
"terminal de desembarque internacional guarulhos","0","1","0.00","1.00"
"terminal de embarque da gol em guarulhos","0","1","0.00","1.00"
"terminal de embarque gol guarulhos","0","3","0.00","1.00"
"terminal de pinhais","0","1","0.00","13.00"
"terminal de voos internacionais guarulhos","0","2","0.00","1.00"
"terminal de ônibus aeroporto de guarulhos","0","1","0.00","1.00"
"terminal do aeroporto","0","1","0.00","1.00"
"terminal do aeroporto de guarulhos","0","1","0.00","1.00"
"terminal do tiete","0","1","0.00","59.00"
"terminal domestico confins","0","1","0.00","1.00"
"terminal embarque gol guarulhos","0","2","0.00","1.00"
"terminal embarque internacional guarulhos","0","1","0.00","1.00"
"terminal gol aeroporto confins","0","2","0.00","14.50"
"terminal gol confins","0","3","0.00","18.33"
"terminal gol em guarulhos","0","1","0.00","1.00"
"terminal gol guarulhos","0","1","0.00","1.00"
"terminal guarulhos","0","3","0.00","1.00"
"terminal guarulhos internacional","0","1","0.00","1.00"
"terminal iberia lisboa","0","1","0.00","1.00"
"terminal internacional","0","1","0.00","1.00"
"terminal internacional confins","0","66","0.00","9.45"
"terminal internacional de guarulhos","0","3","0.00","1.00"
"terminal internacional gru","0","1","0.00","1.00"
"terminal internacional guarulhos","0","7","0.00","1.00"
"terminal internacional latam guarulhos","0","1","0.00","28.00"
"terminal ita guarulhos","0","1","0.00","1.00"
"terminal jetsmart guarulhos","0","1","0.00","1.00"
"terminal latam confins","0","1","0.00","15.00"
"terminal lufthansa guarulhos","0","1","0.00","1.00"
"terminal otopark","0","1","0.00","1.00"
"terminal rod tiete","0","3","0.00","72.33"
"terminal rodoviario tiete","0","2","0.00","45.50"
"terminal rodoviária tietê","0","1","0.00","81.00"
"terminal rodoviário de jundiaí endereço","0","1","0.00","2.00"
"terminal rodoviário do tietê","0","1","0.00","12.00"
"terminal rodoviário tiete","0","1","0.00","41.00"
"terminal rodoviário tietê","0","1","0.00","1.00"
"terminal rodoviário tietê - garagem","0","185","0.00","25.29"
"terminal rodoviário tietê desembarque","0","2","0.00","2.00"
"terminal rodoviário tietê endereço","0","2","0.00","56.50"
"terminal rodoviário tietê estacionamento","0","259","0.00","10.78"
"terminal rodoviário tietê garagem","0","1","0.00","1.00"
"terminal rodoviário tietê mapa","0","1","0.00","1.00"
"terminal t1","0","1","0.00","1.00"
"terminal tap confins","0","2","0.00","14.50"
"terminal tiete","0","5","0.00","56.20"
"terminal tiete estacionamento","0","160","0.00","13.50"
"terminal ups","0","1","0.00","1.00"
"terminal vueling lisboa","0","1","0.00","1.00"
"terminal.azul guarulhos","0","1","0.00","1.00"
"terminales aeropuerto guarulhos","0","1","0.00","1.00"
"the best estacionamento","0","8","0.00","9.88"
"the lounge guarulhos","0","1","0.00","1.00"
"the one parking","0","5","0.00","8.80"
"the parking","0","23","0.00","6.87"
"the parking estacionamento","0","340","0.00","16.97"
"the parking estacionamento congonhas","0","76","0.00","10.07"
"the parking garage","0","1","0.00","6.00"
"the sky park","0","2","0.00","9.50"
"the skypark","0","5","0.00","11.00"
"tiete","0","4","0.00","24.50"
"tiete estacionamento","0","7","0.00","8.86"
"tiete plaza estacionamento","0","1","0.00","3.00"
"tiete terminal","0","5","0.00","43.40"
"tietê plaza shopping estacionamento","0","1","0.00","3.00"
"tietê rodoviária","0","1","0.00","1.00"
"tiéte","0","1","0.00","35.00"
"todas opcoes","0","1","0.00","16.00"
"toledo aeroporto","0","1","0.00","2.00"
"tolerancia estacionamento aeroporto guarulhos","0","1","0.00","1.00"
"top estacionamentos com traslado 24h e reserva online em viracopos campinas","0","4","0.00","4.00"
"top estacionamentos seguros e cobertos para viajantes que embarcam pelo aeroporto de congonhas sp","0","1","0.00","5.00"
"top opções de estacionamento com reserva online para o aeroporto internacional de guarulhos gru","0","1","0.00","12.00"
"totens de autoatendimento","0","1","0.00","1.00"
"trabalhar no aeroporto","0","1","0.00","1.00"
"traces estacionamento","0","1","0.00","3.00"
"tranfer aeroporto","0","1","0.00","1.00"
"transfer aeroporto","0","1","0.00","1.00"
"transfer aeroporto bariloche","0","3","0.00","1.00"
"transfer aeroporto confins","0","1","0.00","1.00"
"transfer aeroporto de congonhas","0","1","0.00","1.00"
"transfer aeroporto de guarulhos para congonhas","0","1","0.00","1.00"
"transfer aeroporto guarulhos","0","13","0.00","1.00"
"transfer bariloche aeroporto","0","2","0.00","1.00"
"transfer bh confins","0","1","0.00","1.00"
"transfer confins bh","0","1","0.00","3.00"
"transfer congonhas","0","2","0.00","1.00"
"transfer congonhas guarulhos","0","24","0.00","1.00"
"transfer do aeroporto de guarulhos para congonhas","0","1","0.00","1.00"
"transfer gratuito aeroporto guarulhos","0","1","0.00","1.00"
"transfer guarulhos","0","1","0.00","1.00"
"transfer guarulhos para congonhas","0","1","0.00","1.00"
"transfer guarulhos para paraty","0","1","0.00","1.00"
"transfer guarulhos paraty","0","2","0.00","1.00"
"transfer guarulhos sao paulo","0","1","0.00","1.00"
"transfer para aeroporto de confins","0","1","0.00","1.00"
"transfer para aeroporto guarulhos","0","1","0.00","1.00"
"transfer para viracopos","0","2","0.00","1.00"
"transfer viracopos","0","1","0.00","84.00"
"transfer viracopos sao paulo","0","1","0.00","1.00"
"transito aeroporto guarulhos","0","2","0.00","1.00"
"transito para guarulhos agora","0","1","0.00","2.00"
"translado","0","1","0.00","12.00"
"translado aeroporto guarulhos","0","1","0.00","1.00"
"transportamos","0","5","0.00","74.60"
"transporte aeroporto confins","0","1","0.00","2.00"
"transporte aeroporto congonhas","0","2","0.00","12.50"
"transporte aeroporto guarulhos","0","8","0.00","1.00"
"transporte congonhas","0","1","0.00","1.00"
"transporte congonhas guarulhos","0","3","0.00","1.00"
"transporte de congonhas para guarulhos","0","1","0.00","1.00"
"transporte de guarulhos para congonhas","0","2","0.00","1.00"
"transporte do aeroporto de guarulhos para congonhas","0","1","0.00","1.00"
"transporte guarulhos","0","1","0.00","1.00"
"transporte guarulhos congonhas","0","1","0.00","1.00"
"transporte para aeroporto de guarulhos","0","2","0.00","1.00"
"transporte para guarulhos","0","1","0.00","1.00"
"transporte para o aeroporto de guarulhos","0","3","0.00","1.00"
"traslado aeroporto guarulhos","0","2","0.00","1.00"
"traslado aeroporto guarulhos congonhas","0","1","0.00","1.00"
"traslado aeroporto guarulhos para congonhas","0","1","0.00","1.00"
"traslado de guarulhos para congonhas","0","2","0.00","1.00"
"traslado gratuito aeroporto guarulhos","0","18","0.00","1.00"
"traslado para viracopos","0","1","0.00","1.00"
"traslado rodoviária campinas aeroporto viracopos","0","2","0.00","1.00"
"traslado viracopos sao paulo","0","1","0.00","1.00"
"travelcar","0","5","0.00","8.40"
"travesseiro aeroporto","0","1","0.00","1.00"
"trem aeroporto-guarulhos mapa","0","1","0.00","1.00"
"trend park estacionamento caminhões","0","1","0.00","10.00"
"trivago airport parking","0","1","0.00","26.00"
"trovão estacionamentos","0","1","0.00","56.00"
"trânsito aeroporto guarulhos agora","0","1","0.00","1.00"
"três dias","0","1","0.00","6.00"
"tudo sobre lisboa","0","5","0.00","51.20"
"turismo em guarulhos","0","1","0.00","4.00"
"turka premium park","0","1","0.00","49.00"
"typebot co","0","1","0.00","10.00"
"táxi aeroporto confins preço","0","1","0.00","1.00"
"táxi aeroporto congonhas telefone","0","1","0.00","1.00"
"táxi aeroporto guarulhos","0","8","0.00","1.00"
"táxi aeroporto guarulhos preço","0","1","0.00","1.00"
"táxi aeroporto guarulhos preço fixo","0","6","0.00","1.00"
"táxi londrina aeroporto","0","1","0.00","73.00"
"túnel","0","1","0.00","4.00"
"uban park","0","4","0.00","12.25"
"uber aeroporto guarulhos","0","1","0.00","1.00"
"uber aeroporto guarulhos preço fixo","0","5","0.00","1.00"
"uber no aeroporto de guarulhos","0","1","0.00","1.00"
"ugaparking","0","1","0.00","45.00"
"um dos aeroportos de campinas","0","1","0.00","1.00"
"um fds","0","1","0.00","2.00"
"umrry viracopos","0","1","0.00","15.00"
"uniao park estacionamento","0","1","0.00","9.00"
"unidas aeroporto curitiba","0","22","0.00","16.45"
"unidas aeroporto de curitiba","0","18","0.00","12.94"
"unidas aeroporto de guarulhos","0","1","0.00","1.00"
"unidas guarulhos","0","1","0.00","2.00"
"unidas guarulhos telefone","0","1","0.00","1.00"
"unidas locadora aeroporto guarulhos","0","1","0.00","2.00"
"unidas terminal 3 guarulhos","0","3","0.00","1.00"
"united airlines gru","0","1","0.00","1.00"
"unitedcarpark","0","1","0.00","34.00"
"uns dos aeroportos de campinas","0","4","0.00","20.00"
"uran park","0","1","0.00","10.00"
"urba park","0","3","0.00","12.33"
"urbam park","0","2","0.00","10.00"
"urban airport","0","2","0.00","50.00"
"urban estacionamento","0","372","0.00","10.02"
"urban estacionamento aeroporto guarulhos","0","1","0.00","9.00"
"urban estacionamento guarulhos","0","193","0.00","8.90"
"urban guarulhos","0","1","0.00","11.00"
"urban lark","0","4","0.00","10.50"
"urban oark","0","3","0.00","8.67"
"urban park - estacionamento aeroporto guarulhos","0","123","0.00","8.46"
"urban park aeroporto guarulhos","0","203","0.00","9.04"
"urban park avaliações","0","1","0.00","30.00"
"urban park congonhas","0","293","0.00","7.41"
"urban park endereço","0","1","0.00","24.00"
"urban park estacionamento","0","325","0.00","12.78"
"urban park estacionamento guarulhos","0","167","0.00","8.91"
"urban park gru estacionamento","0","8","0.00","19.25"
"urban park gru estacionamento aeroporto guarulhos","0","653","0.00","15.68"
"urban park gru estacionamento aeroporto guarulhos - avenida ministro evandro lins e silva - parque cecap guarulhos - sp","0","15","0.00","7.07"
"urban park gru estacionamento aeroporto guarulhos fotos","0","2","0.00","4.00"
"urban park gru estacionamento aeroporto guarulhos guarulhos","0","7","0.00","8.29"
"urban park gru guarulhos airport parking","0","188","0.00","14.77"
"urban park gru telefone","0","2","0.00","23.50"
"urban park gru é bom","0","2","0.00","1.00"
"urban park guarulhos é bom","0","5","0.00","15.20"
"urban park parqueaderos","0","1","0.00","68.00"
"urban park tarifas","0","1","0.00","71.00"
"urban park telefone","0","3","0.00","35.00"
"urban park whatsapp","0","1","0.00","48.00"
"urban parking","0","72","0.00","11.24"
"urban parl","0","3","0.00","7.00"
"urban parque","0","2","0.00","8.00"
"urban.park","0","1","0.00","10.00"
"urbano park","0","7","0.00","8.57"
"urbanpark","0","170","0.00","14.79"
"urbanpark aclimacao","0","25","0.00","64.88"
"urbanpark gru","0","14","0.00","10.00"
"urbanpark guarulhos","0","52","0.00","7.87"
"urbanparkgru","0","1","0.00","4.00"
"v parking estacionamento","0","1","0.00","11.00"
"vaga aeroporto guarulhos","0","1","0.00","1.00"
"vaga certa","0","1","0.00","4.00"
"vaga coberta","0","12","0.00","5.58"
"vaga descoberta","0","2","0.00","9.50"
"vaga move.in","0","1","0.00","96.00"
"vaga oficial","0","1","0.00","11.00"
"vagas aeroporto confins noturno","0","1","0.00","1.00"
"vagas aeroporto de guarulhos 4 horas","0","2","0.00","1.00"
"vagas aeroporto joao pessoa","0","17","0.00","83.18"
"vagas aeroporto viracopos campinas","0","1","0.00","4.00"
"vagas cumbica guarulhos","0","2","0.00","46.50"
"vagas de emprego meio período no aeroporto de guarulhos","0","1","0.00","1.00"
"vagas em viracopos","0","1","0.00","3.00"
"vagas estacionamento aeroporto confins","0","4","0.00","1.00"
"vagas gru airport guarulhos","0","10","0.00","63.10"
"vagas no aeroporto afonso pena","0","6","0.00","65.67"
"vagas no aeroporto de confins","0","1","0.00","1.00"
"vagas no aeroporto de guarulhos","0","1","0.00","1.00"
"vagas no aeroporto viracopos","0","1","0.00","100.00"
"vagas para trabalhar no aeroporto de guarulhos","0","1","0.00","1.00"
"vago estacionamento","0","2","0.00","66.00"
"vago park","0","1","0.00","6.00"
"vai chover hoje em congonhas","0","1","0.00","2.00"
"vai tomar no gru","0","3","0.00","58.00"
"vale a pena pagar estacionamento coberto com monitoramento 24h perto do aeroporto de congonhas em sp?","0","8","0.00","7.13"
"vale a pena reservar estacionamento de aeroporto online com antecedência?","0","4","0.00","1.50"
"vale a pena reservar estacionamento online antes de viajar por viracopos?","0","4","0.00","3.75"
"valet","0","2","0.00","7.50"
"valet aeroporto guarulhos","0","4","0.00","1.00"
"valet estacionamento","0","1","0.00","8.00"
"valet parken","0","2","0.00","69.00"
"valet parking","0","2","0.00","10.00"
"valet parking aeroporto lisboa","0","4","0.00","63.75"
"valet parking estacionamento","0","13","0.00","90.77"
"valet parking lisboa","0","1","0.00","56.00"
"valet service parking","0","1","0.00","52.00"
"valinhos aeroporto","0","1","0.00","1.00"
"valinhos tem aeroporto","0","1","0.00","1.00"
"vallepark estacionamentos","0","2","0.00","39.50"
"vallet estacionamento","0","1","0.00","1.00"
"valor","0","3","0.00","4.67"
"valor aeroporto guarulhos","0","10","0.00","6.80"
"valor da diaria","0","3","0.00","4.33"
"valor da diaria aeroporto de guarulhos","0","9","0.00","13.00"
"valor da diaria de estacionamento no aeroporto de guarulhos","0","56","0.00","33.38"
"valor da diaria do estacionamento do aeroporto","0","38","0.00","5.26"
"valor da diaria do estacionamento do aeroporto de congonhas","0","2","0.00","10.50"
"valor da diaria do estacionamento no aeroporto de guarulhos","0","15","0.00","3.47"
"valor da diaria estacionamento aeroporto congonhas","0","18","0.00","1.00"
"valor da diaria estacionamento aeroporto florianopolis","0","1","0.00","2.00"
"valor da diaria estacionamento aeroporto salgado filho","0","4","0.00","13.25"
"valor da diaria estacionamento galeao","0","1","0.00","11.00"
"valor da diaria estacionamento viracopos","0","28","0.00","10.50"
"valor da diaria no aeroporto de guarulhos sp","0","31","0.00","49.03"
"valor da diaria no estacionamento do aeroporto de confins","0","55","0.00","8.38"
"valor da diaria no estacionamento do aeroporto de salvador","0","4","0.00","1.00"
"valor da diaria no estacionamento do aeroporto de vitoria","0","11","0.00","7.45"
"valor da diaria para deixar o carro no aeroporto","0","3","0.00","5.00"
"valor da diária","0","1","0.00","10.00"
"valor da diária do estacionamento do aeroporto de florianópolis","0","4","0.00","10.00"
"valor da diária do estacionamento do aeroporto de guarulhos","0","97","0.00","25.74"
"valor da diária do estacionamento do aeroporto de recife","0","7","0.00","66.71"
"valor da hora","0","1","0.00","7.00"
"valor da hora no estacionamento do aeroporto de fortaleza","0","7","0.00","7.57"
"valor da passagem de avião de belo horizonte para são paulo","0","1","0.00","3.00"
"valor da taxa gru","0","1","0.00","1.00"
"valor das diárias","0","3","0.00","3.33"
"valor de estacionamento","0","1","0.00","1.00"
"valor de estacionamento aeroporto curitiba","0","1","0.00","11.00"
"valor de estacionamento aeroporto guarulhos","0","17","0.00","54.65"
"valor de estacionamento no aeroporto","0","16","0.00","6.88"
"valor de estacionamento no aeroporto de confins","0","40","0.00","6.35"
"valor de estacionamento no aeroporto de guarulhos","0","159","0.00","28.91"
"valor de estacionamento no aeroporto de viracopos","0","141","0.00","7.89"
"valor dia","0","1","0.00","4.00"
"valor diaria","0","1","0.00","3.00"
"valor diaria aeroporto confins","0","16","0.00","6.50"
"valor diaria aeroporto congonhas","0","24","0.00","1.50"
"valor diaria aeroporto florianopolis","0","3","0.00","8.00"
"valor diaria aeroporto guarulhos","0","186","0.00","17.05"
"valor diaria estacionamento aeroporto","0","40","0.00","36.30"
"valor diaria estacionamento aeroporto brasilia","0","14","0.00","13.21"
"valor diaria estacionamento aeroporto confins","0","2","0.00","1.00"
"valor diaria estacionamento aeroporto de salvador","0","2","0.00","8.50"
"valor diaria estacionamento aeroporto floripa","0","1","0.00","2.00"
"valor diaria estacionamento aeroporto galeao","0","4","0.00","7.25"
"valor diaria estacionamento aeroporto guarulhos","0","397","0.00","30.56"
"valor diaria estacionamento aeroporto porto alegre","0","5","0.00","1.00"
"valor diaria estacionamento aeroporto salgado filho","0","1","0.00","8.00"
"valor diaria estacionamento aeroporto santos dumont","0","4","0.00","10.25"
"valor diaria estacionamento aeroporto vix","0","10","0.00","7.10"
"valor diaria estacionamento congonhas","0","48","0.00","8.75"
"valor diaria estacionamento floripa airport","0","10","0.00","11.80"
"valor diaria estacionamento galeao","0","1","0.00","2.00"
"valor diaria estacionamento guarulhos","0","2","0.00","13.00"
"valor diária estacionamento aeroporto guarulhos 2026","0","39","0.00","40.00"
"valor diária estacionamento aeroporto","0","28","0.00","49.86"
"valor diária estacionamento aeroporto belém","0","6","0.00","1.00"
"valor diária estacionamento aeroporto confins","0","46","0.00","6.61"
"valor diária estacionamento aeroporto florianópolis","0","37","0.00","29.08"
"valor diária estacionamento aeroporto foz do iguaçu","0","13","0.00","1.15"
"valor diária estacionamento aeroporto guarulhos","0","37","0.00","14.65"
"valor diária estacionamento aeroporto manaus","0","2","0.00","2.00"
"valor diária estacionamento aeroporto porto alegre","0","9","0.00","1.33"
"valor diária estacionamento aeroporto presidente prudente","0","1","0.00","1.00"
"valor diária estacionamento aeroporto salvador","0","7","0.00","1.00"
"valor diária estacionamento aeroporto vitória","0","2","0.00","1.00"
"valor diária estacionamento santos dumont","0","6","0.00","26.33"
"valor do estacionamento","0","7","0.00","3.57"
"valor do estacionamento aeroporto congonhas","0","1","0.00","1.00"
"valor do estacionamento aeroporto curitiba","0","2","0.00","11.00"
"valor do estacionamento aeroporto de congonhas","0","21","0.00","16.90"
"valor do estacionamento aeroporto de guarulhos","0","264","0.00","39.09"
"valor do estacionamento aeroporto de viracopos","0","19","0.00","11.89"
"valor do estacionamento aeroporto galeão","0","2","0.00","83.50"
"valor do estacionamento aeroporto guarulhos","0","70","0.00","33.84"
"valor do estacionamento aeroporto recife","0","4","0.00","9.25"
"valor do estacionamento aeroporto viracopos","0","281","0.00","8.27"
"valor do estacionamento da rodoviária do tietê","0","16","0.00","12.06"
"valor do estacionamento de congonhas","0","9","0.00","1.00"
"valor do estacionamento de guarulhos","0","61","0.00","25.30"
"valor do estacionamento dentro do aeroporto de guarulhos","0","95","0.00","35.49"
"valor do estacionamento do aeroporto","0","64","0.00","30.58"
"valor do estacionamento do aeroporto de brasília","0","44","0.00","31.39"
"valor do estacionamento do aeroporto de confins","0","59","0.00","14.42"
"valor do estacionamento do aeroporto de congonhas","0","98","0.00","26.54"
"valor do estacionamento do aeroporto de cuiabá","0","13","0.00","11.69"
"valor do estacionamento do aeroporto de florianópolis","0","24","0.00","10.42"
"valor do estacionamento do aeroporto de fortaleza","0","13","0.00","3.77"
"valor do estacionamento do aeroporto de goiânia","0","12","0.00","6.50"
"valor do estacionamento do aeroporto de goiânia por hora","0","6","0.00","10.33"
"valor do estacionamento do aeroporto de guarulhos por hora","0","5","0.00","5.00"
"valor do estacionamento do aeroporto de guarulhos terminal 2","0","1","0.00","59.00"
"valor do estacionamento do aeroporto de guarulhos terminal 3","0","24","0.00","48.00"
"valor do estacionamento do aeroporto de maceio","0","1","0.00","1.00"
"valor do estacionamento do aeroporto de maceió","0","9","0.00","10.89"
"valor do estacionamento do aeroporto de natal","0","2","0.00","2.50"
"valor do estacionamento do aeroporto de navegantes","0","3","0.00","7.33"
"valor do estacionamento do aeroporto de recife 2024","0","42","0.00","15.71"
"valor do estacionamento do aeroporto de salvador","0","7","0.00","6.71"
"valor do estacionamento do aeroporto de vitoria es","0","1","0.00","2.00"
"valor do estacionamento do aeroporto de vitória","0","6","0.00","7.50"
"valor do estacionamento do aeroporto do galeão","0","19","0.00","8.95"
"valor do estacionamento do aeroporto galeão","0","61","0.00","36.43"
"valor do estacionamento do aeroporto guarulhos","0","3","0.00","1.00"
"valor do estacionamento do aeroporto santos dumont","0","24","0.00","21.63"
"valor do estacionamento do galeão","0","43","0.00","36.88"
"valor do estacionamento do shopping itaquera","0","1","0.00","2.00"
"valor do estacionamento do terminal rodoviário tietê","0","3","0.00","10.67"
"valor do estacionamento em guarulhos","0","115","0.00","38.72"
"valor do estacionamento em guarulhos aeroporto","0","2","0.00","7.00"
"valor do estacionamento em viracopos","0","271","0.00","8.62"
"valor do estacionamento estapar","0","1","0.00","12.00"
"valor do estacionamento na arena mrv","0","1","0.00","1.00"
"valor do estacionamento na rodoviária tietê","0","95","0.00","8.83"
"valor do estacionamento no aeroporto","0","34","0.00","2.26"
"valor do estacionamento no aeroporto de brasília","0","5","0.00","4.00"
"valor do estacionamento no aeroporto de campinas","0","7","0.00","2.29"
"valor do estacionamento no aeroporto de confins","0","223","0.00","8.93"
"valor do estacionamento no aeroporto de congonhas","0","110","0.00","22.15"
"valor do estacionamento no aeroporto de florianópolis","0","4","0.00","7.00"
"valor do estacionamento no aeroporto de guarulhos","0","467","0.00","14.69"
"valor do estacionamento no aeroporto de porto alegre","0","31","0.00","36.16"
"valor do estacionamento no aeroporto de salvador","0","27","0.00","9.00"
"valor do estacionamento no aeroporto de vitória","0","24","0.00","9.58"
"valor do estacionamento no aeroporto do galeão","0","8","0.00","6.75"
"valor do estacionamento no aeroporto galeão","0","17","0.00","49.29"
"valor do estacionamento no aeroporto salgado filho","0","4","0.00","17.00"
"valor do estacionamento no galeão","0","52","0.00","18.85"
"valor do estacionamento no santos dumont","0","2","0.00","6.00"
"valor do estacionamento no shopping","0","1","0.00","1.00"
"valor do estacionamento outlet premium","0","1","0.00","1.00"
"valor do estacionamento rodoviária tietê","0","94","0.00","9.32"
"valor do estacionamento viracopos","0","227","0.00","9.35"
"valor edificio garagem viracopos","0","4","0.00","10.75"
"valor estacionamento","0","1","0.00","3.00"
"valor estacionamento aeroporto aracaju","0","1","0.00","3.00"
"valor estacionamento aeroporto belém","0","1","0.00","1.00"
"valor estacionamento aeroporto brasilia","0","12","0.00","38.67"
"valor estacionamento aeroporto campo grande","0","10","0.00","8.30"
"valor estacionamento aeroporto campo grande ms","0","14","0.00","10.79"
"valor estacionamento aeroporto chapecó","0","5","0.00","1.00"
"valor estacionamento aeroporto congonhas 2025","0","8","0.00","2.38"
"valor estacionamento aeroporto de brasilia","0","43","0.00","23.60"
"valor estacionamento aeroporto de confins","0","11","0.00","15.00"
"valor estacionamento aeroporto de congonhas","0","48","0.00","27.56"
"valor estacionamento aeroporto de goiânia","0","22","0.00","5.18"
"valor estacionamento aeroporto de guarulhos","0","119","0.00","25.51"
"valor estacionamento aeroporto de viracopos","0","4","0.00","6.00"
"valor estacionamento aeroporto florianopolis","0","4","0.00","11.25"
"valor estacionamento aeroporto florianópolis","0","27","0.00","10.81"
"valor estacionamento aeroporto fortaleza","0","19","0.00","7.95"
"valor estacionamento aeroporto foz do iguaçu","0","2","0.00","1.00"
"valor estacionamento aeroporto galeao","0","33","0.00","19.09"
"valor estacionamento aeroporto galeão","0","10","0.00","65.70"
"valor estacionamento aeroporto goiânia","0","5","0.00","1.00"
"valor estacionamento aeroporto gru","0","2","0.00","1.00"
"valor estacionamento aeroporto guarulhos gru 2026","0","21","0.00","13.33"
"valor estacionamento aeroporto guarulhos terminal 2 por hora","0","2","0.00","2.00"
"valor estacionamento aeroporto guarulhos terminal 3","0","186","0.00","23.30"
"valor estacionamento aeroporto lisboa","0","9","0.00","48.44"
"valor estacionamento aeroporto londrina","0","8","0.00","6.13"
"valor estacionamento aeroporto manaus","0","3","0.00","1.00"
"valor estacionamento aeroporto maringa","0","1","0.00","2.00"
"valor estacionamento aeroporto maringá","0","1","0.00","3.00"
"valor estacionamento aeroporto natal","0","2","0.00","1.00"
"valor estacionamento aeroporto petrolina","0","4","0.00","1.75"
"valor estacionamento aeroporto porto alegre","0","126","0.00","43.50"
"valor estacionamento aeroporto puerto iguazú","0","8","0.00","1.13"
"valor estacionamento aeroporto recife","0","123","0.00","17.22"
"valor estacionamento aeroporto recife 2023","0","1","0.00","45.00"
"valor estacionamento aeroporto ribeirão preto","0","7","0.00","1.00"
"valor estacionamento aeroporto salvador","0","47","0.00","7.40"
"valor estacionamento aeroporto santos dumont","0","15","0.00","22.00"
"valor estacionamento aeroporto santos dumont rj","0","9","0.00","9.11"
"valor estacionamento aeroporto uberlândia","0","8","0.00","1.63"
"valor estacionamento aeroporto vitória","0","37","0.00","7.57"
"valor estacionamento aquario","0","1","0.00","1.00"
"valor estacionamento arena mrv","0","1","0.00","1.00"
"valor estacionamento audio club","0","1","0.00","1.00"
"valor estacionamento autódromo interlagos","0","1","0.00","1.00"
"valor estacionamento cadeg","0","1","0.00","1.00"
"valor estacionamento confins","0","12","0.00","3.58"
"valor estacionamento congonhas sp","0","5","0.00","1.00"
"valor estacionamento do aeroporto de guarulhos","0","14","0.00","3.21"
"valor estacionamento estapar","0","1","0.00","10.00"
"valor estacionamento floripa airport","0","22","0.00","8.14"
"valor estacionamento galeao diaria","0","4","0.00","8.50"
"valor estacionamento galeão","0","29","0.00","57.31"
"valor estacionamento galeão 2024","0","3","0.00","27.33"
"valor estacionamento gru","0","66","0.00","31.03"
"valor estacionamento gru terminal 2","0","2","0.00","1.50"
"valor estacionamento gru terminal 3","0","30","0.00","47.70"
"valor estacionamento guarulhos","0","162","0.00","24.44"
"valor estacionamento guarulhos aeroporto","0","71","0.00","41.51"
"valor estacionamento guarulhos terminal 3","0","5","0.00","1.00"
"valor estacionamento ibis confins","0","3","0.00","28.33"
"valor estacionamento mensalista","0","1","0.00","1.00"
"valor estacionamento mercado central","0","1","0.00","1.00"
"valor estacionamento no aeroporto de guarulhos","0","694","0.00","45.01"
"valor estacionamento oiapoque","0","1","0.00","1.00"
"valor estacionamento paróquia cristo redentor","0","1","0.00","3.00"
"valor estacionamento portal florianópolis","0","1","0.00","4.00"
"valor estacionamento porto de santos","0","1","0.00","66.00"
"valor estacionamento rodoferroviária curitiba","0","5","0.00","1.00"
"valor estacionamento rodoviaria tiete","0","141","0.00","13.43"
"valor estacionamento rodoviária campinas","0","2","0.00","68.00"
"valor estacionamento rodoviária curitiba","0","4","0.00","24.00"
"valor estacionamento santos dumont","0","72","0.00","25.04"
"valor estacionamento santos dumont rj","0","4","0.00","4.00"
"valor estacionamento sesc guarulhos","0","1","0.00","13.00"
"valor estacionamento shopping estação curitiba","0","1","0.00","1.00"
"valor estacionamento shopping maia","0","1","0.00","3.00"
"valor estacionamento shopping tiete plaza","0","5","0.00","2.60"
"valor estacionamento teatro gazeta","0","1","0.00","1.00"
"valor estacionamento terminal 2 guarulhos","0","6","0.00","1.00"
"valor estacionamento terminal 3 guarulhos","0","37","0.00","34.35"
"valor estacionamento terminal tiete","0","77","0.00","8.62"
"valor estacionamento tiete","0","12","0.00","10.75"
"valor estacionamento via parque","0","2","0.00","1.00"
"valor estacionamento viracopos diaria","0","128","0.00","10.77"
"valor guarda volumes guarulhos","0","1","0.00","46.00"
"valor hora estacionamento aeroporto guarulhos","0","7","0.00","1.00"
"valor médio de","0","1","0.00","10.00"
"valor normal","0","1","0.00","3.00"
"valor para deixar carro no aeroporto","0","8","0.00","5.75"
"valor para deixar o carro no aeroporto de curitiba","0","3","0.00","1.00"
"valor para deixar o carro no aeroporto de guarulhos","0","67","0.00","46.69"
"valor para deixar o carro no estacionamento do aeroporto","0","3","0.00","4.33"
"valor para estacionar no aeroporto de guarulhos","0","1","0.00","1.00"
"valor?","0","1","0.00","6.00"
"valores","0","8","0.00","4.13"
"valores aproximados","0","1","0.00","3.00"
"valores da diária","0","1","0.00","1.00"
"valores de estacionamento no aeroporto de guarulhos","0","81","0.00","31.88"
"valores diária","0","1","0.00","10.00"
"valores em media","0","1","0.00","4.00"
"valores estacionamento aeroporto confins","0","17","0.00","4.47"
"valores estacionamento aeroporto florianopolis","0","3","0.00","8.33"
"valores estacionamento aeroporto guarulhos","0","131","0.00","22.23"
"valores estacionamento aeroporto porto alegre","0","10","0.00","52.80"
"valores estacionamento aeroporto salvador","0","2","0.00","10.00"
"valores estacionamento galeão","0","6","0.00","65.67"
"valores estacionamiento aeropuerto","0","1","0.00","9.00"
"valores por hora","0","1","0.00","5.00"
"varipark","0","1","0.00","2.00"
"vc park","0","3","0.00","13.00"
"vcm park","0","52","0.00","5.67"
"vcp","0","1","0.00","4.00"
"vcp - aero viracopos","0","8","0.00","33.13"
"vcp aero viracopos","0","2","0.00","27.00"
"vcp aeroporto","0","3","0.00","2.67"
"vcp aeroporto onde fica","0","4","0.00","1.00"
"vcp brasil","0","1","0.00","3.00"
"vcp campinas","0","3","0.00","1.00"
"vcp campinas - viracopos","0","1","0.00","9.00"
"vcp estacionamento","0","192","0.00","26.03"
"vcp estacionamento f","0","13","0.00","12.46"
"vcp estacionamento viracopos","0","11","0.00","4.73"
"vcp qual aeroporto","0","1","0.00","1.00"
"vcp sao paulo","0","1","0.00","1.00"
"vcp é qual aeroporto","0","1","0.00","1.00"
"vcpark","0","10","0.00","5.80"
"ve park estacionamento","0","11","0.00","10.27"
"ve parking","0","12","0.00","15.50"
"ve parking porto alegre","0","2","0.00","8.00"
"veloe","0","1","0.00","40.00"
"velox park","0","4","0.00","21.25"
"velox park estacionamento","0","42","0.00","48.24"
"venezuela parking","0","1","0.00","9.00"
"veparking","0","24","0.00","9.38"
"verepark","0","1","0.00","3.00"
"verifique","0","1","0.00","2.00"
"verona park estacionamento","0","1","0.00","51.00"
"vest casa guarulhos","0","1","0.00","4.00"
"veículos de aeroporto","0","1","0.00","1.00"
"vi parking","0","1","0.00","11.00"
"via park campinas","0","41","0.00","11.37"
"via park estacionamento","0","81","0.00","45.00"
"via park estacionamento campinas","0","15","0.00","8.87"
"via parking","0","14","0.00","45.07"
"via parque estacionamento","0","2","0.00","17.00"
"viacao unir aeroporto confins","0","1","0.00","2.00"
"viagem park","0","1","0.00","11.00"
"viagem park guarulhos","0","21","0.00","58.86"
"viajar de avião pela congonhas com carro próprio é complicado porque não sei onde guardar o veículo em são paulo por vários dias","0","5","0.00","6.80"
"viaje park estacionamento","0","49","0.00","8.33"
"viaje park estacionamento guarulhos","0","88","0.00","8.30"
"viajepark","0","555","0.00","8.51"
"viajepark estacionamento","0","5","0.00","7.20"
"viajepark guarulhos","0","171","0.00","8.47"
"viapark","0","3","0.00","1.00"
"viapark estacionamentos","0","21","0.00","20.33"
"vibra são paulo estacionamento","0","1","0.00","1.00"
"viewparking","0","1","0.00","31.00"
"vila aeroporto campinas","0","1","0.00","23.00"
"vila aeroporto guarulhos","0","2","0.00","29.00"
"villa park estacionamento","0","20","0.00","48.95"
"villa park parking","0","1","0.00","49.00"
"vip estacionamento","0","4","0.00","7.50"
"vipark","0","1","0.00","2.00"
"vippark","0","3","0.00","26.33"
"vippark hesap aç","0","2","0.00","13.50"
"vira copos","0","20","0.00","1.50"
"vira copos aeroporto","0","1","0.00","4.00"
"vira copos campinas","0","1","0.00","2.00"
"vira copos sp","0","1","0.00","1.00"
"vira park view","0","2","0.00","2.00"
"viracopo","0","2","0.00","50.00"
"viracopos","0","242","0.00","7.08"
"viracopos (site:instagram.com/reel/ or site:instagram.com/p/)","0","1","0.00","4.00"
"viracopos (vcp)","0","2","0.00","5.50"
"viracopos - campinas","0","1","0.00","11.00"
"viracopos a sao paulo","0","1","0.00","1.00"
"viracopos aeroporto","0","24","0.00","8.96"
"viracopos aeroporto endereço","0","1","0.00","79.00"
"viracopos aeroporto internacional","0","15","0.00","64.93"
"viracopos aeroporto onde fica","0","3","0.00","15.67"
"viracopos aeroportos brasil","0","11","0.00","51.82"
"viracopos ao vivo 24 horas","0","1","0.00","8.00"
"viracopos br parking","0","1","0.00","12.00"
"viracopos campinas","0","3","0.00","5.33"
"viracopos campinas aeroporto","0","7","0.00","80.43"
"viracopos campinas estacionamento","0","111","0.00","36.63"
"viracopos campinas são paulo","0","1","0.00","1.00"
"viracopos chegadas","0","1","0.00","6.00"
"viracopos cidade","0","3","0.00","13.00"
"viracopos clima","0","93","0.00","12.11"
"viracopos desembarque","0","3","0.00","2.33"
"viracopos duty free","0","7","0.00","60.00"
"viracopos em campinas","0","2","0.00","6.00"
"viracopos endereço","0","1","0.00","1.00"
"viracopos estacionamento azul","0","3","0.00","11.00"
"viracopos estacionamento coberto","0","11","0.00","8.09"
"viracopos estacionamento oficial tarifas 2026","0","2","0.00","11.00"
"viracopos estacionamento tarifas","0","1","0.00","12.00"
"viracopos fica aonde","0","2","0.00","9.50"
"viracopos fica em campinas","0","8","0.00","64.75"
"viracopos fica onde","0","7","0.00","18.57"
"viracopos internacional","0","2","0.00","1.00"
"viracopos international airport directory","0","5","0.00","1.00"
"viracopos lojas","0","1","0.00","13.00"
"viracopos onde fica","0","30","0.00","11.33"
"viracopos onde é","0","3","0.00","4.33"
"viracopos park estacionamento","0","73","0.00","7.21"
"viracopos parking","0","4","0.00","70.25"
"viracopos sao paulo","0","2","0.00","1.00"
"viracopos sigla","0","3","0.00","54.67"
"viracopos são paulo","0","1","0.00","97.00"
"viracopos tem quantos terminais","0","2","0.00","10.50"
"viracopos tem sala vip","0","3","0.00","1.00"
"viracopos tem voo internacional","0","1","0.00","1.00"
"viracopos vcp","0","3","0.00","6.67"
"viracopos é campinas","0","1","0.00","1.00"
"viracopos é internacional","0","2","0.00","1.00"
"viracopos é onde","0","7","0.00","4.14"
"viracopos é uma cidade","0","2","0.00","9.50"
"viracopus","0","1","0.00","8.00"
"virallarki4","0","1","0.00","9.00"
"viralpark","0","1","0.00","4.00"
"viraoark","0","280","0.00","5.40"
"virapa","0","2","0.00","1.00"
"virapack","0","37","0.00","5.76"
"virapak","0","46","0.00","3.96"
"virapar","0","43","0.00","3.79"
"virapark - estacionamento viracopos","0","22","0.00","5.64"
"virapark aeroporto viracopos","0","14","0.00","7.29"
"virapark desconto azul","0","60","0.00","13.07"
"virapark estacionamento aeroporto viracopos","0","96","0.00","5.98"
"virapark estacionamento aeroporto viracopos campinas","0","23","0.00","5.65"
"virapark estacionamento aeroporto viracopos campinas (vcp) avaliações","0","5","0.00","13.40"
"virapark estacionamento azul viracopos","0","24","0.00","30.25"
"virapark estacionamento campinas endereço","0","124","0.00","9.05"
"virapark guarulhos","0","46","0.00","10.22"
"virapark reclame aqui","0","18","0.00","11.94"
"virapark telefone","0","487","0.00","9.91"
"virapark telefone campinas","0","43","0.00","7.72"
"virapark transfer","0","15","0.00","7.00"
"virapark é bom","0","9","0.00","8.67"
"virapark é confiavel","0","9","0.00","9.33"
"viraparl","0","12","0.00","3.50"
"viravopos","0","1","0.00","10.00"
"virpak","0","3","0.00","4.67"
"visa infinite estacionamento santos dumont","0","2","0.00","45.00"
"visa park estacionamentos","0","1","0.00","58.00"
"visapark","0","1","0.00","9.00"
"vista aerea aeroporto de congonhas","0","1","0.00","6.00"
"vista aerea aeroporto de guarulhos","0","1","0.00","1.00"
"vista alegre","0","1","0.00","10.00"
"vista aérea do aeroporto de guarulhos","0","1","0.00","6.00"
"vita park estacionamento","0","1","0.00","3.00"
"vitoria airport estacionamento","0","1","0.00","12.00"
"vivo aeroporto guarulhos","0","1","0.00","1.00"
"vix park","0","1","0.00","23.00"
"vix é qual aeroporto","0","1","0.00","1.00"
"vm aeroporto lisboa","0","1","0.00","1.00"
"voe park","0","116","0.00","61.70"
"voe park guarulhos","0","13","0.00","19.38"
"voepark","0","18","0.00","51.22"
"voepark estacionamento","0","2","0.00","19.00"
"voepark estacionamento aeroporto guarulhos","0","38","0.00","10.18"
"voepark guarulhos","0","7","0.00","17.86"
"volapark","0","3","0.00","9.00"
"voo campinas porto velho","0","1","0.00","5.00"
"voo domestico guarulhos terminal","0","2","0.00","1.00"
"voo internacional guarulhos","0","1","0.00","2.00"
"voo nacional","0","1","0.00","3.00"
"voo para guarulhos hoje","0","1","0.00","2.00"
"voo para o aeroporto de lisboa","0","13","0.00","94.77"
"voos","0","1","0.00","4.00"
"voos chegadas lisboa hoje","0","1","0.00","5.00"
"voos em guarulhos","0","1","0.00","4.00"
"voos internacionais saindo de viracopos","0","1","0.00","17.00"
"voos internacionais viracopos","0","1","0.00","1.00"
"voos para ribeirão das neves","0","1","0.00","2.00"
"vora park","0","3","0.00","5.00"
"voracopos","0","1","0.00","10.00"
"vorapark","0","31","0.00","4.94"
"vorpark","0","3","0.00","1.67"
"vou chegar de carro","0","1","0.00","7.00"
"vou de carro","0","1","0.00","1.00"
"vou de carro próprio","0","2","0.00","1.50"
"vou ficar 5 dias","0","1","0.00","3.00"
"vou ficar 7 dias","0","1","0.00","9.00"
"vou viajar a trabalho por um mês saindo de guarulhos e não sei onde deixar meu carro com segurança","0","4","0.00","6.00"
"vou viajar a trabalho por uma semana saindo de congonhas e não sei onde deixar meu carro com segurança em são paulo","0","5","0.00","2.00"
"voucher de reserva","0","1","0.00","55.00"
"vp estacionamento guarulhos","0","1","0.00","8.00"
"vp park","0","1","0.00","9.00"
"vpc aeroporto","0","2","0.00","1.00"
"vs estacionamento","0","1","0.00","30.00"
"vueling aeroporto porto","0","1","0.00","2.00"
"vueling porto","0","1","0.00","2.00"
"vvpark","0","1","0.00","11.00"
"vários dias","0","1","0.00","6.00"
"w park estacionamento","0","2","0.00","36.50"
"w premium lounge terminal 1","0","1","0.00","1.00"
"wagenpark","0","1","0.00","8.00"
"waze","0","1","0.00","12.00"
"web park estacionamento","0","1","0.00","2.00"
"well park estacionamento","0","5","0.00","49.00"
"wellon park","0","1","0.00","11.00"
"weparking","0","2","0.00","22.00"
"west park estacionamento","0","9","0.00","58.44"
"west park estacionamento mauá interno","0","2","0.00","58.00"
"what is a sky park","0","1","0.00","13.00"
"what is express parking","0","1","0.00","19.00"
"whatsapp","0","1","0.00","3.00"
"whatsapp do aeroporto de cuiabá","0","1","0.00","9.00"
"where can we park","0","1","0.00","11.00"
"wifi aeroporto lisboa","0","2","0.00","2.00"
"wimauma air park","0","1","0.00","25.00"
"win park estacionamento","0","2","0.00","78.50"
"winpark estacionamento","0","1","0.00","47.00"
"world park estacionamento","0","2","0.00","14.00"
"wp park","0","1","0.00","8.00"
"wp parking","0","8","0.00","10.63"
"wv estacionamento","0","1","0.00","4.00"
"www.aeropark","0","2","0.00","6.00"
"www.gru.com.br","0","1","0.00","2.00"
"www.parkindigo","0","9","0.00","6.11"
"xap aeroporto","0","1","0.00","1.00"
"xpress parking","0","3","0.00","7.67"
"yellow airport","0","2","0.00","9.50"
"yellow estacionamento","0","169","0.00","10.84"
"yellow estacionamento congonhas","0","13","0.00","9.23"
"yellow estacionamento guarulhos","0","407","0.00","13.29"
"yellow estacionamento viracopos","0","415","0.00","10.15"
"yellow guarulhos","0","6","0.00","11.17"
"yellow park campinas","0","287","0.00","10.08"
"yellow park estacionamento","0","21","0.00","11.48"
"yellow park estacionamento campinas","0","3","0.00","10.67"
"yellow park estacionamento guarulhos","0","1","0.00","6.00"
"yellow park guarulhos","0","1555","0.00","12.32"
"yellow parking congonhas","0","582","0.00","7.61"
"yellow parking estacionamento","0","57","0.00","8.72"
"yellow parking estacionamento - viracopos","0","984","0.00","11.64"
"yellow parking estacionamento - viracopos campinas","0","34","0.00","14.00"
"yellow parking estacionamento - viracopos fotos","0","28","0.00","10.39"
"yellow parking estacionamento 24 horas - aeroporto guarulhos","0","23","0.00","12.96"
"yellow parking estacionamento 24 horas aeroporto guarulhos","0","49","0.00","50.47"
"yellow parking gru","0","2","0.00","9.50"
"yellow parking guarulhos","0","606","0.00","11.91"
"yellow parking line","0","1","0.00","15.00"
"yellow parking viracopos reclame aqui","0","3","0.00","11.67"
"yellow parking viracopos é bom","0","25","0.00","8.68"
"yellow parque","0","1","0.00","12.00"
"yellow pix fotos","0","2","0.00","6.50"
"yelow park","0","15","0.00","8.87"
"zempark","0","1","0.00","8.00"
"zona 3 aeroporto lisboa","0","1","0.00","1.00"
"zona azul guarulhos","0","4","0.00","3.25"
"zona azul guarulhos app","0","1","0.00","3.00"
"zona guarulhos","0","1","0.00","1.00"
"zoo de guarulhos","0","1","0.00","2.00"
"zoologico guarulhos","0","3","0.00","2.00"
"zoológico de guarulhos","0","7","0.00","2.00"
"zoológico de guarulhos tem estacionamento","0","1","0.00","2.00"
"zoológico municipal de guarulhos","0","1","0.00","3.00"
"zoológico municipal de guarulhos fotos","0","1","0.00","2.00"
"zul estacionamento viracopos","0","2","0.00","2.00"
"zul+","0","2","0.00","11.50"
"zurich airport natal","0","1","0.00","6.00"
"área c estacionamento aeroporto curitiba","0","40","0.00","10.05"
"área do aeroporto de guarulhos","0","1","0.00","30.00"
"é 24 horas","0","1","0.00","4.00"
"é coberto?","0","2","0.00","3.50"
"é confiável?","0","3","0.00","3.67"
"é melhor fazer check in online ou no aeroporto","0","1","0.00","1.00"
"é seguro","0","1","0.00","5.00"
"é seguro?","0","1","0.00","2.00"
"índigo estacionamento","0","13","0.00","11.62"
"ópera de arame estacionamento preço","0","1","0.00","1.00"
"ônibus aeroporto confins","0","1","0.00","2.00"
"ônibus aeroporto guarulhos","0","2","0.00","1.00"
"ônibus de guarulhos para congonhas","0","1","0.00","2.00"
"ônibus de guarulhos para congonhas latam","0","1","0.00","1.00"
"ônibus guarulhos","0","2","0.00","3.00"
"ônibus latam congonhas guarulhos","0","1","0.00","3.00"
"ônibus para confins","0","1","0.00","1.00"
"ônibus para guarulhos","0","2","0.00","1.00"
"últimas notícias do aeroporto de congonhas hoje","0","13","0.00","1.00"
"да, покажи схему","0","1","0.00","8.00"
"سكاي بارك","0","4","0.00","50.00"
"صور للمنطقة","0","1","0.00","3.00"
"サンパウロ コインロッカー","0","1","0.00","2.00"
"스카이파크 로그인","0","2","0.00","8.50"
