"consulta","cliques","impressoes","ctr","posicao"
"estacionamento aeroporto curitiba","39","2401","1.62","11.30"
"estacionamento viracopos","28","2521","1.11","9.63"
"movepark","27","94","28.72","1.61"
"estacionamento aeroporto recife","26","1422","1.83","10.63"
"virapark","18","2274","0.79","3.97"
"estacionamento aeroporto navegantes","16","505","3.17","8.24"
"estacionamento aeroporto viracopos","15","1874","0.80","10.61"
"estacionamento aeroporto afonso pena","14","1039","1.35","10.49"
"estacionamento congonhas","14","628","2.23","11.33"
"estacionamento aeroporto congonhas","13","1198","1.09","12.50"
"estacionamento aeroporto santos dumont","13","256","5.08","8.79"
"estacionamento santos dumont","12","239","5.02","9.29"
"estacionamento viracopos campinas","10","559","1.79","10.18"
"estacionamento aeroporto de brasilia","9","530","1.70","10.35"
"estacionamento aeroporto teresina","9","43","20.93","3.53"
"garageinn viracopos","9","497","1.81","4.73"
"movepark viracopos","9","36","25.00","1.42"
"abba park","8","305","2.62","3.45"
"aero park recife","7","71","9.86","10.76"
"bepark","7","310","2.26","5.79"
"estacionamento aeroporto campinas","7","509","1.38","11.77"
"estacionamento aeroporto de goiania","7","980","0.71","10.02"
"estacionamento aeroporto florianópolis","7","96","7.29","12.84"
"estacionamento aeroporto vitoria","7","343","2.04","10.44"
"virapark campinas","7","1128","0.62","5.25"
"estacionamento aeroporto fortaleza","6","226","2.65","11.46"
"estacionamento viracopos aeroporto","6","189","3.17","13.79"
"reserva estacionamento aeroporto santos dumont","6","18","33.33","6.72"
"aeropark estacionamento recife","5","20","25.00","1.95"
"estacionamento aeroporto campo grande","5","182","2.75","10.54"
"estacionamento aeroporto londrina","5","203","2.46","11.03"
"estacionamento bambuzal","5","246","2.03","7.71"
"estacionamento congonhas park","5","177","2.82","9.98"
"estacionamento df park","5","93","5.38","4.75"
"estacionamento no aeroporto de viracopos","5","155","3.23","8.75"
"express park curitiba","5","43","11.63","3.26"
"4 dias","4","18","22.22","4.00"
"6 dias","4","15","26.67","4.67"
"aero park","4","132","3.03","7.39"
"aeropark recife","4","22","18.18","2.18"
"df park","4","71","5.63","4.13"
"estacionamento aeroporto brasilia","4","397","1.01","10.39"
"estacionamento aeroporto confins","4","245","1.63","10.40"
"estacionamento aeroporto congonhas sp","4","79","5.06","10.19"
"estacionamento aeroporto cuiaba","4","172","2.33","9.01"
"estacionamento aeroporto viracopos campinas","4","243","1.65","10.19"
"estacionamento perto do aeroporto de viracopos","4","50","8.00","12.56"
"estacionamento próximo ao aeroporto de congonhas com traslado","4","50","8.00","7.66"
"estacionamento rodoviaria tiete","4","558","0.72","8.17"
"estacionamento santos dumont valor","4","80","5.00","7.01"
"garage inn viracopos","4","281","1.42","5.73"
"movepark campinas","4","9","44.44","1.22"
"congonhas park estacionamento congonhas","3","139","2.16","9.45"
"decolar park guarulhos","3","348","0.86","5.38"
"df park estacionamento","3","82","3.66","5.18"
"estacionamento aeroporto","3","271","1.11","16.74"
"estacionamento aeroporto de londrina","3","76","3.95","10.37"
"estacionamento aeroporto de teresina","3","14","21.43","4.36"
"estacionamento em congonhas","3","129","2.33","8.75"
"estacionamento em viracopos","3","223","1.35","9.84"
"estacionamento galeão","3","180","1.67","13.23"
"estacionamento perto de congonhas","3","71","4.23","17.94"
"estacionamento perto do aeroporto de florianópolis","3","6","50.00","6.00"
"estacionamento proximo ao aeroporto recife","3","37","8.11","14.43"
"estacionamento próximo ao aeroporto de brasília","3","36","8.33","9.33"
"estacionamento próximo ao aeroporto de salvador","3","25","12.00","10.44"
"estacionamento próximo ao aeroporto de vitória","3","10","30.00","9.50"
"estacionamentos aeroporto curitiba","3","93","3.23","9.26"
"estapar aeroporto navegantes","3","10","30.00","4.70"
"movepark estacionamento","3","58","5.17","2.93"
"movepark estacionamento congonhas","3","8","37.50","1.38"
"plenty park congonhas","3","200","1.50","3.76"
"sim","3","60","5.00","5.00"
"talentos park aeroporto","3","45","6.67","2.93"
"valor diária estacionamento aeroporto londrina","3","21","14.29","5.67"
"vix park estacionamento","3","21","14.29","8.86"
"5 dias","2","26","7.69","3.46"
"aeropark","2","441","0.45","7.44"
"aeropark - estacionamento aeroporto de guarulhos cumbica","2","135","1.48","4.44"
"aeropark confins","2","370","0.54","5.82"
"aeropark guarulhos","2","983","0.20","4.66"
"aeroporto congonhas estacionamento","2","80","2.50","28.75"
"aerovalet","2","246","0.81","3.72"
"be park estacionamento confins","2","6","33.33","6.17"
"best park aeroporto","2","154","1.30","5.73"
"bh park santos dumont","2","77","2.60","10.19"
"bhpark","2","15","13.33","7.53"
"congonhas estacionamento","2","46","4.35","16.13"
"congonhas park estacionamento","2","30","6.67","16.53"
"connect park","2","18","11.11","12.72"
"connect park aeroporto curitiba","2","29","6.90","8.10"
"diaria estacionamento viracopos","2","66","3.03","14.38"
"diária estacionamento aeroporto brasília","2","11","18.18","7.00"
"diária estacionamento santos dumont","2","25","8.00","9.68"
"estacionamento aeroporto de campinas","2","124","1.61","12.73"
"estacionamento aeroporto de congonhas","2","155","1.29","11.92"
"estacionamento aeroporto galeao rj","2","45","4.44","9.42"
"estacionamento aeroporto joão pessoa","2","232","0.86","8.35"
"estacionamento aeroporto salgado filho","2","149","1.34","11.12"
"estacionamento aeroporto salvador","2","138","1.45","12.43"
"estacionamento aeroporto vitoria es","2","59","3.39","12.97"
"estacionamento afonso pena","2","72","2.78","10.35"
"estacionamento brasilia aeroporto","2","39","5.13","10.38"
"estacionamento campinas aeroporto","2","140","1.43","19.70"
"estacionamento dentro do aeroporto de confins","2","80","2.50","10.21"
"estacionamento dentro do aeroporto de viracopos","2","49","4.08","8.43"
"estacionamento do aeroporto de congonhas","2","33","6.06","24.30"
"estacionamento galeao rj","2","208","0.96","8.65"
"estacionamento perto do aeroporto de brasília","2","16","12.50","5.00"
"estacionamento proximo ao aeroporto congonhas","2","25","8.00","17.36"
"estacionamento próximo aeroporto de congonhas","2","32","6.25","15.31"
"estacionamento próximo ao aeroporto de congonhas","2","62","3.23","12.03"
"estacionamento próximo ao aeroporto de recife","2","33","6.06","6.15"
"estacionamento próximo ao aeroporto de viracopos","2","44","4.55","16.18"
"estacionamento santos dumont aeroporto","2","17","11.76","8.94"
"estacionamento viracopos azul","2","84","2.38","11.94"
"estacionamentos em viracopos","2","56","3.57","21.80"
"estacionamentos proximos ao aeroporto de recife","2","20","10.00","5.30"
"foco park estacionamento","2","26","7.69","3.62"
"garageinn viracopos - estacione dentro do aeroporto de viracopos","2","197","1.02","3.91"
"move park","2","33","6.06","3.58"
"multipark viracopos","2","119","1.68","6.99"
"one parking congonhas","2","64","3.13","3.56"
"park confins","2","341","0.59","8.38"
"qual o melhor estacionamento no aeroporto de viracopos","2","78","2.56","20.05"
"talentos park aeroporto - estacionamento","2","11","18.18","2.64"
"vagas cobertas","2","7","28.57","3.86"
"valor estacionamento aeroporto","2","20","10.00","11.00"
"valor estacionamento aeroporto confins","2","53","3.77","11.02"
"valor estacionamento aeroporto navegantes","2","31","6.45","6.87"
"valor estacionamento aeroporto vitória","2","32","6.25","7.84"
"ve park estacionamento aeroporto","2","27","7.41","6.63"
"vira park","2","350","0.57","3.64"
"virapark estacionamento","2","440","0.45","5.13"
"virapark viracopos","2","338","0.59","5.53"
"yellow parking viracopos","2","386","0.52","8.53"
"14 dias","1","5","20.00","4.20"
"15 dias","1","6","16.67","3.50"
"18 dias","1","1","100.00","1.00"
"23 dias","1","1","100.00","4.00"
"7 dias","1","33","3.03","4.45"
"aero park estacionamento brasilia","1","5","20.00","4.60"
"aeropark - várzea grande","1","6","16.67","5.67"
"aeropark brasilia","1","2","50.00","4.00"
"aeropark estacionamento","1","66","1.52","11.05"
"aeropark estacionamento varzea grande","1","11","9.09","6.09"
"aeropark gru","1","27","3.70","4.70"
"aeroporto brasilia estacionamento","1","20","5.00","10.30"
"aeroporto de joão pessoa estacionamento","1","19","5.26","6.68"
"aeroporto de londrina estacionamento","1","12","8.33","8.67"
"aeroporto londrina estacionamento","1","14","7.14","8.79"
"aeroporto navegantes estacionamento","1","24","4.17","7.92"
"aeroporto recife estacionamento","1","7","14.29","14.57"
"aeroporto recife estacionamento preço","1","8","12.50","14.25"
"aeroporto salgado filho","1","6","16.67","3.67"
"aeroporto santos dumont estacionamento","1","42","2.38","18.60"
"aeroporto viracopos estacionamento","1","105","0.95","8.52"
"aerovalet é confiável","1","74","1.35","5.01"
"arai park","1","41","2.44","5.49"
"avaliações sobre estacionamento df park","1","17","5.88","10.12"
"avaliações sobre estacionamento do aeroporto de fortaleza","1","6","16.67","8.00"
"avaliações sobre estapar estacionamentos aeroporto de brasilia (bsb) lago sul","1","7","14.29","11.71"
"avaliações sobre nikkey estacionamento","1","19","5.26","7.05"
"bandeira park santana","1","108","0.93","7.82"
"bandeira park viracopos é bom","1","18","5.56","9.89"
"beira mar park","1","1","100.00","4.00"
"bepark confins","1","35","2.86","5.80"
"bepark estacionamento aeroporto confins","1","21","4.76","17.19"
"bh park","1","36","2.78","8.33"
"bh park estacionamento","1","11","9.09","8.09"
"bh park sdu","1","7","14.29","9.29"
"big estacionamento brasilia","1","64","1.56","9.41"
"big estacionamento bsb","1","8","12.50","5.88"
"braspark","1","14","7.14","7.21"
"braspark estacionamentos","1","19","5.26","7.05"
"catedral estacionamento navegantes","1","42","2.38","8.60"
"cobertura","1","1","100.00","3.00"
"congonhas park","1","61","1.64","3.70"
"decolar park","1","744","0.13","5.10"
"decolar parking","1","11","9.09","4.91"
"decolarpark","1","202","0.50","6.98"
"dentro do aeroporto","1","5","20.00","4.60"
"desconto estacionamento viracopos","1","7","14.29","11.00"
"diaria aeroporto brasilia","1","15","6.67","7.27"
"diaria aeroporto santos dumont","1","4","25.00","8.25"
"diaria estacionamento aeroporto de brasilia","1","71","1.41","8.80"
"diaria estacionamento aeroporto de curitiba","1","32","3.13","9.69"
"diaria estacionamento aeroporto de goiania","1","22","4.55","11.14"
"diaria estacionamento aeroporto joao pessoa","1","12","8.33","5.58"
"diaria estacionamento aeroporto porto alegre","1","13","7.69","27.85"
"distância","1","1","100.00","2.00"
"econopark","1","242","0.41","5.89"
"econopark guarulhos","1","227","0.44","8.20"
"enzo","1","1","100.00","3.00"
"estacionamento","1","122","0.82","6.43"
"estacionamento aero parking ltda goiânia","1","8","12.50","8.88"
"estacionamento aeroporto afonso pena mais barato","1","9","11.11","8.78"
"estacionamento aeroporto brasilia diaria","1","12","8.33","8.42"
"estacionamento aeroporto brasília df park","1","2","50.00","6.00"
"estacionamento aeroporto confins mais barato","1","83","1.20","9.41"
"estacionamento aeroporto congonhas com traslado","1","81","1.23","13.04"
"estacionamento aeroporto curitiba barato","1","69","1.45","13.72"
"estacionamento aeroporto curitiba preço","1","22","4.55","10.00"
"estacionamento aeroporto de brasília","1","21","4.76","9.48"
"estacionamento aeroporto de congonhas sp","1","15","6.67","10.33"
"estacionamento aeroporto de curitiba","1","37","2.70","26.30"
"estacionamento aeroporto de navegantes","1","78","1.28","11.36"
"estacionamento aeroporto de viracopos","1","194","0.52","10.41"
"estacionamento aeroporto florianopolis","1","5","20.00","11.20"
"estacionamento aeroporto fortaleza hora","1","1","100.00","3.00"
"estacionamento aeroporto galeao","1","36","2.78","9.83"
"estacionamento aeroporto galeão","1","184","0.54","10.67"
"estacionamento aeroporto goiania","1","202","0.50","10.11"
"estacionamento aeroporto guarulhos","1","290","0.34","28.95"
"estacionamento aeroporto joao pessoa","1","54","1.85","7.96"
"estacionamento aeroporto joão pessoa valor","1","14","7.14","3.93"
"estacionamento aeroporto maceio","1","187","0.53","10.10"
"estacionamento aeroporto navegantes valor","1","26","3.85","7.58"
"estacionamento aeroporto santos dumont bhpark","1","9","11.11","8.00"
"estacionamento aeroporto santos dumont preço","1","5","20.00","4.00"
"estacionamento aeroporto santos dumont rio de janeiro","1","17","5.88","9.65"
"estacionamento aeroporto santos dumont valor","1","4","25.00","7.50"
"estacionamento aeroporto vix","1","24","4.17","9.21"
"estacionamento afonso pena curitiba","1","29","3.45","10.52"
"estacionamento bambuzal aeroporto fotos","1","15","6.67","7.53"
"estacionamento barato congonhas","1","18","5.56","24.89"
"estacionamento brasilia","1","21","4.76","15.71"
"estacionamento brb","1","4","25.00","9.25"
"estacionamento campinas viracopos","1","46","2.17","22.83"
"estacionamento catedral navegantes","1","27","3.70","7.78"
"estacionamento coberto aeroporto florianópolis","1","3","33.33","8.67"
"estacionamento confins","1","97","1.03","17.58"
"estacionamento congonhas aeroporto","1","63","1.59","10.65"
"estacionamento congonhas preço","1","35","2.86","24.63"
"estacionamento copacabana","1","1","100.00","10.00"
"estacionamento do aeroporto de brasília","1","30","3.33","21.03"
"estacionamento do aeroporto de brasília valor","1","10","10.00","6.80"
"estacionamento do aeroporto de campinas","1","28","3.57","19.61"
"estacionamento do aeroporto de recife","1","60","1.67","11.23"
"estacionamento do aeroporto santos dumont","1","33","3.03","16.42"
"estacionamento do terminal rodoviário tietê","1","61","1.64","11.70"
"estacionamento dummont park","1","50","2.00","10.32"
"estacionamento economico t2 galeao","1","8","12.50","9.63"
"estacionamento edificio garagem viracopos","1","14","7.14","11.07"
"estacionamento em brasilia","1","9","11.11","30.33"
"estacionamento em campinas","1","60","1.67","31.82"
"estacionamento em campinas perto do aeroporto","1","40","2.50","6.78"
"estacionamento em congonhas aeroporto","1","24","4.17","8.25"
"estacionamento em congonhas barato","1","4","25.00","27.25"
"estacionamento em navegantes aeroporto","1","13","7.69","7.23"
"estacionamento em viracopos campinas","1","166","0.60","7.33"
"estacionamento estacao portuguesa tiete","1","20","5.00","11.70"
"estacionamento express park","1","26","3.85","4.08"
"estacionamento galeao","1","149","0.67","10.78"
"estacionamento galeão rio de janeiro","1","23","4.35","9.43"
"estacionamento gratuito aeroporto brasília","1","5","20.00","9.20"
"estacionamento guarulhos","1","110","0.91","46.72"
"estacionamento keep parking porto alegre","1","26","3.85","6.92"
"estacionamento multipark congonhas","1","12","8.33","6.92"
"estacionamento no aeroporto","1","43","2.33","36.60"
"estacionamento no aeroporto de campinas","1","75","1.33","24.12"
"estacionamento no aeroporto galeão","1","8","12.50","10.25"
"estacionamento no viracopos","1","2","50.00","1.50"
"estacionamento park confins","1","172","0.58","7.72"
"estacionamento perto aeroporto confins","1","5","20.00","10.40"
"estacionamento perto aeroporto curitiba","1","33","3.03","7.67"
"estacionamento perto da rodoviária tietê","1","43","2.33","8.16"
"estacionamento perto do aeroporto","1","26","3.85","23.08"
"estacionamento perto do aeroporto de campinas","1","59","1.69","23.36"
"estacionamento perto do aeroporto de campinas viracopos","1","18","5.56","8.83"
"estacionamento perto do aeroporto de navegantes","1","15","6.67","6.93"
"estacionamento perto do aeroporto viracopos","1","9","11.11","8.00"
"estacionamento plenty park","1","15","6.67","7.40"
"estacionamento proximo a congonhas","1","58","1.72","18.14"
"estacionamento proximo aeroporto brasilia","1","27","3.70","13.33"
"estacionamento proximo aeroporto congonhas","1","50","2.00","9.34"
"estacionamento proximo aeroporto vitoria","1","11","9.09","8.36"
"estacionamento proximo ao aeroporto de brasilia","1","8","12.50","5.88"
"estacionamento proximo ao aeroporto florianópolis","1","5","20.00","4.00"
"estacionamento proximo ao aeroporto salvador","1","20","5.00","10.50"
"estacionamento proximo ao aeroporto viracopos","1","46","2.17","21.65"
"estacionamento próximo aeroporto curitiba","1","24","4.17","7.42"
"estacionamento próximo aeroporto de campinas","1","9","11.11","9.78"
"estacionamento próximo aeroporto de florianópolis","1","3","33.33","8.00"
"estacionamento próximo aeroporto florianópolis","1","8","12.50","10.50"
"estacionamento próximo ao aeroporto","1","19","5.26","28.42"
"estacionamento próximo ao aeroporto de florianópolis","1","3","33.33","5.67"
"estacionamento rodoviária tietê valor","1","37","2.70","9.27"
"estacionamento sdu","1","50","2.00","9.58"
"estacionamento terminal rodoviário tietê","1","69","1.45","14.99"
"estacionamento terminal tiete valor","1","14","7.14","10.14"
"estacionamento tiete","1","245","0.41","8.77"
"estacionamento tiete rodoviaria","1","28","3.57","9.96"
"estacionamento vcp","1","82","1.22","12.52"
"estacionamento vcp campinas","1","17","5.88","6.82"
"estacionamento vira copos","1","57","1.75","28.21"
"estacionamento viracopos aeroparking","1","7","14.29","7.43"
"estacionamento viracopos diaria","1","11","9.09","6.91"
"estacionamento viracopos oficial","1","10","10.00","8.90"
"estacionamento virapark campinas","1","104","0.96","5.34"
"estacionamento yellow park","1","8","12.50","10.50"
"estacionamentos aeroporto afonso pena","1","22","4.55","8.95"
"estacionamentos aeroporto curitiba preços","1","62","1.61","10.73"
"estacionamentos aeroporto florianópolis","1","1","100.00","11.00"
"estacionamentos aeroporto navegantes","1","20","5.00","18.90"
"estacionamentos aeroporto viracopos campinas","1","3","33.33","3.33"
"estacionamentos em confins","1","14","7.14","8.71"
"estacionamentos proximos ao aeroporto de salvador","1","22","4.55","8.68"
"estacionamentos proximos ao aeroporto salgado filho","1","17","5.88","10.18"
"estacionamentos próximos ao aeroporto de florianópolis","1","3","33.33","1.00"
"estacionamentos viracopos","1","90","1.11","23.60"
"estacionamentos viracopos campinas","1","13","7.69","4.77"
"estapar","1","1088","0.09","8.62"
"estapar aeroporto curitiba","1","18","5.56","36.00"
"estapar aeroporto de viracopos (vcp)","1","41","2.44","9.61"
"estapar aeroporto londrina","1","49","2.04","7.61"
"estapar londrina","1","9","11.11","7.56"
"estapar navegantes","1","23","4.35","5.61"
"express park estacionamento","1","22","4.55","5.77"
"facility estacionamento congonhas","1","76","1.32","10.20"
"feriado nacional","1","1","100.00","1.00"
"garagein viracopos","1","12","8.33","3.08"
"garagem 24h","1","1","100.00","2.00"
"garagem floripa","1","27","3.70","4.44"
"garagem floripa estacionamento","1","28","3.57","4.18"
"garagim","1","2","50.00","5.00"
"guarulhos","1","3","33.33","7.33"
"indigo estacionamento aeroporto curitiba","1","1","100.00","6.00"
"km 64 estacionamento","1","22","4.55","6.09"
"mais detalhes","1","1","100.00","4.00"
"market park","1","3","33.33","2.67"
"maxx estacionamento aeroporto salvador","1","2","50.00","6.00"
"movepark estacionamento guarulhos","1","10","10.00","2.80"
"movepark estacionamentos","1","12","8.33","2.33"
"movepark guarulhos","1","73","1.37","2.77"
"multipark confins","1","306","0.33","10.86"
"multipark estacionamento confins","1","25","4.00","10.96"
"nikkey estacionamento aeroporto curitiba","1","26","3.85","5.04"
"nikkey estacionamento curitiba","1","18","5.56","4.78"
"onde estacionar em viracopos","1","15","6.67","9.67"
"onde estacionar no aeroporto de congonhas","1","4","25.00","11.75"
"park 222 guarulhos","1","78","1.28","6.55"
"plenty park - estacionamento aeroporto congonhas","1","15","6.67","2.87"
"ponce park","1","651","0.15","8.33"
"preco do estacionamento em confins","1","4","25.00","9.25"
"preco estacionamento viracopos","1","5","20.00","8.40"
"premium estacionamento aeroporto curitiba","1","25","4.00","6.48"
"premium park confins","1","668","0.15","9.30"
"preço da diaria no estacionamento do aeroporto de guarulhos","1","17","5.88","33.00"
"preço estacionamento aeroporto","1","12","8.33","18.25"
"preço estacionamento aeroporto brasilia","1","38","2.63","6.92"
"preço estacionamento aeroporto santos dumont","1","4","25.00","3.25"
"preço estacionamento aeroporto vitória","1","8","12.50","7.50"
"preço estacionamento viracopos","1","54","1.85","16.87"
"pátio externo","1","1","100.00","13.00"
"qual estacionamento mais barato em confins","1","10","10.00","6.90"
"qual o melhor estacionamento aeroporto confins","1","19","5.26","22.47"
"qual o valor do estacionamento do aeroporto santos dumont","1","11","9.09","6.55"
"qual valor do estacionamento do aeroporto","1","2","50.00","5.00"
"qual valor do estacionamento do aeroporto de brasilia","1","14","7.14","6.50"
"quanto custa a diaria no estacionamento do aeroporto de brasilia","1","8","12.50","6.50"
"quanto custa deixar o carro no aeroporto de curitiba","1","8","12.50","7.63"
"quanto custa estacionamento no aeroporto de congonhas","1","26","3.85","19.96"
"r. joaquina de jesus, 745 - guarulhos, são paulo - cep 07140-233","1","9","11.11","5.56"
"reservas","1","1","100.00","4.00"
"sete dias","1","1","100.00","1.00"
"small parking estacionamento aeroporto","1","23","4.35","10.04"
"so tem essas opções?","1","1","100.00","3.00"
"telefone virapark campinas","1","21","4.76","4.24"
"the parking congonhas","1","77","1.30","11.79"
"the parking estacionamento congonhas","1","35","2.86","7.29"
"urban park gru estacionamento aeroporto guarulhos","1","201","0.50","8.87"
"valor da diaria no estacionamento do aeroporto de salvador","1","7","14.29","11.14"
"valor da diaria no estacionamento do aeroporto de vitoria","1","19","5.26","7.32"
"valor da diária","1","3","33.33","5.67"
"valor diaria estacionamento aeroporto vix","1","16","6.25","7.19"
"valor diária estacionamento aeroporto recife","1","12","8.33","10.17"
"valor do estacionamento dentro do aeroporto de confins","1","97","1.03","12.81"
"valor do estacionamento do aeroporto","1","9","11.11","5.11"
"valor do estacionamento do aeroporto de recife 2026","1","9","11.11","5.67"
"valor do estacionamento do aeroporto de recife por hora","1","24","4.17","24.29"
"valor do estacionamento do aeroporto do galeão","1","16","6.25","9.75"
"valor do estacionamento no aeroporto de brasília","1","7","14.29","7.29"
"valor do estacionamento no aeroporto de curitiba","1","27","3.70","10.37"
"valor do estacionamento no aeroporto de vitória","1","34","2.94","7.56"
"valor do estacionamento no aeroporto salgado filho","1","11","9.09","10.09"
"valor estacionamento aeroporto brasília","1","53","1.89","9.17"
"valor estacionamento aeroporto de brasilia","1","56","1.79","6.70"
"valor estacionamento aeroporto galeao","1","28","3.57","8.36"
"valor estacionamento aeroporto joao pessoa","1","9","11.11","2.33"
"valor estacionamento aeroporto porto alegre","1","28","3.57","10.54"
"valor estacionamento aeroporto recife","1","23","4.35","16.48"
"valor estacionamento rodoviária tietê","1","102","0.98","13.16"
"valores","1","7","14.29","5.00"
"valores medios","1","1","100.00","2.00"
"vcm park","1","48","2.08","4.33"
"viracopos","1","72","1.39","7.65"
"viracopos estacionamento","1","92","1.09","8.59"
"virapark estacionamento aeroporto viracopos campinas (vcp)","1","176","0.57","4.80"
"virapark estacionamento aeroporto viracopos campinas (vcp) - antiga rodovia santos dumont - jardim santa maria ii campinas - sp","1","37","2.70","3.41"
"vixpark estacionamento","1","16","6.25","8.94"
"é de confiança?","1","1","100.00","3.00"
"""20/20""","0","2","0.00","53.00"
"%""clkngiujscpalk""","0","27","0.00","2.93"
"%estacionamento aeroporto guarulhos diária preço 2026","0","18","0.00","9.67"
"+""clkngiujscpalk""","0","26","0.00","2.96"
"+estacionamento aeroporto guarulhos diária preço 2026","0","16","0.00","8.63"
"03 dias","0","1","0.00","2.00"
"05 horas","0","1","0.00","2.00"
"07 dias","0","1","0.00","6.00"
"08 dias","0","1","0.00","7.00"
"09 dias","0","1","0.00","5.00"
"1","0","1","0.00","3.00"
"1 dia","0","1","0.00","1.00"
"1 diária","0","1","0.00","3.00"
"1 hora","0","2","0.00","4.50"
"1 mes","0","2","0.00","3.00"
"1 noite","0","1","0.00","2.00"
"1 semana","0","2","0.00","1.50"
"10 dias","0","8","0.00","6.00"
"11 dia","0","1","0.00","7.00"
"11 dias","0","4","0.00","3.00"
"12 dias","0","3","0.00","5.67"
"12h","0","1","0.00","6.00"
"13 dias","0","1","0.00","12.00"
"14 dias?","0","1","0.00","1.00"
"16 dias","0","2","0.00","10.00"
"17 dias","0","2","0.00","8.00"
"19 dias","0","2","0.00","1.00"
"2 dias","0","6","0.00","5.83"
"2 noites","0","1","0.00","1.00"
"20","0","1","0.00","2.00"
"20 dias","0","1","0.00","6.00"
"21 dias","0","2","0.00","2.00"
"222 park","0","21","0.00","6.52"
"222 parking","0","1","0.00","10.00"
"28 dias","0","1","0.00","1.00"
"2h","0","1","0.00","3.00"
"3","0","3","0.00","2.67"
"3 diarias","0","2","0.00","3.50"
"3 dias","0","8","0.00","4.75"
"357,00","0","1","0.00","5.00"
"4","0","2","0.00","1.50"
"4 diarias","0","1","0.00","3.00"
"4 diárias","0","1","0.00","5.00"
"4 noites","0","1","0.00","9.00"
"5","0","1","0.00","3.00"
"5 diarias","0","1","0.00","9.00"
"5 diárias","0","2","0.00","2.00"
"5dias","0","1","0.00","4.00"
"6","0","2","0.00","2.00"
"6 diarias","0","1","0.00","4.00"
"6 horas","0","1","0.00","4.00"
"7","0","3","0.00","5.33"
"7 dias de viagem","0","1","0.00","5.00"
"7dias","0","1","0.00","11.00"
"8","0","1","0.00","4.00"
"8 dias","0","10","0.00","5.00"
"9","0","1","0.00","2.00"
"9 dias","0","3","0.00","4.33"
"a hora","0","1","0.00","3.00"
"a park","0","1","0.00","65.00"
"aba park","0","3","0.00","4.00"
"aba park estacionamento","0","17","0.00","6.47"
"abba estacionamento","0","12","0.00","4.00"
"abba park aeroporto","0","30","0.00","3.93"
"abba park curitiba","0","21","0.00","4.05"
"abba park estacionamento","0","177","0.00","4.06"
"abba park estacionamento aeroporto curitiba","0","13","0.00","3.38"
"abba park estacionamento curitiba","0","24","0.00","3.92"
"abbapark","0","18","0.00","2.94"
"abbas park","0","1","0.00","3.00"
"abra park","0","1","0.00","1.00"
"academia estapar","0","1","0.00","27.00"
"ace parking","0","1","0.00","61.00"
"ace parking reviews","0","1","0.00","76.00"
"acesso park estacionamento aeroporto curitiba","0","8","0.00","9.38"
"aereo park","0","1","0.00","5.00"
"aero cnf","0","1","0.00","12.00"
"aero estacionamento","0","11","0.00","20.18"
"aero estacionamento goiania","0","7","0.00","10.71"
"aero park campinas","0","13","0.00","9.46"
"aero park confins","0","57","0.00","5.81"
"aero park congonhas","0","3","0.00","9.33"
"aero park estacionamento","0","67","0.00","13.15"
"aero park guarulhos","0","141","0.00","9.07"
"aero park hotel","0","1","0.00","36.00"
"aero parking","0","7","0.00","8.00"
"aero valet","0","9","0.00","4.22"
"aero valet congonhas","0","17","0.00","4.94"
"aeronpark","0","1","0.00","10.00"
"aeropaek","0","1","0.00","4.00"
"aeroparck","0","4","0.00","4.00"
"aeroparj","0","1","0.00","9.00"
"aeropark campinas","0","58","0.00","13.52"
"aeropark confins é confiável","0","9","0.00","10.00"
"aeropark congonhas","0","2","0.00","13.50"
"aeropark estacionamento aeroporto de guarulhos cumbica","0","12","0.00","4.50"
"aeropark estacionamento congonhas","0","2","0.00","11.50"
"aeropark estacionamento guarulhos","0","62","0.00","10.42"
"aeropark guarulhos é bom","0","13","0.00","5.54"
"aeropark lisboa","0","1","0.00","59.00"
"aeropark official website","0","1","0.00","6.00"
"aeropark presidente prudente","0","2","0.00","18.00"
"aeropark varzea grande","0","11","0.00","5.36"
"aeropark viracopos","0","71","0.00","8.79"
"aeropark várzea grande","0","27","0.00","12.41"
"aeropark.","0","1","0.00","6.00"
"aeroparkin","0","2","0.00","9.00"
"aeroparking","0","38","0.00","14.50"
"aeroparking campinas","0","39","0.00","25.08"
"aeroparking estacionamento","0","19","0.00","27.26"
"aeroparking guarulhos","0","15","0.00","5.60"
"aeroparking viracopos","0","235","0.00","12.54"
"aeroparks","0","1","0.00","33.00"
"aeroparkvg","0","4","0.00","8.50"
"aeroparl","0","2","0.00","8.00"
"aeroparque lisboa","0","3","0.00","51.00"
"aeropk","0","2","0.00","10.00"
"aeroport ork","0","1","0.00","10.00"
"aeroporto","0","11","0.00","30.36"
"aeroporto 777","0","11","0.00","7.36"
"aeroporto afonso pena","0","43","0.00","47.98"
"aeroporto afonso pena curitiba","0","2","0.00","26.50"
"aeroporto afonso pena embarque","0","1","0.00","17.00"
"aeroporto afonso pena endereço","0","1","0.00","18.00"
"aeroporto afonso pena estacionamento","0","32","0.00","10.69"
"aeroporto campinas estacionamento","0","41","0.00","16.73"
"aeroporto cgb onde fica","0","5","0.00","8.40"
"aeroporto cgh","0","1","0.00","61.00"
"aeroporto cgh onde fica","0","1","0.00","53.00"
"aeroporto cgr","0","1","0.00","11.00"
"aeroporto cnf","0","29","0.00","18.28"
"aeroporto cnf confins","0","2","0.00","5.50"
"aeroporto confins","0","10","0.00","39.40"
"aeroporto confins estacionamento","0","17","0.00","20.24"
"aeroporto confins nome","0","1","0.00","11.00"
"aeroporto confis","0","1","0.00","39.00"
"aeroporto conginhas","0","1","0.00","11.00"
"aeroporto congonha","0","1","0.00","12.00"
"aeroporto congonhas","0","65","0.00","10.71"
"aeroporto congonhas endereço","0","1","0.00","41.00"
"aeroporto congonhas sp","0","1","0.00","56.00"
"aeroporto cuiaba estacionamento","0","6","0.00","4.50"
"aeroporto curitiba","0","9","0.00","37.67"
"aeroporto curitiba estacionamento","0","53","0.00","11.08"
"aeroporto curitiba estacionamento valor","0","2","0.00","12.00"
"aeroporto curitiba lojas","0","1","0.00","1.00"
"aeroporto da lisboa","0","1","0.00","58.00"
"aeroporto de brasilia estacionamento","0","33","0.00","10.94"
"aeroporto de brasília estacionamento","0","5","0.00","13.80"
"aeroporto de campinas estacionamento","0","3","0.00","10.00"
"aeroporto de confins","0","7","0.00","19.14"
"aeroporto de confins como chegar","0","4","0.00","10.75"
"aeroporto de confins em bh","0","1","0.00","21.00"
"aeroporto de confins estacionamento","0","7","0.00","12.29"
"aeroporto de confins estacionamento preço","0","4","0.00","11.75"
"aeroporto de confins nome","0","1","0.00","8.00"
"aeroporto de confins onde fica","0","1","0.00","16.00"
"aeroporto de confins por dentro","0","1","0.00","11.00"
"aeroporto de congonhas","0","11","0.00","22.45"
"aeroporto de congonhas bairro","0","1","0.00","33.00"
"aeroporto de congonhas endereço","0","2","0.00","35.50"
"aeroporto de congonhas estacionamento","0","84","0.00","19.45"
"aeroporto de congonhas estacionamento oficial","0","6","0.00","10.83"
"aeroporto de congonhas estacionamento preço","0","5","0.00","13.60"
"aeroporto de congonhas estacionamento próximo","0","18","0.00","38.44"
"aeroporto de congonhas fecha que horas","0","1","0.00","56.00"
"aeroporto de congonhas fica aberto 24 horas","0","1","0.00","41.00"
"aeroporto de congonhas fica onde","0","1","0.00","53.00"
"aeroporto de congonhas sigla","0","2","0.00","37.50"
"aeroporto de congonhas sp","0","2","0.00","51.00"
"aeroporto de congonhas são paulo","0","1","0.00","7.00"
"aeroporto de congonhas tem estacionamento","0","1","0.00","15.00"
"aeroporto de congonhas tem estacionamento para deixar o carro","0","7","0.00","12.57"
"aeroporto de congonhas terminal 1","0","2","0.00","47.50"
"aeroporto de cuiaba","0","1","0.00","7.00"
"aeroporto de cumbica estacionamento","0","1","0.00","37.00"
"aeroporto de cumbica fica onde","0","1","0.00","43.00"
"aeroporto de cumbica onde fica","0","1","0.00","34.00"
"aeroporto de curitiba","0","7","0.00","45.00"
"aeroporto de curitiba estacionamento","0","15","0.00","32.67"
"aeroporto de florianopolis","0","1","0.00","9.00"
"aeroporto de florianópolis","0","1","0.00","13.00"
"aeroporto de florianópolis estacionamento","0","8","0.00","10.88"
"aeroporto de florianópolis telefone","0","1","0.00","9.00"
"aeroporto de fortaleza estacionamento","0","8","0.00","11.50"
"aeroporto de goiania estacionamento","0","20","0.00","24.05"
"aeroporto de goiânia estacionamento","0","10","0.00","12.70"
"aeroporto de guarulhos endereço","0","6","0.00","35.17"
"aeroporto de guarulhos estacionamento","0","26","0.00","53.42"
"aeroporto de guarulhos estacionamento preço","0","13","0.00","41.92"
"aeroporto de guarulhos estacionamento terminal 3","0","4","0.00","23.75"
"aeroporto de guarulhos estacionamento valor","0","11","0.00","55.91"
"aeroporto de guarulhos estacionamentos","0","16","0.00","48.50"
"aeroporto de guarulhos mapa","0","3","0.00","34.67"
"aeroporto de guarulhos tem estacionamento","0","11","0.00","44.18"
"aeroporto de guarulhos terminal 2 estacionamento","0","6","0.00","32.00"
"aeroporto de lis","0","1","0.00","12.00"
"aeroporto de lisboa","0","3","0.00","26.33"
"aeroporto de lisboa chegadas estacionamento","0","1","0.00","34.00"
"aeroporto de lisboa endereço","0","1","0.00","6.00"
"aeroporto de lisboa estacionamento","0","42","0.00","37.10"
"aeroporto de lisboa nome","0","1","0.00","30.00"
"aeroporto de lisboa parking","0","1","0.00","28.00"
"aeroporto de lisboa parque","0","26","0.00","45.42"
"aeroporto de lisboa parque 5 lisboa","0","1","0.00","38.00"
"aeroporto de lisboa parque de estacionamento","0","1","0.00","30.00"
"aeroporto de londrina","0","1","0.00","8.00"
"aeroporto de maceio estacionamento","0","5","0.00","10.40"
"aeroporto de minas gerais confins","0","3","0.00","11.33"
"aeroporto de navegantes","0","6","0.00","6.17"
"aeroporto de navegantes - rua manoel leopoldo rocha - meia praia navegantes - sc","0","1","0.00","9.00"
"aeroporto de navegantes estacionamento","0","10","0.00","8.00"
"aeroporto de recife estacionamento","0","35","0.00","15.37"
"aeroporto de salvador","0","1","0.00","3.00"
"aeroporto de salvador estacionamento","0","15","0.00","11.60"
"aeroporto de salvador estacionamento preço","0","1","0.00","11.00"
"aeroporto de são josé dos pinhais","0","1","0.00","49.00"
"aeroporto de teresina","0","1","0.00","15.00"
"aeroporto de viracopos","0","2","0.00","8.50"
"aeroporto de viracopos estacionamento","0","25","0.00","10.08"
"aeroporto de vitoria","0","3","0.00","3.00"
"aeroporto de vitoria estacionamento","0","5","0.00","10.20"
"aeroporto de vitória","0","1","0.00","3.00"
"aeroporto de vitória estacionamento","0","23","0.00","10.61"
"aeroporto do parana","0","2","0.00","27.50"
"aeroporto em curitiba","0","1","0.00","38.00"
"aeroporto estacionamento","0","56","0.00","33.93"
"aeroporto estacionamento curitiba","0","16","0.00","11.75"
"aeroporto estacionamento guarulhos","0","3","0.00","23.67"
"aeroporto estacionamento lisboa","0","2","0.00","47.50"
"aeroporto estacionamento valor","0","2","0.00","4.00"
"aeroporto florianopolis estacionamento","0","1","0.00","14.00"
"aeroporto florianopolis estacionamento diaria","0","1","0.00","11.00"
"aeroporto florianópolis estacionamento","0","7","0.00","12.29"
"aeroporto fortaleza estacionamento","0","2","0.00","12.50"
"aeroporto galeao estacionamento","0","10","0.00","10.30"
"aeroporto galeão","0","1","0.00","30.00"
"aeroporto galeão estacionamento","0","29","0.00","10.55"
"aeroporto galeão estacionamento preço","0","7","0.00","8.29"
"aeroporto goiania estacionamento","0","10","0.00","17.30"
"aeroporto gru estacionamento","0","5","0.00","41.60"
"aeroporto guarulhos estacionamento","0","18","0.00","52.72"
"aeroporto guarulhos estacionamento barato","0","12","0.00","46.42"
"aeroporto guarulhos estacionamento terminal 3","0","3","0.00","24.33"
"aeroporto guarulhos terminal 3 estacionamento","0","13","0.00","23.85"
"aeroporto humberto delgado","0","12","0.00","30.00"
"aeroporto humberto delgado (lis)","0","1","0.00","19.00"
"aeroporto humberto delgado lisboa","0","5","0.00","46.20"
"aeroporto internacional afonso pena","0","38","0.00","15.11"
"aeroporto internacional confins","0","1","0.00","58.00"
"aeroporto internacional de confins","0","6","0.00","22.67"
"aeroporto internacional de curitiba","0","7","0.00","25.71"
"aeroporto internacional de curitiba - afonso pena","0","3","0.00","12.00"
"aeroporto internacional de curitiba afonso pena","0","2","0.00","11.50"
"aeroporto internacional de guarulhos estacionamento","0","8","0.00","40.50"
"aeroporto internacional de navegantes - rua osmar gaya - meia praia navegantes - sc","0","2","0.00","10.50"
"aeroporto internacional de viracopos","0","2","0.00","10.00"
"aeroporto internacional de viracopos (vcp)","0","2","0.00","9.50"
"aeroporto internacional lisboa","0","1","0.00","36.00"
"aeroporto joão pessoa estacionamento","0","10","0.00","8.10"
"aeroporto lis","0","13","0.00","17.08"
"aeroporto lisboa estacionamento","0","46","0.00","35.63"
"aeroporto lisboa estacionamento chegadas","0","2","0.00","40.50"
"aeroporto lisboa estacionamento low cost","0","70","0.00","42.70"
"aeroporto lisboa nome","0","3","0.00","32.00"
"aeroporto lisboa parking","0","5","0.00","30.20"
"aeroporto lisboa parking low cost","0","6","0.00","41.33"
"aeroporto lisboa parque","0","29","0.00","39.79"
"aeroporto lisboa parque p5","0","1","0.00","38.00"
"aeroporto maceio estacionamento","0","6","0.00","10.50"
"aeroporto minas gerais confins","0","1","0.00","10.00"
"aeroporto navegantes","0","1","0.00","12.00"
"aeroporto navegantes sc","0","2","0.00","9.00"
"aeroporto parana","0","1","0.00","35.00"
"aeroporto park","0","15","0.00","20.00"
"aeroporto parking","0","7","0.00","50.29"
"aeroporto parque","0","6","0.00","53.00"
"aeroporto parque estacionamento","0","3","0.00","49.33"
"aeroporto parque lisboa","0","6","0.00","30.33"
"aeroporto porto alegre estacionamento","0","1","0.00","20.00"
"aeroporto salgado filho estacionamento","0","16","0.00","18.75"
"aeroporto salvador estacionamento","0","9","0.00","11.44"
"aeroporto santos dumont tem estacionamento","0","7","0.00","9.71"
"aeroporto sao jose dos pinhais","0","5","0.00","50.80"
"aeroporto teresina endereço","0","1","0.00","23.00"
"aeroporto vcp estacionamento","0","2","0.00","1.00"
"aeroporto vira copos","0","3","0.00","9.67"
"aeroporto viracopos","0","23","0.00","10.00"
"aeroporto viracopos campinas","0","1","0.00","3.00"
"aeroporto viracopos campinas estacionamento","0","22","0.00","31.64"
"aeroporto viracopos estacionamento oficial","0","2","0.00","11.50"
"aeroporto viracopos estacionamento preço","0","13","0.00","12.00"
"aeroporto viracopos é grande","0","2","0.00","11.00"
"aeroporto vitoria","0","1","0.00","4.00"
"aeroporto vitoria es","0","1","0.00","2.00"
"aeroporto vitoria estacionamento","0","6","0.00","9.83"
"aeroporto vix estacionamento","0","3","0.00","10.67"
"aeroporto.congonhas","0","3","0.00","11.67"
"aeroporto.salgado.filho","0","1","0.00","3.00"
"aeroportos lisboa","0","5","0.00","63.40"
"aeropsrk","0","1","0.00","6.00"
"aeropuerto internacional afonso pena","0","3","0.00","23.67"
"aerovalet - estacionamento aeroporto guarulhos","0","6","0.00","4.17"
"aerovalet congonhas","0","28","0.00","4.61"
"aerovalet gru","0","12","0.00","4.92"
"aerovalet guarulhos","0","75","0.00","5.24"
"aerovalle","0","2","0.00","8.00"
"afonso pena","0","1","0.00","3.00"
"afonso pena aeroporto","0","5","0.00","51.20"
"afonso pena curitiba","0","1","0.00","29.00"
"afonso pena estacionamento","0","1","0.00","11.00"
"aimo park","0","1","0.00","53.00"
"aimo park atos","0","1","0.00","45.00"
"aimo park hinnasto","0","1","0.00","80.00"
"aimo park priser","0","1","0.00","44.00"
"air parc","0","1","0.00","64.00"
"air park","0","56","0.00","42.80"
"airpark","0","29","0.00","35.07"
"airpark aeroporto lisboa","0","1","0.00","36.00"
"airpark estacionamento aeroporto de lisboa","0","1","0.00","42.00"
"airpark lisboa","0","1","0.00","27.00"
"airpark login","0","3","0.00","16.00"
"airpark plaza","0","1","0.00","43.00"
"airpark porto","0","1","0.00","62.00"
"airparks login","0","1","0.00","25.00"
"airperk","0","1","0.00","65.00"
"airport estacionamento","0","2","0.00","68.50"
"airport estacionamento guarulhos","0","4","0.00","52.00"
"airport guarulhos estacionamento","0","4","0.00","63.00"
"airport park","0","39","0.00","15.87"
"airport park - gru estacionamento aeroporto guarulhos","0","17","0.00","14.88"
"airport park congonhas","0","1","0.00","10.00"
"airport park estacionamento","0","1","0.00","9.00"
"airport park estacionamento aeroporto guarulhos","0","1","0.00","8.00"
"airport park gru","0","13","0.00","21.08"
"airport park gru - estacionamento aeroporto guarulhos","0","5","0.00","39.40"
"airport park gru estacionamento aeroporto guarulhos","0","11","0.00","19.73"
"airport park guarulhos","0","18","0.00","19.22"
"airport park guarulhos estacionamento","0","7","0.00","19.57"
"airport park guarulhos é bom","0","1","0.00","1.00"
"airport parkering","0","1","0.00","85.00"
"airport parking","0","2","0.00","7.00"
"airport valet","0","3","0.00","8.00"
"airportpark","0","2","0.00","66.50"
"airports parking","0","1","0.00","98.00"
"alfa parking","0","2","0.00","87.00"
"algumas horas","0","1","0.00","5.00"
"all park","0","2","0.00","2.50"
"all park estacionamento","0","2","0.00","20.00"
"allpark estacionamento","0","1","0.00","7.00"
"alternativa estapar congonhas","0","4","0.00","66.25"
"altura da van","0","1","0.00","1.00"
"altura de uma van","0","2","0.00","1.00"
"altura van","0","3","0.00","10.33"
"aluguel estacionamento","0","1","0.00","9.00"
"ana aeroporto lisboa estacionamento","0","2","0.00","25.00"
"ana aeroportos estacionamento lisboa","0","2","0.00","32.00"
"ana estacionamento aeroporto lisboa","0","1","0.00","25.00"
"ana estacionamento lisboa","0","1","0.00","47.00"
"ana parques aeroporto lisboa","0","3","0.00","23.00"
"antecedência","0","1","0.00","10.00"
"antiga rodovia santos dumont, km 64 - jardim santa maria ii, campinas - sp, 13053-701","0","28","0.00","4.21"
"ao redor","0","1","0.00","2.00"
"aonde comprar?","0","1","0.00","5.00"
"aparcamiento cerca de mi","0","2","0.00","6.00"
"apenas horas","0","1","0.00","5.00"
"apenas um dia","0","1","0.00","4.00"
"aplicativo oficial","0","1","0.00","6.00"
"arai park congonhas","0","8","0.00","5.63"
"areopark","0","1","0.00","5.00"
"arepak","0","1","0.00","29.00"
"aropark","0","1","0.00","5.00"
"athena park","0","2","0.00","4.50"
"atlas estacionamentos","0","1","0.00","82.00"
"auto airport","0","1","0.00","9.00"
"auto park","0","5","0.00","5.60"
"auto park brasil","0","25","0.00","9.28"
"auto park brasil confins","0","2","0.00","8.50"
"auto park brasil estacionamento confins","0","12","0.00","6.58"
"auto park confins","0","13","0.00","9.00"
"autopark","0","3","0.00","6.33"
"autopark brasil","0","12","0.00","10.50"
"autopark confins","0","6","0.00","8.17"
"av das industrias 1344 porto alegre","0","5","0.00","9.00"
"av monteiro lobato 4250","0","1","0.00","24.00"
"av novo brasil 954","0","16","0.00","6.75"
"av novo brasil 954 guarulhos","0","37","0.00","15.62"
"av roza helena schorling albuquerque","0","3","0.00","9.00"
"av vinte de janeiro s/n estac tps2 via d","0","5","0.00","7.60"
"av washington luiz, 7135 - são paulo - sp","0","10","0.00","5.20"
"av. das indústrias, 1344","0","9","0.00","9.22"
"av. mal. mascarenhas de moraes,6133","0","3","0.00","17.00"
"av. marechal mascarenhas de morais, 6133, imbiribeira, recife, pe, brasil","0","3","0.00","7.67"
"av. min. evandro lins e silva, 140","0","10","0.00","10.60"
"av. min. evandro lins e silva, 140 - parque cecap","0","12","0.00","11.58"
"av. min. evandro lins e silva, 140 - parque cecap guarulhos- sp- brasil | cep: 07190-017","0","4","0.00","10.50"
"av. min. evandro lins e silva, 140 - parque cecap, guarulhos - sp, 07190-017","0","52","0.00","10.62"
"av. monteiro lobato 4.250, junto a av. hélio smidt","0","9","0.00","5.78"
"av. novo brasil 954","0","21","0.00","9.81"
"av. novo brasil 954 - cidade industrial satélite de são paulo guarulhos - sp 07221-010","0","12","0.00","8.33"
"av. novo brasil 954 cidade industrial satélite de são paulo guarulhos sp 07221-010","0","18","0.00","16.50"
"av. novo brasil 954 guarulhos sp 07221-010","0","15","0.00","8.53"
"av. novo brasil, 954","0","17","0.00","8.24"
"av. novo brasil, 954 - cidade industrial satélite de são paulo, guarulhos - sp, 07221-010","0","33","0.00","5.12"
"av. novo brasil, 954, cidade industrial satélite de são paulo, guarulhos, sp, 07221-010","0","16","0.00","5.13"
"av. pres. tancredo de almeida neves, 2081 são roque, guarulhos - sp, 07112-070","0","1","0.00","6.00"
"av. voluntários da pátria, 498","0","2","0.00","14.50"
"avaliações sobre abba park estacionamento","0","75","0.00","10.83"
"avaliações sobre aeropark - estacionamento aeroporto de guarulhos cumbica","0","161","0.00","9.86"
"avaliações sobre aeropark confins","0","20","0.00","7.80"
"avaliações sobre aerovalet","0","8","0.00","6.63"
"avaliações sobre aerovalet - estacionamento aeroporto guarulhos","0","28","0.00","19.93"
"avaliações sobre airport park gru","0","47","0.00","12.60"
"avaliações sobre auto park brasil estacionamento confins","0","1","0.00","10.00"
"avaliações sobre bandeira park - estacionamento aeroporto guarulhos gru","0","66","0.00","9.05"
"avaliações sobre bandeira park - estacionamento aeroporto viracopos campinas vcp","0","21","0.00","10.05"
"avaliações sobre bandeira park congonhas","0","41","0.00","10.95"
"avaliações sobre bandeira park tiete","0","8","0.00","5.88"
"avaliações sobre bandeira park viracopos","0","1","0.00","9.00"
"avaliações sobre bepark","0","22","0.00","5.59"
"avaliações sobre br parking viracopos","0","88","0.00","6.51"
"avaliações sobre call park estacionamento aeroporto","0","75","0.00","10.23"
"avaliações sobre central park confins","0","22","0.00","9.14"
"avaliações sobre congonhas park","0","8","0.00","4.00"
"avaliações sobre decolarpark","0","58","0.00","6.79"
"avaliações sobre econopark aeroporto de guarulhos gru","0","15","0.00","6.93"
"avaliações sobre edifício garagem aeroporto internacional de viracopos","0","4","0.00","9.75"
"avaliações sobre estacionamento aeroporto navegantes dummont park","0","9","0.00","6.33"
"avaliações sobre estacionamento aeroporto santos dumont","0","7","0.00","9.86"
"avaliações sobre estacionamento bambuzal","0","8","0.00","6.38"
"avaliações sobre estacionamento space park confins","0","6","0.00","6.83"
"avaliações sobre estacionamento urban park guarulhos","0","556","0.00","10.54"
"avaliações sobre estapar aeroporto de viracopos (vcp)","0","20","0.00","8.75"
"avaliações sobre estapar estacionamentos off site aeroporto salgado filho (poa)","0","19","0.00","5.58"
"avaliações sobre express parking","0","6","0.00","8.83"
"avaliações sobre facility estacionamento aeroporto de congonhas (cgh)","0","9","0.00","7.78"
"avaliações sobre garageinn viracopos - estacione dentro do aeroporto de viracopos","0","24","0.00","7.63"
"avaliações sobre gopark gru","0","100","0.00","7.86"
"avaliações sobre grand parking estacionamento congonhas","0","20","0.00","9.45"
"avaliações sobre hangar vip","0","13","0.00","8.00"
"avaliações sobre ipopark","0","21","0.00","5.95"
"avaliações sobre keep parking - porto alegre","0","15","0.00","11.27"
"avaliações sobre km 64 estacionamento","0","1","0.00","9.00"
"avaliações sobre mobiciti congonhas - estacionamento","0","12","0.00","10.17"
"avaliações sobre movepark gru – aeroporto guarulhos","0","28","0.00","5.25"
"avaliações sobre multipark aeroporto congonhas","0","12","0.00","5.75"
"avaliações sobre multipark confins","0","73","0.00","10.96"
"avaliações sobre nation park estacionamento","0","21","0.00","8.19"
"avaliações sobre park222","0","116","0.00","11.51"
"avaliações sobre plenty park congonhas","0","21","0.00","6.29"
"avaliações sobre ponce estacionamento","0","218","0.00","10.23"
"avaliações sobre portal estacionamento","0","8","0.00","12.00"
"avaliações sobre premium park confins","0","85","0.00","9.35"
"avaliações sobre servparking gru","0","15","0.00","8.27"
"avaliações sobre small parking estacionamento aeroporto.","0","1","0.00","11.00"
"avaliações sobre the parking estacionamento","0","19","0.00","6.05"
"avaliações sobre urban park gru estacionamento aeroporto guarulhos","0","5","0.00","34.60"
"avaliações sobre viracopos aeroparking","0","26","0.00","6.62"
"avaliações sobre virapark","0","86","0.00","8.53"
"avaliações sobre yellow parking estacionamento - viracopos","0","202","0.00","6.61"
"avaliações sobre yellow parking viracopos","0","40","0.00","6.90"
"avaliações sobre yellowparking","0","56","0.00","10.48"
"avenida das indústrias 1344 porto alegre","0","2","0.00","9.50"
"avenida do aeroporto","0","1","0.00","1.00"
"avenida ministro evandro lins e silva 140","0","1","0.00","11.00"
"avenida novo brasil 954","0","6","0.00","6.83"
"avenida novo brasil 954 guarulhos","0","27","0.00","9.85"
"avenida rio branco","0","1","0.00","4.00"
"avial near me","0","5","0.00","3.80"
"azul estacionamento viracopos","0","12","0.00","38.92"
"b park","0","1","0.00","8.00"
"b park confins","0","12","0.00","6.83"
"b park estacionamento","0","13","0.00","8.62"
"bairro do aeroporto de congonhas","0","1","0.00","51.00"
"bambuzal aeroporto","0","6","0.00","12.33"
"bambuzal aeroporto salvador","0","1","0.00","14.00"
"bambuzal estacionamento","0","19","0.00","8.58"
"bandeira estacionamento","0","15","0.00","10.67"
"bandeira park","0","625","0.00","7.45"
"bandeira park - estacionamento aeroporto guarulhos gru","0","28","0.00","14.79"
"bandeira park - estacionamento aeroporto guarulhos gru fotos","0","5","0.00","8.60"
"bandeira park - estacionamento aeroporto guarulhos gru guarulhos","0","9","0.00","14.67"
"bandeira park - estacionamento aeroporto viracopos campinas vcp","0","24","0.00","24.71"
"bandeira park - estacionamento aeroporto viracopos campinas vcp campinas","0","5","0.00","13.20"
"bandeira park campinas","0","38","0.00","22.89"
"bandeira park confins","0","1","0.00","1.00"
"bandeira park congonhas","0","36","0.00","14.44"
"bandeira park congonhas é confiável","0","2","0.00","6.50"
"bandeira park estacionamento","0","31","0.00","8.26"
"bandeira park estacionamento aeroporto viracopos campinas vcp","0","37","0.00","36.03"
"bandeira park estacionamento congonhas","0","2","0.00","14.00"
"bandeira park estacionamento guarulhos","0","16","0.00","14.63"
"bandeira park estacionamento viracopos","0","4","0.00","10.75"
"bandeira park gru","0","30","0.00","14.87"
"bandeira park guarulhos","0","418","0.00","10.29"
"bandeira park guarulhos reclame aqui","0","1","0.00","15.00"
"bandeira park guarulhos é bom","0","27","0.00","9.81"
"bandeira park guarulhos é confiável","0","14","0.00","10.57"
"bandeira park online","0","15","0.00","8.93"
"bandeira park tiete","0","263","0.00","9.83"
"bandeira park tietê","0","44","0.00","11.07"
"bandeira park vcp","0","4","0.00","10.50"
"bandeira park viracopos","0","137","0.00","11.42"
"bandeira park viracopos telefone","0","2","0.00","12.00"
"bandeira park viracopos é confiavel","0","15","0.00","10.40"
"bandeira park é confiável","0","3","0.00","11.00"
"bandeira park.online","0","9","0.00","14.33"
"bandeira parking","0","10","0.00","10.30"
"bandeirapark","0","33","0.00","9.15"
"bandeiras park","0","8","0.00","9.88"
"bandera park","0","7","0.00","11.00"
"be park","0","35","0.00","8.71"
"be park confins","0","131","0.00","6.23"
"be park confins azul","0","8","0.00","9.63"
"be park estacionamento","0","19","0.00","7.58"
"beira mar estacionamento","0","3","0.00","6.00"
"bepark azul","0","14","0.00","9.36"
"bepark em confins","0","5","0.00","5.20"
"bepark estacionamento","0","48","0.00","7.17"
"best park","0","123","0.00","5.80"
"best park aeroporto curitiba","0","20","0.00","3.35"
"best park curitiba","0","24","0.00","4.92"
"best park estacionamento","0","61","0.00","8.38"
"best park estacionamento aeroporto","0","2","0.00","4.00"
"best park estacionamento aeroporto de curitiba","0","59","0.00","4.49"
"best park executive","0","20","0.00","5.75"
"best park executive aeroporto curitiba","0","1","0.00","3.00"
"best parking","0","1","0.00","6.00"
"bestpark","0","26","0.00","4.88"
"bestpark curitiba","0","8","0.00","4.75"
"bestpark estacionamentos","0","13","0.00","31.85"
"bh","0","1","0.00","9.00"
"bh park estacionamento santos dumont","0","14","0.00","6.71"
"bh park santos dumont reserva","0","5","0.00","8.20"
"bhpark santos dumont","0","18","0.00","8.00"
"big estacionamento","0","8","0.00","6.75"
"blue estapar aeroporto curitiba","0","4","0.00","59.75"
"blue park estacionamento aeroporto curitiba","0","1","0.00","1.00"
"bolsao economico viracopos","0","18","0.00","9.56"
"bolsao viracopos","0","9","0.00","11.67"
"bolsão f viracopos","0","20","0.00","9.35"
"bpark","0","42","0.00","7.83"
"bpark confins","0","30","0.00","6.30"
"bpark estacionamento","0","7","0.00","22.00"
"br estacionamento","0","3","0.00","9.33"
"br estacionamento aeroporto guarulhos","0","4","0.00","23.75"
"br estacionamento guarulhos","0","5","0.00","42.80"
"br express","0","5","0.00","20.60"
"br express estacionamento","0","4","0.00","8.00"
"br express estacionamento guarulhos","0","11","0.00","7.36"
"br express guarulhos","0","6","0.00","7.83"
"br express parking","0","27","0.00","9.78"
"br express parking guarulhos","0","5","0.00","9.20"
"br express parking preco","0","1","0.00","11.00"
"br park","0","16","0.00","16.13"
"br park estacionamento","0","8","0.00","24.25"
"br park estacionamento guarulhos","0","1","0.00","10.00"
"br park viracopos","0","4","0.00","7.50"
"br parking","0","31","0.00","13.10"
"br parking campinas","0","78","0.00","15.10"
"br parking estacionamento","0","13","0.00","32.08"
"br parking gru","0","5","0.00","8.60"
"br parking guarulhos","0","51","0.00","10.47"
"br parking guarulhos preço","0","19","0.00","26.32"
"br parking viracopos","0","533","0.00","9.36"
"br parking viracopos campinas","0","16","0.00","7.44"
"brasil park estacionamento carrefour","0","3","0.00","11.00"
"brasil park estacionamentos","0","1","0.00","31.00"
"brasilia","0","1","0.00","5.00"
"brasilpark","0","1","0.00","9.00"
"brasilpark estacionamentos","0","1","0.00","25.00"
"braspark estacionamento","0","1","0.00","5.00"
"braspark vitoria","0","8","0.00","3.75"
"brparking","0","9","0.00","8.22"
"brparking campinas","0","32","0.00","8.44"
"brparking guarulhos","0","4","0.00","10.00"
"brparking viracopos","0","15","0.00","8.33"
"cal park","0","1","0.00","11.00"
"calcule","0","1","0.00","4.00"
"call park","0","65","0.00","9.17"
"call park estacionamento","0","2","0.00","7.50"
"call park estacionamento aeroporto","0","33","0.00","22.48"
"call park gru","0","1","0.00","6.00"
"call park guarulhos","0","123","0.00","10.93"
"callpark","0","61","0.00","7.56"
"cameras aeroporto congonhas ao vivo","0","1","0.00","42.00"
"campo grande","0","1","0.00","4.00"
"campo grande cgr onde fica","0","1","0.00","7.00"
"campo grande ms","0","1","0.00","2.00"
"canais de contato","0","1","0.00","3.00"
"car park near me","0","1","0.00","8.00"
"cargo park","0","2","0.00","62.50"
"carrefour pamplona estacionamento","0","4","0.00","4.25"
"carro","0","1","0.00","7.00"
"carro no aeroporto","0","4","0.00","34.25"
"carro proprio","0","1","0.00","8.00"
"carro próprio","0","2","0.00","2.50"
"central park 24h estacionamento aeroporto de guarulhos","0","18","0.00","33.00"
"central park aeroporto","0","1","0.00","11.00"
"central park confins","0","206","0.00","11.39"
"central park confins diárias a partir de r$ 22,00","0","6","0.00","7.00"
"central park estacionamento","0","5","0.00","8.80"
"central park estacionamento confins","0","17","0.00","9.41"
"central park guarulhos","0","6","0.00","71.17"
"central parking services","0","3","0.00","73.33"
"centro empresarial viracopos","0","1","0.00","27.00"
"centro londrina","0","1","0.00","1.00"
"cep do aeroporto de campinas","0","1","0.00","2.00"
"cg park","0","4","0.00","9.25"
"cgh airport drop off","0","6","0.00","45.67"
"cgh car service","0","13","0.00","28.46"
"cgh drop off","0","31","0.00","41.74"
"cgh estacionamento","0","16","0.00","27.94"
"cgh pickup","0","26","0.00","33.46"
"cgh transportation","0","12","0.00","46.17"
"cgh é qual aeroporto","0","1","0.00","62.00"
"cgr park","0","26","0.00","7.35"
"cgr park estacionamento","0","14","0.00","13.36"
"check in park","0","1","0.00","6.00"
"club homs tem estacionamento","0","1","0.00","35.00"
"cnf","0","1","0.00","8.00"
"co parking","0","1","0.00","16.00"
"coa park","0","2","0.00","5.50"
"coa parking","0","2","0.00","8.00"
"coberta","0","4","0.00","4.50"
"codigo iata de lisboa","0","1","0.00","12.00"
"codigo iata lisboa","0","1","0.00","11.00"
"com estacionamento","0","1","0.00","58.00"
"comfort park","0","1","0.00","6.00"
"comfort park fortaleza","0","7","0.00","6.71"
"como chama o aeroporto de lisboa","0","1","0.00","12.00"
"como chegar no aeroporto de confins","0","1","0.00","11.00"
"como comparar preços de estacionamentos próximos ao aeroporto antes de viajar?","0","4","0.00","3.50"
"como deixar o carro no aeroporto de brasilia","0","1","0.00","3.00"
"como escolher um estacionamento confiável com traslado gratuito para o gru?","0","8","0.00","9.88"
"como estacionar no aeroporto de confins","0","1","0.00","13.00"
"como estacionar no aeroporto de congonhas","0","2","0.00","12.00"
"como estacionar no aeroporto de guarulhos","0","12","0.00","39.83"
"como evitar o estresse de encontrar estacionamento na hora do embarque no aeroporto de congonhas em são paulo?","0","1","0.00","9.00"
"como faço para agendar?","0","1","0.00","1.00"
"como funciona estacionamento","0","1","0.00","9.00"
"como funciona estacionamento de longa permanência no aeroporto de viracopos em campinas?","0","2","0.00","8.50"
"como funciona estacionamento de longa permanência próximo ao aeroporto de congonhas em são paulo?","0","6","0.00","6.00"
"como funciona o estacionamento do aeroporto de confins","0","13","0.00","9.77"
"como funciona o estacionamento do aeroporto de guarulhos","0","12","0.00","29.42"
"como funciona o traslado dos estacionamentos externos até o terminal de viracopos?","0","14","0.00","2.64"
"como funcionam os comparadores de estacionamento de aeroporto no brasil?","0","8","0.00","4.25"
"como funcionam os estacionamentos de longa permanência perto do aeroporto de guarulhos","0","4","0.00","44.25"
"como posso reservar?","0","1","0.00","5.00"
"como reservar estacionamento no aeroporto de recife","0","5","0.00","11.80"
"como reservar estacionamento no aeroporto de vitória es","0","3","0.00","12.67"
"como reservar?","0","1","0.00","6.00"
"compara o estacionamento nos aeroportos","0","35","0.00","25.26"
"comparador de estacionamento aeroporto: qual o melhor site para encontrar vagas baratas em guarulhos e viracopos?","0","2","0.00","2.50"
"comparar valores","0","1","0.00","14.00"
"comparações de preços","0","1","0.00","4.00"
"compare","0","1","0.00","1.00"
"comprar estacionamento aeroporto brasilia","0","2","0.00","10.50"
"conectcar ipiranga","0","1","0.00","60.00"
"confins","0","5","0.00","20.00"
"confins aeroporto","0","13","0.00","31.08"
"confins bh","0","1","0.00","2.00"
"confins estacionamento","0","11","0.00","24.45"
"confins mg aeroporto","0","2","0.00","4.50"
"confins minas gerais aeroporto","0","5","0.00","5.80"
"confins o que é","0","1","0.00","75.00"
"confort park","0","8","0.00","4.63"
"confort park estacionamento","0","6","0.00","4.50"
"confort park fortaleza","0","19","0.00","5.79"
"congonhas","0","1","0.00","2.00"
"congonhas aeroporto","0","2","0.00","49.00"
"congonhas aeroporto estacionamento","0","13","0.00","29.00"
"congonhas airport drop off","0","12","0.00","47.25"
"congonhas fica em qual bairro","0","2","0.00","9.50"
"congonhas sp aeroporto","0","1","0.00","54.00"
"connect estacionamento","0","6","0.00","6.33"
"connect estacionamento aeroporto curitiba","0","9","0.00","6.11"
"connect park curitiba","0","16","0.00","6.06"
"connect park estacionamento","0","16","0.00","6.31"
"contatos whatsapp","0","1","0.00","8.00"
"cr park estacionamento","0","1","0.00","21.00"
"cuanto cuesta la hora de estacionamiento en el aeropuerto","0","1","0.00","5.00"
"cumbica estacionamento","0","1","0.00","56.00"
"cupom de desconto","0","1","0.00","2.00"
"cupom de desconto estacionamento aeroporto vitoria","0","2","0.00","3.00"
"cupom de desconto virapark","0","1","0.00","11.00"
"cupom estapar","0","1","0.00","6.00"
"cupom virapark","0","5","0.00","13.80"
"cupom?","0","1","0.00","1.00"
"curitiba aeroporto","0","4","0.00","21.00"
"curitiba afonso pena","0","1","0.00","37.00"
"curitiba airport","0","6","0.00","66.50"
"curta","0","1","0.00","3.00"
"custa","0","1","0.00","4.00"
"custo","0","1","0.00","5.00"
"custo estacionamento aeroporto guarulhos","0","13","0.00","33.69"
"custo estacionamento viracopos","0","6","0.00","11.50"
"cwb aeroporto","0","3","0.00","71.67"
"cwb estacionamento","0","2","0.00","6.00"
"código promocional bh airport","0","1","0.00","6.00"
"da para ir a pe?","0","1","0.00","2.00"
"db estacionamento oficial aeroporto","0","1","0.00","6.00"
"de 4 a 11","0","1","0.00","3.00"
"de 9 a 12 de outubro","0","1","0.00","1.00"
"de carro","0","2","0.00","4.00"
"de carro particular","0","1","0.00","1.00"
"de congonhas","0","1","0.00","58.00"
"de maceió","0","1","0.00","4.00"
"de quanto","0","3","0.00","6.33"
"de sexta a segunda","0","1","0.00","2.00"
"de uber","0","1","0.00","2.00"
"de vitória","0","1","0.00","2.00"
"decolar estacionamento","0","71","0.00","6.48"
"decolar estacionamento guarulhos","0","37","0.00","4.73"
"decolar guarulhos","0","1","0.00","7.00"
"decolar park estacionamento","0","9","0.00","5.89"
"decolar park estacionamento guarulhos","0","41","0.00","5.10"
"decolar park estacionamentos","0","58","0.00","8.53"
"decolar park estacionamentos guarulhos","0","2","0.00","5.00"
"decolar park gru","0","25","0.00","4.20"
"deixar carro aeroporto lisboa","0","8","0.00","40.00"
"deixar carro no aeroporto","0","4","0.00","43.00"
"deixar carro no aeroporto de brasilia","0","8","0.00","11.00"
"deixar carro no aeroporto de guarulhos","0","6","0.00","46.67"
"deixar carro no aeroporto de lisboa","0","3","0.00","25.67"
"deixar carro no aeroporto lisboa","0","1","0.00","26.00"
"deixar o carro no aeroporto","0","4","0.00","37.50"
"deixar o carro no aeroporto de brasilia","0","1","0.00","9.00"
"deixar o carro no aeroporto de guarulhos","0","7","0.00","51.43"
"deixar o carro no aeroporto de lisboa","0","5","0.00","25.60"
"deixar o carro no aeroporto lisboa","0","3","0.00","22.33"
"dentro","0","1","0.00","5.00"
"dentro aeroporto","0","1","0.00","11.00"
"desconto estacionamento aeroporto curitiba","0","1","0.00","21.00"
"desejo sim!","0","1","0.00","6.00"
"desembarque aeroporto afonso pena","0","1","0.00","25.00"
"dia 12/10 feriado","0","1","0.00","2.00"
"diaria","0","1","0.00","1.00"
"diaria aeroporto","0","7","0.00","5.57"
"diaria aeroporto congonhas","0","18","0.00","11.33"
"diaria aeroporto curitiba","0","12","0.00","11.92"
"diaria aeroporto de confins","0","8","0.00","11.63"
"diaria aeroporto de guarulhos","0","1","0.00","11.00"
"diaria aeroporto florianopolis","0","1","0.00","18.00"
"diaria aeroporto fortaleza","0","6","0.00","10.83"
"diaria aeroporto galeao","0","22","0.00","7.55"
"diaria aeroporto goiania","0","5","0.00","9.80"
"diaria aeroporto guarulhos","0","44","0.00","28.82"
"diaria aeroporto guarulhos estacionamento","0","1","0.00","13.00"
"diaria aeroporto recife","0","20","0.00","9.30"
"diaria aeroporto salgado filho","0","7","0.00","9.29"
"diaria aeroporto salvador","0","2","0.00","11.50"
"diaria aeroporto viracopos","0","6","0.00","3.33"
"diaria aeroporto vitoria","0","12","0.00","7.92"
"diaria aeroporto vitoria estacionamento","0","5","0.00","7.40"
"diaria carro aeroporto brasilia","0","1","0.00","7.00"
"diaria carro aeroporto guarulhos","0","10","0.00","45.60"
"diaria de estacionamento aeroporto de guarulhos","0","8","0.00","37.50"
"diaria de estacionamento em guarulhos","0","7","0.00","61.00"
"diaria de estacionamento no aeroporto","0","3","0.00","7.33"
"diaria de estacionamento no aeroporto de curitiba","0","6","0.00","11.33"
"diaria de estacionamento no aeroporto de salvador","0","4","0.00","11.25"
"diaria do aeroporto de guarulhos","0","2","0.00","12.50"
"diaria do estacionamento do aeroporto de brasilia","0","11","0.00","6.27"
"diaria do estacionamento do aeroporto de confins","0","1","0.00","11.00"
"diaria do estacionamento do aeroporto de congonhas","0","5","0.00","11.20"
"diaria do estacionamento do aeroporto de recife","0","17","0.00","9.06"
"diaria do estacionamento do aeroporto de salvador","0","8","0.00","10.38"
"diaria do estacionamento do aeroporto de vitoria","0","5","0.00","9.00"
"diaria do estacionamento do galeao","0","9","0.00","9.78"
"diaria do estacionamento no aeroporto de guarulhos","0","15","0.00","31.27"
"diaria estacionamento aeroporto","0","25","0.00","7.84"
"diaria estacionamento aeroporto brasilia","0","4","0.00","7.00"
"diaria estacionamento aeroporto congonhas","0","4","0.00","11.00"
"diaria estacionamento aeroporto curitiba","0","8","0.00","9.75"
"diaria estacionamento aeroporto de confins","0","35","0.00","11.11"
"diaria estacionamento aeroporto de guarulhos","0","10","0.00","45.70"
"diaria estacionamento aeroporto de navegantes","0","11","0.00","8.18"
"diaria estacionamento aeroporto florianopolis","0","5","0.00","43.80"
"diaria estacionamento aeroporto fortaleza","0","23","0.00","10.30"
"diaria estacionamento aeroporto guarulhos","0","25","0.00","38.28"
"diaria estacionamento aeroporto recife","0","5","0.00","10.80"
"diaria estacionamento aeroporto salvador","0","4","0.00","11.00"
"diaria estacionamento aeroporto santos dumont","0","6","0.00","8.00"
"diaria estacionamento aeroporto viracopos","0","10","0.00","12.70"
"diaria estacionamento aeroporto vitoria","0","26","0.00","8.15"
"diaria estacionamento aeroporto vix","0","4","0.00","9.75"
"diaria estacionamento confins","0","13","0.00","23.15"
"diaria estacionamento congonhas","0","39","0.00","18.92"
"diaria estacionamento galeao","0","21","0.00","11.86"
"diaria estacionamento galeao rj","0","7","0.00","7.71"
"diaria estacionamento gru","0","9","0.00","37.00"
"diaria estacionamento guarulhos","0","43","0.00","16.14"
"diaria estacionamento guarulhos aeroporto","0","13","0.00","41.38"
"diaria estacionamento rodoviaria tiete","0","9","0.00","8.67"
"diaria estacionamento salgado filho","0","3","0.00","7.67"
"diaria estacionamento santos dumont","0","4","0.00","5.50"
"diaria galeao estacionamento","0","8","0.00","8.63"
"diaria no aeroporto de guarulhos","0","11","0.00","44.45"
"diaria no aeroporto de recife","0","6","0.00","7.83"
"diaria no aeroporto galeao","0","8","0.00","6.50"
"diaria no estacionamento do aeroporto","0","2","0.00","7.50"
"diaria no estacionamento do aeroporto de guarulhos","0","10","0.00","44.40"
"diaria no estacionamento do galeao","0","3","0.00","10.33"
"distancia do aeroporto","0","1","0.00","6.00"
"distancia do aeroporto pra cuiaba","0","12","0.00","10.67"
"distancia entre bairros","0","1","0.00","98.00"
"distância do aeroporto de cuiabá para rodoviária de cuiabá","0","1","0.00","9.00"
"diária","0","1","0.00","5.00"
"diária aeroporto guarulhos","0","14","0.00","33.36"
"diária de estacionamento no aeroporto de guarulhos","0","8","0.00","52.63"
"diária de r$ 9,90 a partir da 5ª diária - estacionamento aeroporto confins - multipark","0","4","0.00","6.75"
"diária do estacionamento do aeroporto","0","1","0.00","9.00"
"diária do estacionamento do aeroporto de guarulhos","0","18","0.00","35.39"
"diária estacionamento aeroporto","0","4","0.00","5.50"
"diária estacionamento aeroporto afonso pena","0","15","0.00","10.20"
"diária estacionamento aeroporto confins","0","4","0.00","11.25"
"diária estacionamento aeroporto curitiba","0","20","0.00","10.35"
"diária estacionamento aeroporto de congonhas","0","5","0.00","11.00"
"diária estacionamento aeroporto de guarulhos","0","8","0.00","45.13"
"diária estacionamento aeroporto galeão","0","1","0.00","8.00"
"diária estacionamento aeroporto guarulhos","0","25","0.00","48.88"
"diária estacionamento aeroporto porto alegre","0","1","0.00","10.00"
"diária estacionamento aeroporto recife","0","16","0.00","8.75"
"diária estacionamento aeroporto salgado filho","0","15","0.00","9.00"
"diária estacionamento aeroporto salvador","0","11","0.00","12.27"
"diária estacionamento aeroporto viracopos","0","2","0.00","6.50"
"diária estacionamento confins","0","11","0.00","31.91"
"diária estacionamento galeão","0","53","0.00","9.89"
"diária estacionamento viracopos","0","2","0.00","7.00"
"dlypark","0","1","0.00","4.00"
"do aeroporto de congonhas","0","1","0.00","11.00"
"dois dias","0","2","0.00","6.00"
"dois dias e meio","0","1","0.00","1.00"
"dr park","0","18","0.00","6.56"
"dr park estacionamento","0","32","0.00","6.00"
"dr park estacionamento goiania","0","8","0.00","5.13"
"dr parque","0","1","0.00","7.00"
"drpark","0","4","0.00","6.00"
"duas diárias","0","2","0.00","6.00"
"dummont park","0","8","0.00","9.88"
"dummont park navegantes","0","3","0.00","11.00"
"dumont park","0","5","0.00","11.00"
"duque estacionamento","0","19","0.00","9.79"
"e carro","0","1","0.00","9.00"
"e motos?","0","1","0.00","4.00"
"e no mês de setembro","0","1","0.00","3.00"
"e por hora?","0","1","0.00","5.00"
"e qual o valor da diária?","0","1","0.00","3.00"
"e qual é o valor ?","0","1","0.00","2.00"
"e valores","0","1","0.00","10.00"
"earopark","0","1","0.00","10.00"
"easy parking","0","2","0.00","68.00"
"eatacionamento aeroporto","0","3","0.00","11.33"
"eatapar","0","1","0.00","7.00"
"econo park","0","9","0.00","6.67"
"econo park guarulhos","0","13","0.00","6.77"
"econo parking","0","1","0.00","10.00"
"economia","0","1","0.00","1.00"
"econopar","0","2","0.00","3.00"
"econopark aeroporto de guarulhos gru","0","64","0.00","10.48"
"econopark gru","0","9","0.00","21.00"
"econopark guarulhos airport","0","7","0.00","45.57"
"econômia","0","1","0.00","8.00"
"ecopark estacionamento","0","1","0.00","8.00"
"edificio garagem","0","2","0.00","6.50"
"edificio garagem aeroporto viracopos","0","5","0.00","9.60"
"edificio garagem congonhas estapar","0","3","0.00","66.00"
"edificio garagem cumbica","0","3","0.00","49.00"
"edificio garagem gru","0","5","0.00","38.00"
"edificio garagem guarulhos","0","11","0.00","49.64"
"edificio garagem terminal 2 galeao","0","4","0.00","8.25"
"edificio garagem terminal 3","0","1","0.00","34.00"
"edificio garagem viracopos","0","61","0.00","15.59"
"edifício garagem aeroporto internacional de viracopos","0","81","0.00","10.98"
"edifício garagem aeroporto internacional de viracopos fotos","0","2","0.00","5.50"
"edifício garagem gru","0","1","0.00","29.00"
"edifício garagem viracopos","0","9","0.00","11.00"
"ele é confiável","0","1","0.00","2.00"
"eles são confiáveis?","0","1","0.00","2.00"
"elisa bandeira park","0","4","0.00","9.50"
"elite parking","0","1","0.00","94.00"
"elogios","0","1","0.00","4.00"
"em brasília","0","1","0.00","13.00"
"em qual bairro fica o aeroporto de congonhas","0","1","0.00","11.00"
"embarque no aeroporto de guarulhos","0","1","0.00","44.00"
"empresa de estacionamento","0","3","0.00","10.67"
"empresas de estacionamento","0","1","0.00","8.00"
"endereco aeroporto guarulhos","0","1","0.00","23.00"
"endereco do aeroporto de congonhas","0","1","0.00","34.00"
"endereço","0","1","0.00","2.00"
"endereço aeroporto afonso pena","0","1","0.00","13.00"
"endereço aeroporto congonhas","0","1","0.00","32.00"
"endereço aeroporto de confins","0","1","0.00","20.00"
"endereço aeroporto de congonhas","0","2","0.00","37.50"
"endereço aeroporto de guarulhos","0","2","0.00","21.50"
"endereço aeroporto de teresina","0","1","0.00","27.00"
"endereço aeroporto guarulhos","0","1","0.00","23.00"
"endereço aeroporto internacional de guarulhos","0","1","0.00","26.00"
"endereço do aeroporto","0","1","0.00","12.00"
"endereço do aeroporto de congonhas","0","1","0.00","35.00"
"endereço do aeroporto de guarulhos","0","4","0.00","32.75"
"endereço rodoviaria tiete","0","1","0.00","20.00"
"entrada estacionamento","0","1","0.00","5.00"
"entrar","0","1","0.00","10.00"
"entry park estacionamento","0","2","0.00","25.00"
"enzo park guarulhos","0","6","0.00","49.50"
"erapark","0","1","0.00","6.00"
"es park estacionamento aeroporto curitiba","0","2","0.00","10.50"
"esapar","0","1","0.00","9.00"
"eslapar","0","1","0.00","9.00"
"espai girones parking","0","1","0.00","78.00"
"esse valor é atual?","0","1","0.00","1.00"
"esta ionamento","0","1","0.00","3.00"
"estacar estacionamento","0","6","0.00","6.33"
"estacenter","0","26","0.00","6.85"
"estacenter estacionamento","0","2","0.00","8.50"
"estacenter londrina","0","3","0.00","6.00"
"estacenter parking","0","3","0.00","14.67"
"estacenter parking londrina","0","2","0.00","14.50"
"estacenter parking valor","0","3","0.00","7.67"
"estacinamento congonhas","0","24","0.00","22.54"
"estacioanmento","0","1","0.00","11.00"
"estaciobamento","0","1","0.00","3.00"
"estaciomento perto de mim","0","1","0.00","4.00"
"estaciona","0","2","0.00","2.00"
"estacionamemto","0","1","0.00","11.00"
"estacionamenfo","0","1","0.00","1.00"
"estacionamenro aeroporto","0","2","0.00","10.00"
"estacionamento - aeroporto de florianópolis","0","4","0.00","48.25"
"estacionamento 2 - rodoviária tietê","0","27","0.00","31.59"
"estacionamento 2 rodoviaria tiete","0","33","0.00","31.15"
"estacionamento 2 rodoviária tietê","0","12","0.00","29.67"
"estacionamento 200","0","1","0.00","90.00"
"estacionamento 222","0","41","0.00","7.29"
"estacionamento 222 guarulhos","0","24","0.00","6.71"
"estacionamento 24 horas","0","5","0.00","22.20"
"estacionamento 24 horas campinas","0","1","0.00","25.00"
"estacionamento 24 horas florianopolis","0","1","0.00","1.00"
"estacionamento 24 horas fortaleza","0","1","0.00","1.00"
"estacionamento 24 horas londrina","0","15","0.00","10.13"
"estacionamento 24 horas perto de mim","0","5","0.00","7.60"
"estacionamento 24 horas próximo a mim","0","1","0.00","1.00"
"estacionamento 24h","0","1","0.00","11.00"
"estacionamento 24h barra da tijuca","0","1","0.00","1.00"
"estacionamento 24h perto de mim","0","3","0.00","8.00"
"estacionamento 24h próximo a mim","0","6","0.00","4.67"
"estacionamento 24h vale do anhangabaú","0","4","0.00","9.25"
"estacionamento abba park","0","19","0.00","4.16"
"estacionamento aberto","0","1","0.00","86.00"
"estacionamento aberto agora perto de mim","0","1","0.00","12.00"
"estacionamento aero park","0","22","0.00","20.14"
"estacionamento aero park guarulhos","0","10","0.00","5.50"
"estacionamento aeropark","0","38","0.00","14.21"
"estacionamento aeropark confins","0","5","0.00","3.80"
"estacionamento aeropark guarulhos","0","32","0.00","4.00"
"estacionamento aeroparking viracopos","0","10","0.00","6.50"
"estacionamento aeroporto afonso pena curitiba","0","23","0.00","10.70"
"estacionamento aeroporto afonso pena diária preço 2026","0","3","0.00","7.67"
"estacionamento aeroporto afonso pena valor","0","5","0.00","9.20"
"estacionamento aeroporto belo horizonte","0","1","0.00","3.00"
"estacionamento aeroporto brasilia brb","0","11","0.00","9.27"
"estacionamento aeroporto brasilia valor","0","20","0.00","8.05"
"estacionamento aeroporto brasília diária preço 2026","0","9","0.00","8.33"
"estacionamento aeroporto brasília preço diária 2026","0","6","0.00","6.33"
"estacionamento aeroporto brasília","0","15","0.00","14.67"
"estacionamento aeroporto bsb","0","22","0.00","16.82"
"estacionamento aeroporto campinas valor","0","6","0.00","12.83"
"estacionamento aeroporto campinas viracopos","0","60","0.00","20.48"
"estacionamento aeroporto campo grande ms","0","7","0.00","9.43"
"estacionamento aeroporto castro pinto","0","17","0.00","8.00"
"estacionamento aeroporto confins bh","0","3","0.00","11.33"
"estacionamento aeroporto confins diária preço 2026","0","7","0.00","9.00"
"estacionamento aeroporto confins estapar","0","3","0.00","50.00"
"estacionamento aeroporto confins ipo park","0","10","0.00","9.50"
"estacionamento aeroporto confins melhor preço","0","1","0.00","2.00"
"estacionamento aeroporto confins preço diária 2026","0","3","0.00","7.33"
"estacionamento aeroporto confins preços 2026","0","6","0.00","9.50"
"estacionamento aeroporto confins premium park","0","27","0.00","6.48"
"estacionamento aeroporto confins preço","0","11","0.00","10.64"
"estacionamento aeroporto confins superpark","0","1","0.00","4.00"
"estacionamento aeroporto confins valor","0","3","0.00","11.33"
"estacionamento aeroporto congonhas 24 horas","0","32","0.00","22.22"
"estacionamento aeroporto congonhas barato","0","6","0.00","24.50"
"estacionamento aeroporto congonhas diária preço 2026","0","13","0.00","9.62"
"estacionamento aeroporto congonhas mais barato","0","11","0.00","17.00"
"estacionamento aeroporto congonhas mobicity","0","7","0.00","8.43"
"estacionamento aeroporto congonhas preço 2026","0","2","0.00","10.50"
"estacionamento aeroporto congonhas preço diária 2026","0","12","0.00","8.42"
"estacionamento aeroporto congonhas preço","0","53","0.00","19.75"
"estacionamento aeroporto congonhas tam","0","1","0.00","7.00"
"estacionamento aeroporto congonhas tarifas 2026","0","1","0.00","9.00"
"estacionamento aeroporto congonhas valor","0","5","0.00","11.00"
"estacionamento aeroporto cuiabá","0","9","0.00","9.89"
"estacionamento aeroporto cumbica","0","6","0.00","60.50"
"estacionamento aeroporto curitiba diária preço 2026","0","2","0.00","7.50"
"estacionamento aeroporto curitiba mais barato","0","8","0.00","5.50"
"estacionamento aeroporto curitiba valor","0","11","0.00","10.00"
"estacionamento aeroporto cwb","0","6","0.00","9.17"
"estacionamento aeroporto de brasilia diaria","0","5","0.00","8.80"
"estacionamento aeroporto de brasilia valor","0","6","0.00","8.83"
"estacionamento aeroporto de campinas preço","0","9","0.00","8.56"
"estacionamento aeroporto de campinas viracopos","0","44","0.00","8.39"
"estacionamento aeroporto de campo grande","0","7","0.00","10.86"
"estacionamento aeroporto de confins","0","48","0.00","11.96"
"estacionamento aeroporto de confins preço","0","4","0.00","11.75"
"estacionamento aeroporto de congonhas barato","0","1","0.00","11.00"
"estacionamento aeroporto de congonhas com traslado","0","26","0.00","9.08"
"estacionamento aeroporto de congonhas diária preço 2026","0","4","0.00","8.75"
"estacionamento aeroporto de congonhas preço 2026","0","6","0.00","8.00"
"estacionamento aeroporto de congonhas preço diária 2026","0","3","0.00","6.00"
"estacionamento aeroporto de congonhas valor","0","2","0.00","11.00"
"estacionamento aeroporto de cuiaba","0","4","0.00","7.50"
"estacionamento aeroporto de florianópolis","0","9","0.00","11.89"
"estacionamento aeroporto de fortaleza","0","17","0.00","24.24"
"estacionamento aeroporto de goiânia","0","67","0.00","14.15"
"estacionamento aeroporto de goiânia valor","0","7","0.00","11.00"
"estacionamento aeroporto de gru","0","3","0.00","45.33"
"estacionamento aeroporto de guarulho","0","19","0.00","56.63"
"estacionamento aeroporto de guarulhos","0","86","0.00","40.76"
"estacionamento aeroporto de guarulhos - park 222","0","11","0.00","7.55"
"estacionamento aeroporto de guarulhos 24 horas","0","18","0.00","54.56"
"estacionamento aeroporto de guarulhos preço","0","22","0.00","52.32"
"estacionamento aeroporto de guarulhos sp","0","11","0.00","34.55"
"estacionamento aeroporto de guarulhos terminal 2","0","5","0.00","27.40"
"estacionamento aeroporto de guarulhos terminal 3","0","7","0.00","29.43"
"estacionamento aeroporto de guarulhos valor","0","10","0.00","42.40"
"estacionamento aeroporto de guarulhos valor diaria","0","10","0.00","45.90"
"estacionamento aeroporto de joao pessoa","0","12","0.00","7.92"
"estacionamento aeroporto de joão pessoa","0","8","0.00","7.38"
"estacionamento aeroporto de lisboa","0","55","0.00","35.56"
"estacionamento aeroporto de maceio","0","11","0.00","10.00"
"estacionamento aeroporto de porto alegre","0","3","0.00","6.00"
"estacionamento aeroporto de recife","0","60","0.00","20.50"
"estacionamento aeroporto de recife valor","0","1","0.00","1.00"
"estacionamento aeroporto de salvador","0","27","0.00","11.41"
"estacionamento aeroporto de uberlândia bh park","0","2","0.00","49.50"
"estacionamento aeroporto de viracopos campinas","0","37","0.00","8.54"
"estacionamento aeroporto de vitoria","0","44","0.00","10.00"
"estacionamento aeroporto de vitoria es","0","9","0.00","10.56"
"estacionamento aeroporto de vitória","0","14","0.00","10.36"
"estacionamento aeroporto diaria","0","1","0.00","10.00"
"estacionamento aeroporto do galeão","0","5","0.00","11.20"
"estacionamento aeroporto do recife","0","4","0.00","10.75"
"estacionamento aeroporto em guarulhos","0","14","0.00","59.50"
"estacionamento aeroporto florianópolis mais barato","0","16","0.00","10.13"
"estacionamento aeroporto fortaleza diária preço 2026","0","3","0.00","9.67"
"estacionamento aeroporto fortaleza preço diária 2026","0","1","0.00","11.00"
"estacionamento aeroporto fortaleza preço","0","3","0.00","10.67"
"estacionamento aeroporto fortaleza valor","0","18","0.00","10.06"
"estacionamento aeroporto galeão diária preço 2026","0","4","0.00","9.50"
"estacionamento aeroporto galeão rio de janeiro","0","36","0.00","7.03"
"estacionamento aeroporto galeão valor","0","21","0.00","15.33"
"estacionamento aeroporto garulhos","0","6","0.00","40.67"
"estacionamento aeroporto gig","0","9","0.00","11.00"
"estacionamento aeroporto goiânia","0","23","0.00","10.52"
"estacionamento aeroporto gru","0","28","0.00","58.75"
"estacionamento aeroporto guararapes","0","2","0.00","12.50"
"estacionamento aeroporto guarulho","0","2","0.00","81.00"
"estacionamento aeroporto guarulhos $7 99","0","7","0.00","65.43"
"estacionamento aeroporto guarulhos $7,99","0","3","0.00","2.33"
"estacionamento aeroporto guarulhos 10 dias preço 2026","0","2","0.00","11.00"
"estacionamento aeroporto guarulhos 15 dias preço 2026","0","4","0.00","8.75"
"estacionamento aeroporto guarulhos 24 horas","0","14","0.00","56.79"
"estacionamento aeroporto guarulhos 5 dias preço 2026","0","2","0.00","9.50"
"estacionamento aeroporto guarulhos 7 99","0","1","0.00","2.00"
"estacionamento aeroporto guarulhos 7 dias preço 2026","0","2","0.00","9.50"
"estacionamento aeroporto guarulhos aeropark","0","15","0.00","3.07"
"estacionamento aeroporto guarulhos airport park gru","0","8","0.00","25.88"
"estacionamento aeroporto guarulhos bandeira park","0","9","0.00","17.67"
"estacionamento aeroporto guarulhos barato","0","39","0.00","40.72"
"estacionamento aeroporto guarulhos br parking","0","6","0.00","20.17"
"estacionamento aeroporto guarulhos coberto","0","9","0.00","29.11"
"estacionamento aeroporto guarulhos com transfer","0","11","0.00","27.91"
"estacionamento aeroporto guarulhos com traslado","0","17","0.00","46.82"
"estacionamento aeroporto guarulhos confiavel","0","5","0.00","56.00"
"estacionamento aeroporto guarulhos cumbica","0","4","0.00","42.75"
"estacionamento aeroporto guarulhos decolar","0","11","0.00","5.00"
"estacionamento aeroporto guarulhos decolar park","0","13","0.00","4.62"
"estacionamento aeroporto guarulhos diaria","0","8","0.00","38.75"
"estacionamento aeroporto guarulhos diária preço 2026","0","28","0.00","10.32"
"estacionamento aeroporto guarulhos diária","0","20","0.00","56.95"
"estacionamento aeroporto guarulhos econopark","0","8","0.00","5.63"
"estacionamento aeroporto guarulhos edificio garagem","0","2","0.00","35.50"
"estacionamento aeroporto guarulhos gru tarifas 2026","0","1","0.00","10.00"
"estacionamento aeroporto guarulhos mais barato","0","20","0.00","48.35"
"estacionamento aeroporto guarulhos melhor preço","0","6","0.00","32.83"
"estacionamento aeroporto guarulhos oficial","0","7","0.00","28.43"
"estacionamento aeroporto guarulhos on park","0","8","0.00","25.25"
"estacionamento aeroporto guarulhos preco","0","12","0.00","67.75"
"estacionamento aeroporto guarulhos preço diária 2026","0","12","0.00","9.42"
"estacionamento aeroporto guarulhos preços 2026","0","4","0.00","10.25"
"estacionamento aeroporto guarulhos preços diária 2026","0","1","0.00","11.00"
"estacionamento aeroporto guarulhos preço","0","48","0.00","55.83"
"estacionamento aeroporto guarulhos preço diaria","0","13","0.00","37.46"
"estacionamento aeroporto guarulhos preços","0","14","0.00","30.86"
"estacionamento aeroporto guarulhos sp","0","12","0.00","42.42"
"estacionamento aeroporto guarulhos tam","0","1","0.00","74.00"
"estacionamento aeroporto guarulhos tarifas 2026","0","2","0.00","11.00"
"estacionamento aeroporto guarulhos tarifas 2026 gru airport","0","1","0.00","10.00"
"estacionamento aeroporto guarulhos terminal 1","0","9","0.00","32.78"
"estacionamento aeroporto guarulhos terminal 2","0","10","0.00","16.90"
"estacionamento aeroporto guarulhos terminal 2 valor","0","4","0.00","48.25"
"estacionamento aeroporto guarulhos terminal 3","0","20","0.00","31.15"
"estacionamento aeroporto guarulhos terminal 3 valor","0","9","0.00","47.33"
"estacionamento aeroporto guarulhos terminal 4","0","1","0.00","35.00"
"estacionamento aeroporto guarulhos urban park","0","6","0.00","9.00"
"estacionamento aeroporto guarulhos valor","0","11","0.00","39.36"
"estacionamento aeroporto guarulhos valor diaria","0","11","0.00","40.45"
"estacionamento aeroporto guarulhos valores","0","8","0.00","48.88"
"estacionamento aeroporto gyn","0","8","0.00","8.88"
"estacionamento aeroporto internacional de guarulhos","0","12","0.00","32.25"
"estacionamento aeroporto internacional do rio de janeiro","0","1","0.00","9.00"
"estacionamento aeroporto lisboa","0","111","0.00","35.59"
"estacionamento aeroporto lisboa ana","0","19","0.00","24.84"
"estacionamento aeroporto lisboa chegadas","0","1","0.00","35.00"
"estacionamento aeroporto lisboa low cost","0","86","0.00","36.92"
"estacionamento aeroporto lisboa p3","0","8","0.00","38.88"
"estacionamento aeroporto lisboa preço","0","5","0.00","23.00"
"estacionamento aeroporto lisboa terminal 1","0","29","0.00","41.76"
"estacionamento aeroporto lisboa terminal 2","0","31","0.00","43.13"
"estacionamento aeroporto maceió","0","14","0.00","10.14"
"estacionamento aeroporto navegantes diária preço 2026","0","2","0.00","6.00"
"estacionamento aeroporto navegantes dummont park","0","15","0.00","20.13"
"estacionamento aeroporto navegantes preço diária 2026","0","1","0.00","7.00"
"estacionamento aeroporto porto alegre","0","21","0.00","31.00"
"estacionamento aeroporto porto alegre keep parking","0","5","0.00","6.60"
"estacionamento aeroporto porto alegre mais barato","0","11","0.00","9.91"
"estacionamento aeroporto porto alegre valor","0","3","0.00","12.00"
"estacionamento aeroporto porto alegre valores","0","1","0.00","20.00"
"estacionamento aeroporto preço","0","5","0.00","25.20"
"estacionamento aeroporto recife diaria","0","3","0.00","12.00"
"estacionamento aeroporto recife diária preço 2026","0","7","0.00","7.71"
"estacionamento aeroporto recife estapar","0","1","0.00","9.00"
"estacionamento aeroporto recife preço diária 2026","0","2","0.00","7.00"
"estacionamento aeroporto recife preço","0","4","0.00","8.50"
"estacionamento aeroporto recife valor","0","5","0.00","5.80"
"estacionamento aeroporto rio de janeiro","0","9","0.00","10.78"
"estacionamento aeroporto rio preto","0","2","0.00","51.50"
"estacionamento aeroporto salgado filho porto alegre","0","2","0.00","16.50"
"estacionamento aeroporto salgado filho porto alegre preço diária 2026","0","1","0.00","9.00"
"estacionamento aeroporto salvador bambuzal","0","14","0.00","8.14"
"estacionamento aeroporto salvador diaria","0","2","0.00","11.50"
"estacionamento aeroporto salvador diária preço 2026","0","7","0.00","5.71"
"estacionamento aeroporto salvador preço diária 2026","0","4","0.00","9.75"
"estacionamento aeroporto salvador preço diária","0","10","0.00","10.70"
"estacionamento aeroporto salvador valor","0","22","0.00","10.45"
"estacionamento aeroporto santa genoveva","0","4","0.00","11.75"
"estacionamento aeroporto santos dumont diária preço 2026","0","7","0.00","8.43"
"estacionamento aeroporto santos dumont preço 2026","0","2","0.00","8.00"
"estacionamento aeroporto sao jose dos pinhais","0","6","0.00","10.67"
"estacionamento aeroporto sao paulo","0","4","0.00","54.25"
"estacionamento aeroporto são josé dos pinhais","0","9","0.00","9.22"
"estacionamento aeroporto valor","0","5","0.00","5.20"
"estacionamento aeroporto varzea grande","0","16","0.00","4.88"
"estacionamento aeroporto vcp","0","12","0.00","6.17"
"estacionamento aeroporto vcp campinas","0","9","0.00","10.78"
"estacionamento aeroporto vira copos","0","15","0.00","10.00"
"estacionamento aeroporto viracopos campinas diária preço 2026","0","5","0.00","9.00"
"estacionamento aeroporto viracopos campinas preço diária 2026","0","5","0.00","8.40"
"estacionamento aeroporto viracopos campinas preços 2026","0","2","0.00","9.50"
"estacionamento aeroporto viracopos diária preço 2026","0","7","0.00","7.71"
"estacionamento aeroporto viracopos edificio garagem","0","3","0.00","9.33"
"estacionamento aeroporto viracopos estapar","0","1","0.00","10.00"
"estacionamento aeroporto viracopos oficial","0","11","0.00","9.73"
"estacionamento aeroporto viracopos preço diária 2026","0","5","0.00","6.60"
"estacionamento aeroporto viracopos preço","0","109","0.00","25.48"
"estacionamento aeroporto viracopos tarifas 2026","0","2","0.00","6.50"
"estacionamento aeroporto viracopos valor","0","5","0.00","12.00"
"estacionamento aeroporto viracopos virapark","0","9","0.00","39.89"
"estacionamento aeroporto vitoria da conquista","0","3","0.00","2.00"
"estacionamento aeroporto vitoria valor","0","2","0.00","1.00"
"estacionamento aeroporto vitória es diária preço 2026","0","1","0.00","8.00"
"estacionamento aeroporto vitória","0","8","0.00","10.63"
"estacionamento aeroporto vitória es","0","1","0.00","11.00"
"estacionamento aeroporto zumbi dos palmares","0","19","0.00","10.95"
"estacionamento aeroporto.guarulhos","0","8","0.00","50.38"
"estacionamento airport","0","1","0.00","12.00"
"estacionamento airport park","0","3","0.00","9.33"
"estacionamento airport park gru","0","14","0.00","22.29"
"estacionamento alternativo","0","2","0.00","7.00"
"estacionamento ana aeroporto lisboa","0","2","0.00","23.50"
"estacionamento ana aeroportos","0","1","0.00","28.00"
"estacionamento ana lisboa","0","1","0.00","27.00"
"estacionamento ao lado do aeroporto de guarulhos","0","9","0.00","34.44"
"estacionamento aqui perto","0","2","0.00","61.00"
"estacionamento araujo guarulhos","0","5","0.00","7.60"
"estacionamento arroporto","0","5","0.00","45.20"
"estacionamento arroporto guarulhos","0","4","0.00","48.50"
"estacionamento atacadao","0","1","0.00","9.00"
"estacionamento atacadão","0","1","0.00","4.00"
"estacionamento atalaia aeroporto de goiânia","0","11","0.00","16.82"
"estacionamento auto park","0","1","0.00","8.00"
"estacionamento av paulista","0","3","0.00","34.33"
"estacionamento avenida paulista","0","4","0.00","26.75"
"estacionamento azul viracopos","0","22","0.00","44.45"
"estacionamento b","0","1","0.00","12.00"
"estacionamento b aeroporto de brasília","0","11","0.00","10.09"
"estacionamento bambuzal aeroporto","0","76","0.00","9.24"
"estacionamento bambuzal aeroporto salvador","0","8","0.00","8.63"
"estacionamento bambuzal salvador","0","36","0.00","8.11"
"estacionamento bambuzal valor","0","10","0.00","6.30"
"estacionamento bandeira park","0","102","0.00","7.67"
"estacionamento bandeira park campinas","0","1","0.00","10.00"
"estacionamento bandeira park congonhas","0","30","0.00","25.87"
"estacionamento bandeira park guarulhos","0","27","0.00","12.33"
"estacionamento bandeira park guarulhos é bom","0","2","0.00","7.00"
"estacionamento bandeira park tiete","0","49","0.00","11.10"
"estacionamento bandeira park viracopos","0","15","0.00","25.73"
"estacionamento barato","0","1","0.00","9.00"
"estacionamento barato aeroporto curitiba","0","7","0.00","9.86"
"estacionamento barato aeroporto galeao rj","0","1","0.00","8.00"
"estacionamento barato aeroporto guarulhos","0","15","0.00","37.20"
"estacionamento barato aeroporto lisboa","0","3","0.00","29.67"
"estacionamento barato em congonhas","0","28","0.00","27.25"
"estacionamento barato em guarulhos","0","16","0.00","39.88"
"estacionamento barato guarulhos","0","16","0.00","19.19"
"estacionamento barato no aeroporto de guarulhos","0","1","0.00","1.00"
"estacionamento barato no centro do rio","0","1","0.00","32.00"
"estacionamento barato perto do aeroporto de guarulhos","0","4","0.00","39.75"
"estacionamento barato viracopos","0","29","0.00","30.28"
"estacionamento barra","0","1","0.00","1.00"
"estacionamento be park confins","0","23","0.00","7.52"
"estacionamento beira mar","0","5","0.00","5.60"
"estacionamento beira mar rio de janeiro","0","3","0.00","3.00"
"estacionamento beira-mar","0","5","0.00","9.80"
"estacionamento bepark","0","34","0.00","6.94"
"estacionamento bepark confins","0","9","0.00","6.00"
"estacionamento best park","0","13","0.00","4.23"
"estacionamento bh park","0","3","0.00","8.00"
"estacionamento bh park aeroporto santos dumont","0","29","0.00","8.34"
"estacionamento bh park santos dumont","0","6","0.00","9.83"
"estacionamento blumenau navegantes","0","5","0.00","6.60"
"estacionamento boa viagem rio preto","0","1","0.00","50.00"
"estacionamento bom retiro","0","1","0.00","1.00"
"estacionamento bpark","0","13","0.00","13.85"
"estacionamento br","0","3","0.00","9.00"
"estacionamento br aeroporto guarulhos","0","3","0.00","45.67"
"estacionamento br express","0","11","0.00","7.91"
"estacionamento br express guarulhos","0","6","0.00","8.00"
"estacionamento br guarulhos","0","3","0.00","43.67"
"estacionamento br parking","0","1","0.00","8.00"
"estacionamento br parking guarulhos","0","3","0.00","30.00"
"estacionamento br parking viracopos","0","11","0.00","8.82"
"estacionamento brasilia proximo aeroporto","0","3","0.00","12.00"
"estacionamento brasília","0","5","0.00","58.20"
"estacionamento brb aeroporto","0","15","0.00","10.00"
"estacionamento brb aeroporto brasília","0","11","0.00","9.82"
"estacionamento bsb","0","4","0.00","12.00"
"estacionamento bsb aeroporto","0","4","0.00","10.75"
"estacionamento busca busca","0","1","0.00","14.00"
"estacionamento call park","0","1","0.00","7.00"
"estacionamento caminhões 24 horas","0","1","0.00","1.00"
"estacionamento campinas","0","77","0.00","11.92"
"estacionamento campinas aeroporto viracopos","0","20","0.00","21.20"
"estacionamento campinas centro","0","1","0.00","20.00"
"estacionamento campo belo aeroporto","0","8","0.00","32.00"
"estacionamento campo belo congonhas","0","7","0.00","21.14"
"estacionamento campo grande","0","6","0.00","8.50"
"estacionamento campo grande ms","0","12","0.00","12.00"
"estacionamento carro","0","1","0.00","7.00"
"estacionamento carro aeroporto guarulhos","0","4","0.00","61.75"
"estacionamento carro guarulhos","0","5","0.00","58.60"
"estacionamento cecap guarulhos","0","6","0.00","9.83"
"estacionamento central","0","1","0.00","6.00"
"estacionamento central park","0","2","0.00","6.00"
"estacionamento central park confins","0","37","0.00","9.46"
"estacionamento central park fotos","0","3","0.00","5.33"
"estacionamento central park londrina","0","7","0.00","4.14"
"estacionamento centro","0","3","0.00","9.67"
"estacionamento centro da cidade","0","2","0.00","5.00"
"estacionamento centro de guarulhos","0","7","0.00","23.43"
"estacionamento centro rj 24 horas","0","1","0.00","2.00"
"estacionamento centro sp","0","4","0.00","10.75"
"estacionamento cgh","0","44","0.00","14.52"
"estacionamento cgh aeroporto","0","5","0.00","9.40"
"estacionamento cgh valor","0","5","0.00","10.40"
"estacionamento cnf","0","3","0.00","12.67"
"estacionamento coberto","0","3","0.00","4.00"
"estacionamento coberto aeroporto confins","0","24","0.00","9.67"
"estacionamento coberto aeroporto guarulhos","0","29","0.00","42.28"
"estacionamento coberto aeroporto lisboa","0","2","0.00","36.50"
"estacionamento coberto aeroporto salgado filho","0","13","0.00","10.77"
"estacionamento coberto aeroporto viracopos","0","14","0.00","9.36"
"estacionamento coberto em viracopos","0","4","0.00","10.25"
"estacionamento coberto guarulhos","0","4","0.00","56.00"
"estacionamento coberto perto de mim","0","2","0.00","11.50"
"estacionamento coberto perto do aeroporto de guarulhos","0","12","0.00","53.17"
"estacionamento coberto viracopos","0","33","0.00","7.91"
"estacionamento com transfer congonhas","0","3","0.00","10.33"
"estacionamento com translado para aeroporto de guarulhos","0","6","0.00","64.00"
"estacionamento comvem tiete","0","2","0.00","11.00"
"estacionamento confiança","0","1","0.00","8.00"
"estacionamento confins aeroporto","0","73","0.00","13.05"
"estacionamento confins diaria","0","29","0.00","39.14"
"estacionamento confins premium park","0","4","0.00","7.25"
"estacionamento confins preço","0","4","0.00","11.75"
"estacionamento congonhas 24 horas","0","4","0.00","11.75"
"estacionamento congonhas aeropark","0","16","0.00","25.31"
"estacionamento congonhas barato","0","48","0.00","21.25"
"estacionamento congonhas com transfer","0","3","0.00","8.67"
"estacionamento congonhas com traslado","0","13","0.00","8.54"
"estacionamento congonhas diaria","0","7","0.00","11.00"
"estacionamento congonhas estapar","0","1","0.00","4.00"
"estacionamento congonhas leve a chave","0","22","0.00","10.45"
"estacionamento congonhas oficial","0","8","0.00","12.50"
"estacionamento congonhas preco","0","17","0.00","40.53"
"estacionamento congonhas sp","0","43","0.00","14.93"
"estacionamento congonhas valor","0","4","0.00","12.00"
"estacionamento connect park","0","1","0.00","4.00"
"estacionamento copacabana 24h","0","1","0.00","9.00"
"estacionamento cuiaba","0","2","0.00","12.00"
"estacionamento cumbica","0","33","0.00","48.00"
"estacionamento cumbica preço","0","1","0.00","36.00"
"estacionamento curitiba","0","2","0.00","9.00"
"estacionamento curitiba aeroporto","0","16","0.00","8.31"
"estacionamento cwb","0","16","0.00","9.38"
"estacionamento cwb aeroporto","0","3","0.00","10.00"
"estacionamento da","0","2","0.00","6.00"
"estacionamento da azul em viracopos","0","7","0.00","37.57"
"estacionamento da rodoviaria tiete","0","34","0.00","23.09"
"estacionamento da rodoviária","0","2","0.00","11.50"
"estacionamento da rodoviária do tietê","0","7","0.00","11.29"
"estacionamento da rodoviária tietê","0","67","0.00","16.13"
"estacionamento de aeroporto","0","1","0.00","9.00"
"estacionamento de aviao","0","1","0.00","12.00"
"estacionamento de carro","0","1","0.00","1.00"
"estacionamento de congonhas","0","18","0.00","9.00"
"estacionamento de congonhas preço","0","1","0.00","12.00"
"estacionamento de guarulhos","0","18","0.00","54.44"
"estacionamento de guarulhos aeroporto","0","5","0.00","48.40"
"estacionamento de guarulhos valor","0","8","0.00","50.38"
"estacionamento de viracopos","0","6","0.00","9.00"
"estacionamento de viracopos campinas","0","6","0.00","10.17"
"estacionamento decolar","0","25","0.00","6.36"
"estacionamento decolar aeroporto guarulhos","0","8","0.00","5.13"
"estacionamento decolar guarulhos","0","108","0.00","5.64"
"estacionamento decolar park","0","18","0.00","18.44"
"estacionamento decolar park guarulhos","0","22","0.00","5.09"
"estacionamento dentro aeroporto confins","0","16","0.00","7.38"
"estacionamento dentro aeroporto guarulhos","0","12","0.00","54.33"
"estacionamento dentro aeroporto viracopos","0","11","0.00","9.64"
"estacionamento dentro da rodoviária tietê","0","8","0.00","9.25"
"estacionamento dentro de 400 m","0","2","0.00","7.50"
"estacionamento dentro de 800 m","0","2","0.00","40.50"
"estacionamento dentro de viracopos","0","10","0.00","6.80"
"estacionamento dentro do aeroporto afonso pena","0","18","0.00","11.61"
"estacionamento dentro do aeroporto confins","0","21","0.00","8.67"
"estacionamento dentro do aeroporto congonhas","0","2","0.00","11.50"
"estacionamento dentro do aeroporto de campinas","0","10","0.00","8.00"
"estacionamento dentro do aeroporto de congonhas","0","1","0.00","3.00"
"estacionamento dentro do aeroporto de congonhas preço","0","11","0.00","10.45"
"estacionamento dentro do aeroporto de guarulhos","0","8","0.00","43.25"
"estacionamento dentro do aeroporto guarulhos","0","9","0.00","43.22"
"estacionamento dentro do aeroporto porto alegre","0","2","0.00","11.50"
"estacionamento dentro do aeroporto salgado filho","0","4","0.00","12.75"
"estacionamento dentro do aeroporto viracopos","0","60","0.00","7.72"
"estacionamento dentro do aeroporto viracopos campinas","0","21","0.00","11.14"
"estacionamento dentro do terminal rodoviário tietê","0","5","0.00","10.60"
"estacionamento dentro viracopos","0","7","0.00","8.43"
"estacionamento descoberto","0","1","0.00","3.00"
"estacionamento descoberto e4 salgado filho","0","9","0.00","10.67"
"estacionamento df park brasilia","0","12","0.00","5.33"
"estacionamento df park fotos","0","10","0.00","4.40"
"estacionamento diaria aeroporto guarulhos","0","7","0.00","51.43"
"estacionamento diaria perto de mim","0","1","0.00","11.00"
"estacionamento do","0","1","0.00","12.00"
"estacionamento do aeroporto","0","14","0.00","18.93"
"estacionamento do aeroporto afonso pena","0","48","0.00","9.85"
"estacionamento do aeroporto confins","0","1","0.00","12.00"
"estacionamento do aeroporto congonhas","0","25","0.00","31.76"
"estacionamento do aeroporto de brasilia","0","9","0.00","11.44"
"estacionamento do aeroporto de campo grande","0","6","0.00","11.17"
"estacionamento do aeroporto de confins","0","3","0.00","22.00"
"estacionamento do aeroporto de congonhas valor","0","16","0.00","10.81"
"estacionamento do aeroporto de curitiba","0","12","0.00","10.67"
"estacionamento do aeroporto de florianópolis","0","1","0.00","12.00"
"estacionamento do aeroporto de fortaleza","0","7","0.00","11.86"
"estacionamento do aeroporto de goiania","0","14","0.00","27.14"
"estacionamento do aeroporto de goiânia","0","25","0.00","10.80"
"estacionamento do aeroporto de guarulhos","0","21","0.00","43.43"
"estacionamento do aeroporto de guarulhos valor","0","15","0.00","50.47"
"estacionamento do aeroporto de joão pessoa","0","21","0.00","8.14"
"estacionamento do aeroporto de londrina","0","9","0.00","7.67"
"estacionamento do aeroporto de maceió","0","13","0.00","11.08"
"estacionamento do aeroporto de navegantes","0","11","0.00","6.82"
"estacionamento do aeroporto de recife valor","0","3","0.00","7.67"
"estacionamento do aeroporto de salvador","0","13","0.00","11.69"
"estacionamento do aeroporto de teresina","0","10","0.00","4.40"
"estacionamento do aeroporto de viracopos","0","49","0.00","9.20"
"estacionamento do aeroporto de vitoria","0","8","0.00","10.88"
"estacionamento do aeroporto de vitoria es","0","3","0.00","10.33"
"estacionamento do aeroporto de vitória","0","5","0.00","11.40"
"estacionamento do aeroporto do galeão","0","6","0.00","21.50"
"estacionamento do aeroporto do recife","0","8","0.00","11.38"
"estacionamento do aeroporto galeão","0","13","0.00","15.31"
"estacionamento do aeroporto guarulhos","0","6","0.00","39.67"
"estacionamento do aeroporto internacional de guarulhos","0","12","0.00","40.67"
"estacionamento do aeroporto recife","0","1","0.00","11.00"
"estacionamento do aeroporto salgado filho","0","21","0.00","10.05"
"estacionamento do aeroporto viracopos","0","11","0.00","10.45"
"estacionamento do galeao","0","6","0.00","11.33"
"estacionamento do galeão","0","21","0.00","12.67"
"estacionamento do galeão valor","0","1","0.00","10.00"
"estacionamento do para","0","2","0.00","6.00"
"estacionamento do português","0","1","0.00","6.00"
"estacionamento do santos dumont","0","9","0.00","8.67"
"estacionamento do terminal 3 do aeroporto de guarulhos","0","4","0.00","34.75"
"estacionamento do terminal rodoviário tietê fotos","0","10","0.00","9.50"
"estacionamento do tietê","0","28","0.00","25.36"
"estacionamento dr park","0","3","0.00","6.67"
"estacionamento dr park 1 - aeroporto","0","13","0.00","9.46"
"estacionamento duque de caxias","0","1","0.00","1.00"
"estacionamento e2 aeroporto porto alegre","0","3","0.00","4.67"
"estacionamento e2 aeroporto salgado filho","0","11","0.00","10.18"
"estacionamento e2 e e3 salgado filho","0","17","0.00","8.76"
"estacionamento e2 salgado filho","0","10","0.00","9.30"
"estacionamento e3 aeroporto salgado filho","0","28","0.00","11.04"
"estacionamento e3 confins","0","4","0.00","6.50"
"estacionamento e3 salgado filho","0","13","0.00","14.00"
"estacionamento e4 salgado filho","0","13","0.00","11.46"
"estacionamento economico","0","1","0.00","1.00"
"estacionamento economico confins","0","5","0.00","11.60"
"estacionamento economico viracopos","0","11","0.00","10.00"
"estacionamento econômico galeão","0","5","0.00","28.20"
"estacionamento econômico galeão terminal 2","0","31","0.00","10.94"
"estacionamento econômico terminal 2","0","5","0.00","8.00"
"estacionamento econômico terminal 2 galeão","0","5","0.00","10.00"
"estacionamento edificio martinelli","0","1","0.00","2.00"
"estacionamento em aeroporto de congonhas","0","1","0.00","1.00"
"estacionamento em aeroporto de guarulhos","0","11","0.00","65.36"
"estacionamento em brasilia proximo ao aeroporto","0","2","0.00","12.00"
"estacionamento em brasília","0","1","0.00","1.00"
"estacionamento em brasília próximo ao aeroporto","0","12","0.00","9.25"
"estacionamento em campinas aeroporto","0","23","0.00","7.39"
"estacionamento em campinas viracopos","0","25","0.00","18.64"
"estacionamento em campo grande ms","0","4","0.00","8.25"
"estacionamento em confins","0","13","0.00","20.15"
"estacionamento em confins aeroporto","0","1","0.00","12.00"
"estacionamento em confins mais barato","0","29","0.00","9.59"
"estacionamento em congonhas com transfer","0","13","0.00","8.54"
"estacionamento em congonhas sp","0","5","0.00","7.20"
"estacionamento em copacabana","0","1","0.00","2.00"
"estacionamento em cumbica","0","28","0.00","45.86"
"estacionamento em cumbica guarulhos","0","4","0.00","48.75"
"estacionamento em curitiba","0","1","0.00","12.00"
"estacionamento em frente ao aeroporto de campo grande ms","0","6","0.00","7.33"
"estacionamento em frente ao aeroporto de congonhas","0","3","0.00","1.67"
"estacionamento em goiania","0","5","0.00","11.80"
"estacionamento em gru","0","3","0.00","62.67"
"estacionamento em gru airport","0","7","0.00","48.71"
"estacionamento em guarulhos","0","25","0.00","52.44"
"estacionamento em guarulhos aeroporto","0","5","0.00","42.20"
"estacionamento em guarulhos aeroporto barato","0","10","0.00","41.00"
"estacionamento em guarulhos perto do aeroporto","0","11","0.00","46.09"
"estacionamento em guarulhos preço","0","14","0.00","66.79"
"estacionamento em guarulhos próximo ao aeroporto","0","2","0.00","66.50"
"estacionamento em ipanema rj","0","1","0.00","10.00"
"estacionamento em londrina","0","1","0.00","12.00"
"estacionamento em navegantes","0","11","0.00","37.73"
"estacionamento em porto alegre","0","1","0.00","64.00"
"estacionamento em sao jose do rio pardo","0","1","0.00","36.00"
"estacionamento em vcp","0","2","0.00","2.50"
"estacionamento em viracopos aeroporto","0","7","0.00","5.71"
"estacionamento em viracopos preço","0","26","0.00","26.62"
"estacionamento em.congonhas","0","3","0.00","9.33"
"estacionamento em.guarulhos","0","4","0.00","70.50"
"estacionamento estampar","0","3","0.00","6.33"
"estacionamento estapar","0","60","0.00","10.48"
"estacionamento estapar aeroporto","0","4","0.00","9.50"
"estacionamento estapar aeroporto porto alegre","0","4","0.00","9.50"
"estacionamento estapar brasilia","0","6","0.00","7.67"
"estacionamento estapar confins","0","1","0.00","12.00"
"estacionamento estapar congonhas","0","3","0.00","25.33"
"estacionamento estapar galeao","0","1","0.00","8.00"
"estacionamento estapar viracopos","0","25","0.00","10.72"
"estacionamento f","0","1","0.00","11.00"
"estacionamento f viracopos","0","21","0.00","8.52"
"estacionamento f | aeroporto viracopos campinas","0","3","0.00","4.67"
"estacionamento facility park congonhas","0","16","0.00","8.38"
"estacionamento flamengo","0","1","0.00","1.00"
"estacionamento floriano peixoto","0","1","0.00","1.00"
"estacionamento florianopolis","0","1","0.00","26.00"
"estacionamento florianopolis aeroporto","0","3","0.00","10.33"
"estacionamento fly park","0","2","0.00","11.50"
"estacionamento fly park guarulhos","0","4","0.00","14.25"
"estacionamento franco da rocha","0","1","0.00","36.00"
"estacionamento galeao aeroporto","0","20","0.00","9.15"
"estacionamento galeao barato","0","5","0.00","7.00"
"estacionamento galeao diaria","0","39","0.00","8.90"
"estacionamento galeao preco","0","4","0.00","36.00"
"estacionamento galeao terminal 2 economico","0","1","0.00","11.00"
"estacionamento galeão diária","0","1","0.00","15.00"
"estacionamento galeão estapar","0","3","0.00","13.33"
"estacionamento galeão preço","0","6","0.00","5.50"
"estacionamento galeão reserva","0","5","0.00","12.60"
"estacionamento galeão reserva online","0","4","0.00","9.50"
"estacionamento galeão terminal 1","0","2","0.00","47.50"
"estacionamento galeão terminal 2","0","19","0.00","14.84"
"estacionamento galeão valor","0","3","0.00","10.67"
"estacionamento garage inn viracopos","0","10","0.00","5.90"
"estacionamento garageinn viracopos","0","9","0.00","3.89"
"estacionamento garagem aeroporto guarulhos","0","10","0.00","54.10"
"estacionamento garagem viracopos","0","14","0.00","5.29"
"estacionamento garulhos","0","12","0.00","63.58"
"estacionamento gig","0","61","0.00","9.67"
"estacionamento gig galeao","0","5","0.00","7.20"
"estacionamento gig terminal 2","0","4","0.00","10.00"
"estacionamento gig valor","0","12","0.00","10.08"
"estacionamento go park guarulhos","0","3","0.00","9.00"
"estacionamento goiania","0","11","0.00","11.00"
"estacionamento goiania aeroporto","0","21","0.00","10.57"
"estacionamento gopark","0","3","0.00","7.00"
"estacionamento grand parking congonhas","0","9","0.00","4.78"
"estacionamento gratuito aeroporto lisboa","0","2","0.00","36.50"
"estacionamento gratuito perto aeroporto lisboa","0","6","0.00","41.17"
"estacionamento green park","0","1","0.00","33.00"
"estacionamento gru","0","40","0.00","38.50"
"estacionamento gru aeroporto","0","12","0.00","38.42"
"estacionamento gru airport","0","18","0.00","47.22"
"estacionamento gru airport preço","0","7","0.00","43.14"
"estacionamento gru airport terminal 3","0","5","0.00","27.60"
"estacionamento gru barato","0","8","0.00","42.38"
"estacionamento gru preço","0","8","0.00","44.13"
"estacionamento gru terminal 1","0","8","0.00","37.00"
"estacionamento gru terminal 2","0","2","0.00","28.50"
"estacionamento gru terminal 3","0","10","0.00","36.80"
"estacionamento gru valor","0","6","0.00","59.00"
"estacionamento guarulho","0","8","0.00","54.88"
"estacionamento guarulhos 24 horas","0","7","0.00","56.14"
"estacionamento guarulhos aeroporto","0","39","0.00","37.21"
"estacionamento guarulhos aeroporto preço","0","6","0.00","40.50"
"estacionamento guarulhos aeroporto terminal 2","0","1","0.00","34.00"
"estacionamento guarulhos aeroporto terminal 3","0","5","0.00","30.20"
"estacionamento guarulhos barato","0","13","0.00","30.46"
"estacionamento guarulhos br parking","0","1","0.00","16.00"
"estacionamento guarulhos com transfer","0","5","0.00","69.40"
"estacionamento guarulhos decolar park","0","4","0.00","4.50"
"estacionamento guarulhos diaria","0","9","0.00","54.22"
"estacionamento guarulhos diária","0","13","0.00","69.15"
"estacionamento guarulhos mais barato","0","12","0.00","47.25"
"estacionamento guarulhos preco","0","9","0.00","56.22"
"estacionamento guarulhos preço","0","28","0.00","62.57"
"estacionamento guarulhos sp","0","50","0.00","23.18"
"estacionamento guarulhos terminal 1","0","10","0.00","26.40"
"estacionamento guarulhos terminal 2","0","5","0.00","25.20"
"estacionamento guarulhos terminal 3","0","8","0.00","25.00"
"estacionamento guarulhos valor","0","10","0.00","37.20"
"estacionamento guarulhos yellow park","0","6","0.00","61.83"
"estacionamento hangar","0","3","0.00","55.00"
"estacionamento hangar vip","0","15","0.00","5.40"
"estacionamento hangar vip - aeroporto","0","5","0.00","5.80"
"estacionamento hangar vip aeroporto","0","6","0.00","58.83"
"estacionamento ibis confins","0","1","0.00","44.00"
"estacionamento ilha do governador","0","8","0.00","7.13"
"estacionamento indigo aeroporto curitiba","0","1","0.00","19.00"
"estacionamento internacional","0","1","0.00","10.00"
"estacionamento interno aeroporto guarulhos","0","11","0.00","31.64"
"estacionamento ipiranga","0","1","0.00","21.00"
"estacionamento ipo park confins","0","13","0.00","11.77"
"estacionamento jardins","0","1","0.00","10.00"
"estacionamento jf parking","0","9","0.00","67.22"
"estacionamento jose paulino","0","1","0.00","1.00"
"estacionamento joão pessoa aeroporto","0","19","0.00","7.63"
"estacionamento jr","0","1","0.00","11.00"
"estacionamento kan","0","1","0.00","36.00"
"estacionamento km 64 viracopos","0","29","0.00","5.79"
"estacionamento lagoa santa","0","3","0.00","9.33"
"estacionamento leblon 24h","0","2","0.00","1.00"
"estacionamento leste oeste","0","18","0.00","6.94"
"estacionamento lisboa aeroporto","0","1","0.00","31.00"
"estacionamento litoral","0","1","0.00","1.00"
"estacionamento londrina","0","1","0.00","12.00"
"estacionamento londrina aeroporto","0","23","0.00","8.91"
"estacionamento longa permanência gru","0","6","0.00","53.50"
"estacionamento longa permanência guarulhos","0","5","0.00","53.40"
"estacionamento longa permanência viracopos","0","23","0.00","39.43"
"estacionamento low cost aeroporto","0","16","0.00","37.75"
"estacionamento low cost aeroporto de lisboa","0","4","0.00","27.00"
"estacionamento low cost aeroporto lisboa","0","88","0.00","37.22"
"estacionamento low cost lisboa","0","51","0.00","42.82"
"estacionamento maceio","0","1","0.00","28.00"
"estacionamento mais barato","0","2","0.00","14.50"
"estacionamento mais barato aeroporto curitiba","0","11","0.00","8.45"
"estacionamento mais barato aeroporto guarulhos","0","12","0.00","36.25"
"estacionamento mais barato com traslado gratuito para o congonhas cgh em são paulo","0","7","0.00","17.43"
"estacionamento mais barato guarulhos","0","16","0.00","37.00"
"estacionamento mais perto","0","3","0.00","31.33"
"estacionamento mais perto de mim","0","1","0.00","9.00"
"estacionamento mais perto do aeroporto de guarulhos","0","6","0.00","45.17"
"estacionamento mais proximo","0","1","0.00","18.00"
"estacionamento mais proximo aeroporto guarulhos","0","27","0.00","66.52"
"estacionamento mais proximo de mim","0","10","0.00","17.40"
"estacionamento mais próximo","0","6","0.00","12.17"
"estacionamento mais próximo a mim","0","1","0.00","11.00"
"estacionamento mais próximo daqui","0","2","0.00","3.50"
"estacionamento mais próximo de mim","0","9","0.00","20.33"
"estacionamento mais próximo do aeroporto de guarulhos","0","35","0.00","45.00"
"estacionamento mais seguro e barato próximo a viracopos para viagens longas","0","8","0.00","3.75"
"estacionamento mensal copacabana","0","1","0.00","2.00"
"estacionamento mensal perto de mim","0","1","0.00","41.00"
"estacionamento mensal viracopos","0","15","0.00","31.33"
"estacionamento mensalista perto de mim","0","2","0.00","10.00"
"estacionamento metro portuguesa tiete","0","3","0.00","11.33"
"estacionamento metro tiete","0","95","0.00","15.22"
"estacionamento metro tiete 24 horas","0","7","0.00","10.86"
"estacionamento metrô tietê","0","45","0.00","24.80"
"estacionamento mobiciti congonhas","0","18","0.00","10.50"
"estacionamento mobiciti guarulhos","0","3","0.00","9.33"
"estacionamento mobicity","0","2","0.00","11.50"
"estacionamento mobicity congonhas","0","20","0.00","9.70"
"estacionamento moto aeroporto confins","0","9","0.00","7.22"
"estacionamento moto aeroporto guarulhos","0","3","0.00","38.67"
"estacionamento multipark","0","7","0.00","8.14"
"estacionamento multipark aeroporto guarulhos","0","22","0.00","42.00"
"estacionamento multipark confins","0","58","0.00","9.38"
"estacionamento multipark guarulhos","0","19","0.00","26.47"
"estacionamento multipark preço","0","14","0.00","10.79"
"estacionamento multipark viracopos","0","1","0.00","10.00"
"estacionamento na avenida paulista","0","3","0.00","27.00"
"estacionamento na jose paulino","0","1","0.00","1.00"
"estacionamento na paulista","0","12","0.00","22.75"
"estacionamento na rodoviaria tiete","0","19","0.00","24.32"
"estacionamento na rodoviária tietê","0","47","0.00","14.34"
"estacionamento nation park","0","22","0.00","6.73"
"estacionamento navegantes","0","36","0.00","11.39"
"estacionamento navegantes aeroporto","0","49","0.00","7.00"
"estacionamento ndl nova iguaçu","0","2","0.00","5.00"
"estacionamento nickel marechal deodoro","0","2","0.00","31.50"
"estacionamento nikkei","0","6","0.00","5.17"
"estacionamento nikkey","0","113","0.00","8.08"
"estacionamento nikkey aeroporto curitiba","0","33","0.00","5.64"
"estacionamento no aeroporto afonso pena","0","44","0.00","9.43"
"estacionamento no aeroporto congonhas","0","33","0.00","20.88"
"estacionamento no aeroporto curitiba","0","11","0.00","34.18"
"estacionamento no aeroporto de brasilia","0","6","0.00","11.00"
"estacionamento no aeroporto de brasília","0","14","0.00","8.57"
"estacionamento no aeroporto de campinas viracopos","0","9","0.00","8.00"
"estacionamento no aeroporto de confins","0","7","0.00","9.86"
"estacionamento no aeroporto de congonhas","0","116","0.00","14.91"
"estacionamento no aeroporto de congonhas preço","0","2","0.00","12.00"
"estacionamento no aeroporto de curitiba","0","2","0.00","6.00"
"estacionamento no aeroporto de florianópolis","0","1","0.00","9.00"
"estacionamento no aeroporto de goiânia","0","11","0.00","10.64"
"estacionamento no aeroporto de guarulhos","0","57","0.00","40.14"
"estacionamento no aeroporto de guarulhos preço","0","10","0.00","45.90"
"estacionamento no aeroporto de guarulhos sp","0","13","0.00","30.77"
"estacionamento no aeroporto de guarulhos valor","0","9","0.00","51.00"
"estacionamento no aeroporto de joão pessoa","0","9","0.00","8.00"
"estacionamento no aeroporto de lisboa","0","56","0.00","36.23"
"estacionamento no aeroporto de londrina","0","13","0.00","8.31"
"estacionamento no aeroporto de navegantes","0","27","0.00","6.85"
"estacionamento no aeroporto de recife","0","7","0.00","10.57"
"estacionamento no aeroporto de salvador","0","1","0.00","16.00"
"estacionamento no aeroporto de viracopos campinas","0","32","0.00","22.09"
"estacionamento no aeroporto de vitória","0","10","0.00","11.00"
"estacionamento no aeroporto do galeão","0","28","0.00","11.04"
"estacionamento no aeroporto guarulhos","0","10","0.00","47.10"
"estacionamento no aeroporto lisboa","0","16","0.00","29.88"
"estacionamento no aeroporto salgado filho","0","14","0.00","23.14"
"estacionamento no aeroporto santos dumont","0","23","0.00","14.00"
"estacionamento no aeroporto viracopos","0","20","0.00","10.10"
"estacionamento no galeao","0","12","0.00","11.58"
"estacionamento no galeao preço","0","6","0.00","15.17"
"estacionamento no galeão","0","11","0.00","17.09"
"estacionamento no galeão rio de janeiro","0","16","0.00","10.63"
"estacionamento no metro tiete","0","36","0.00","32.64"
"estacionamento no santos dumont","0","9","0.00","8.89"
"estacionamento no terminal tiete","0","35","0.00","18.51"
"estacionamento no tiete","0","13","0.00","11.77"
"estacionamento nova iguaçu","0","58","0.00","7.14"
"estacionamento nova iguaçu centro","0","3","0.00","3.67"
"estacionamento oficial aeroporto afonso pena","0","1","0.00","3.00"
"estacionamento oficial aeroporto confins","0","4","0.00","7.25"
"estacionamento oficial aeroporto congonhas","0","11","0.00","10.82"
"estacionamento oficial aeroporto de congonhas","0","4","0.00","11.25"
"estacionamento oficial aeroporto de curitiba","0","1","0.00","4.00"
"estacionamento oficial aeroporto de guarulhos","0","10","0.00","46.50"
"estacionamento oficial aeroporto guarulhos","0","13","0.00","31.77"
"estacionamento oficial aeroporto viracopos","0","25","0.00","9.92"
"estacionamento oficial do aeroporto de congonhas","0","7","0.00","12.71"
"estacionamento oficial do aeroporto de guarulhos","0","12","0.00","56.58"
"estacionamento oficial economico aeroporto de viracopos","0","1","0.00","11.00"
"estacionamento oficial econômico aeroporto de viracopos","0","31","0.00","9.32"
"estacionamento oficial edifício-garagem aeroporto de viracopos","0","3","0.00","10.00"
"estacionamento oficial gru","0","2","0.00","13.50"
"estacionamento oficial viracopos","0","4","0.00","8.75"
"estacionamento one parking congonhas","0","22","0.00","3.41"
"estacionamento p1 aeroporto confins","0","6","0.00","7.67"
"estacionamento p3","0","4","0.00","6.50"
"estacionamento p3 aeroporto de lisboa","0","1","0.00","35.00"
"estacionamento p3 confins","0","5","0.00","6.60"
"estacionamento para aeroporto de guarulhos","0","13","0.00","37.46"
"estacionamento para caminhões próximo a mim","0","2","0.00","4.00"
"estacionamento para carro","0","1","0.00","11.00"
"estacionamento para deixar o carro no aeroporto de guarulhos","0","9","0.00","48.00"
"estacionamento para o aeroporto de guarulhos","0","3","0.00","61.67"
"estacionamento parebem","0","1","0.00","11.00"
"estacionamento park","0","1","0.00","1.00"
"estacionamento park 222","0","46","0.00","6.93"
"estacionamento park 222 guarulhos","0","29","0.00","7.34"
"estacionamento park aeroporto","0","1","0.00","10.00"
"estacionamento park confins oficial","0","17","0.00","8.47"
"estacionamento park guarulhos","0","2","0.00","51.50"
"estacionamento parking","0","1","0.00","8.00"
"estacionamento parque confins","0","1","0.00","12.00"
"estacionamento particular","0","1","0.00","8.00"
"estacionamento particular perto de mim","0","1","0.00","11.00"
"estacionamento patio confins","0","7","0.00","35.71"
"estacionamento paulista","0","6","0.00","25.50"
"estacionamento peeto de mim","0","1","0.00","9.00"
"estacionamento perto","0","3","0.00","28.00"
"estacionamento perto aeroporto","0","10","0.00","9.90"
"estacionamento perto aeroporto afonso pena","0","2","0.00","8.50"
"estacionamento perto aeroporto brasilia","0","1","0.00","13.00"
"estacionamento perto aeroporto campinas","0","15","0.00","6.47"
"estacionamento perto aeroporto congonhas","0","29","0.00","10.72"
"estacionamento perto aeroporto de congonhas","0","19","0.00","25.58"
"estacionamento perto aeroporto de guarulhos","0","11","0.00","55.36"
"estacionamento perto aeroporto florianópolis","0","4","0.00","1.00"
"estacionamento perto aeroporto guarulhos","0","34","0.00","53.24"
"estacionamento perto aeroporto salgado filho","0","5","0.00","10.60"
"estacionamento perto aeroporto viracopos","0","28","0.00","8.14"
"estacionamento perto confins","0","1","0.00","12.00"
"estacionamento perto congonhas","0","5","0.00","8.00"
"estacionamento perto da paulista","0","3","0.00","12.00"
"estacionamento perto de confins","0","8","0.00","8.75"
"estacionamento perto de congonhas aeroporto","0","10","0.00","7.60"
"estacionamento perto de guarulhos","0","11","0.00","51.73"
"estacionamento perto de guarulhos aeroporto","0","6","0.00","43.83"
"estacionamento perto de mim","0","66","0.00","6.30"
"estacionamento perto de mim abertos agora","0","3","0.00","8.00"
"estacionamento perto de mim dentro de 400 m","0","3","0.00","66.67"
"estacionamento perto de mim mensal","0","1","0.00","10.00"
"estacionamento perto de min","0","5","0.00","28.20"
"estacionamento perto de mom","0","1","0.00","5.00"
"estacionamento perto de viracopos","0","61","0.00","26.46"
"estacionamento perto de viracopos campinas","0","15","0.00","6.33"
"estacionamento perto do","0","2","0.00","10.00"
"estacionamento perto do aeroporto afonso pena","0","35","0.00","8.80"
"estacionamento perto do aeroporto confins","0","12","0.00","31.50"
"estacionamento perto do aeroporto congonhas","0","26","0.00","27.42"
"estacionamento perto do aeroporto de confins","0","3","0.00","1.00"
"estacionamento perto do aeroporto de confins bh","0","2","0.00","1.50"
"estacionamento perto do aeroporto de congonhas","0","94","0.00","15.12"
"estacionamento perto do aeroporto de curitiba","0","21","0.00","20.95"
"estacionamento perto do aeroporto de goiânia","0","17","0.00","8.59"
"estacionamento perto do aeroporto de guarulhos","0","41","0.00","50.12"
"estacionamento perto do aeroporto de guarulhos barato","0","8","0.00","34.38"
"estacionamento perto do aeroporto de guarulhos com traslado","0","5","0.00","58.00"
"estacionamento perto do aeroporto de recife","0","18","0.00","6.89"
"estacionamento perto do aeroporto de salvador","0","13","0.00","8.69"
"estacionamento perto do aeroporto guarulhos","0","17","0.00","58.76"
"estacionamento perto do aeroporto salgado filho","0","6","0.00","10.83"
"estacionamento perto do aeroporto santos dumont","0","9","0.00","8.67"
"estacionamento perto do galeão","0","2","0.00","9.00"
"estacionamento perto do santos dumont","0","2","0.00","9.00"
"estacionamento perto do terminal tiete","0","5","0.00","8.80"
"estacionamento perto rodoviaria tiete","0","15","0.00","9.07"
"estacionamento perto viracopos","0","26","0.00","8.50"
"estacionamento ponce park","0","22","0.00","8.50"
"estacionamento ponce park guarulhos","0","12","0.00","8.00"
"estacionamento por perto","0","1","0.00","28.00"
"estacionamento portal","0","45","0.00","11.80"
"estacionamento portal aeroporto florianópolis","0","12","0.00","7.17"
"estacionamento portal florianopolis","0","3","0.00","6.33"
"estacionamento portal florianópolis","0","29","0.00","7.76"
"estacionamento porto alegre","0","2","0.00","38.50"
"estacionamento porto alegre aeroporto","0","3","0.00","15.67"
"estacionamento porto do recife","0","1","0.00","19.00"
"estacionamento porto park","0","1","0.00","58.00"
"estacionamento portuguesa tiete","0","63","0.00","10.60"
"estacionamento premium","0","2","0.00","11.50"
"estacionamento premium aeroporto","0","3","0.00","8.67"
"estacionamento premium park confins","0","77","0.00","7.22"
"estacionamento privativo","0","1","0.00","5.00"
"estacionamento procimo","0","1","0.00","11.00"
"estacionamento proximo","0","13","0.00","9.08"
"estacionamento proximo a confins","0","2","0.00","1.50"
"estacionamento proximo a congonhas com transfer","0","8","0.00","8.50"
"estacionamento proximo a guarulhos","0","6","0.00","54.67"
"estacionamento proximo a mim","0","1","0.00","10.00"
"estacionamento proximo a rodoviaria do tiete","0","9","0.00","9.33"
"estacionamento proximo a viracopos","0","49","0.00","25.37"
"estacionamento proximo aeroporto","0","5","0.00","22.00"
"estacionamento proximo aeroporto afonso pena","0","66","0.00","8.44"
"estacionamento proximo aeroporto campinas","0","14","0.00","10.07"
"estacionamento proximo aeroporto confins","0","8","0.00","20.25"
"estacionamento proximo aeroporto curitiba","0","13","0.00","7.46"
"estacionamento proximo aeroporto de congonhas","0","3","0.00","8.00"
"estacionamento proximo aeroporto de florianopolis","0","2","0.00","9.00"
"estacionamento proximo aeroporto de guarulhos","0","6","0.00","41.17"
"estacionamento proximo aeroporto goiania","0","8","0.00","9.38"
"estacionamento proximo aeroporto gru","0","5","0.00","61.20"
"estacionamento proximo aeroporto guarulhos","0","68","0.00","54.26"
"estacionamento proximo aeroporto guarulhos barato","0","8","0.00","31.25"
"estacionamento proximo aeroporto navegantes","0","4","0.00","7.00"
"estacionamento proximo aeroporto porto alegre","0","7","0.00","55.14"
"estacionamento proximo aeroporto recife","0","2","0.00","9.00"
"estacionamento proximo aeroporto viracopos","0","60","0.00","24.22"
"estacionamento proximo ao aeroporto","0","2","0.00","11.00"
"estacionamento proximo ao aeroporto confins","0","2","0.00","3.00"
"estacionamento proximo ao aeroporto curitiba","0","40","0.00","8.45"
"estacionamento proximo ao aeroporto de confins","0","1","0.00","11.00"
"estacionamento proximo ao aeroporto de congonhas","0","31","0.00","32.55"
"estacionamento proximo ao aeroporto de cuiaba","0","7","0.00","6.00"
"estacionamento proximo ao aeroporto de guarulhos","0","3","0.00","41.33"
"estacionamento proximo ao aeroporto de viracopos","0","5","0.00","7.60"
"estacionamento proximo ao aeroporto guarulhos","0","51","0.00","55.24"
"estacionamento proximo ao aeroporto viracopos campinas","0","8","0.00","6.50"
"estacionamento proximo ao galeao","0","1","0.00","10.00"
"estacionamento proximo ao santos dumont","0","13","0.00","8.15"
"estacionamento proximo congonhas","0","27","0.00","18.63"
"estacionamento proximo de mim","0","1","0.00","8.00"
"estacionamento proximo do aeroporto de congonhas","0","21","0.00","37.29"
"estacionamento proximo do aeroporto de guarulhos","0","18","0.00","61.94"
"estacionamento proximo guarulhos","0","4","0.00","53.25"
"estacionamento proximo rodoviaria tiete","0","11","0.00","9.00"
"estacionamento proximo viracopos","0","46","0.00","27.87"
"estacionamento próximo","0","10","0.00","18.20"
"estacionamento próximo a congonhas","0","12","0.00","8.92"
"estacionamento próximo a guarulhos","0","6","0.00","46.67"
"estacionamento próximo a mim","0","4","0.00","6.50"
"estacionamento próximo a mim dentro de 800 m","0","1","0.00","9.00"
"estacionamento próximo a minha localização","0","2","0.00","9.50"
"estacionamento próximo a rodoviária tietê","0","15","0.00","10.00"
"estacionamento próximo a viracopos","0","12","0.00","10.33"
"estacionamento próximo aeroporto","0","6","0.00","12.33"
"estacionamento próximo aeroporto afonso pena","0","7","0.00","7.43"
"estacionamento próximo aeroporto confins","0","1","0.00","1.00"
"estacionamento próximo aeroporto congonhas","0","1","0.00","9.00"
"estacionamento próximo aeroporto de brasília","0","2","0.00","11.00"
"estacionamento próximo aeroporto de confins","0","18","0.00","10.72"
"estacionamento próximo aeroporto de goiânia","0","24","0.00","9.29"
"estacionamento próximo aeroporto de guarulhos","0","33","0.00","60.39"
"estacionamento próximo aeroporto de viracopos","0","22","0.00","8.73"
"estacionamento próximo aeroporto guarulhos","0","47","0.00","65.51"
"estacionamento próximo aeroporto salgado filho","0","3","0.00","12.67"
"estacionamento próximo aeroporto viracopos","0","1","0.00","12.00"
"estacionamento próximo ao aeroporto afonso pena","0","26","0.00","7.35"
"estacionamento próximo ao aeroporto de campinas","0","11","0.00","7.82"
"estacionamento próximo ao aeroporto de confins","0","1","0.00","16.00"
"estacionamento próximo ao aeroporto de curitiba","0","10","0.00","7.60"
"estacionamento próximo ao aeroporto de goiânia","0","2","0.00","6.50"
"estacionamento próximo ao aeroporto de guarulhos","0","43","0.00","49.65"
"estacionamento próximo ao aeroporto de guarulhos com traslado","0","5","0.00","44.80"
"estacionamento próximo ao aeroporto de guarulhos mais barato","0","9","0.00","30.33"
"estacionamento próximo ao aeroporto de navegantes","0","1","0.00","6.00"
"estacionamento próximo ao aeroporto de vitória es","0","10","0.00","8.50"
"estacionamento próximo ao aeroporto de várzea grande","0","6","0.00","7.00"
"estacionamento próximo ao aeroporto guarulhos","0","14","0.00","54.07"
"estacionamento próximo ao aeroporto salgado filho","0","1","0.00","14.00"
"estacionamento próximo ao aeroporto santos dumont","0","26","0.00","21.77"
"estacionamento próximo ao aeroporto viracopos","0","3","0.00","10.67"
"estacionamento próximo ao terminal tietê","0","14","0.00","7.93"
"estacionamento próximo congonhas","0","8","0.00","12.13"
"estacionamento próximo de mim","0","11","0.00","32.45"
"estacionamento próximo do aeroporto","0","7","0.00","33.43"
"estacionamento próximo do aeroporto de congonhas","0","10","0.00","8.20"
"estacionamento próximo do aeroporto de guarulhos","0","29","0.00","58.59"
"estacionamento próximo viracopos","0","1","0.00","1.00"
"estacionamento próximos ao aeroporto de guarulhos","0","8","0.00","40.00"
"estacionamento pátio confins","0","20","0.00","7.50"
"estacionamento recife","0","6","0.00","8.50"
"estacionamento recife aeroporto","0","57","0.00","11.19"
"estacionamento rio galeao","0","2","0.00","12.00"
"estacionamento rodoviaria","0","2","0.00","10.00"
"estacionamento rodoviaria campinas","0","1","0.00","16.00"
"estacionamento rodoviaria do tiete","0","12","0.00","9.00"
"estacionamento rodoviaria tiete valor","0","17","0.00","10.00"
"estacionamento rodoviária do tietê","0","17","0.00","8.41"
"estacionamento rodoviária tiete","0","111","0.00","9.75"
"estacionamento rodoviária tietê","0","124","0.00","9.47"
"estacionamento rodoviária tietê preço","0","21","0.00","9.57"
"estacionamento royal","0","3","0.00","9.33"
"estacionamento royal park","0","6","0.00","8.67"
"estacionamento rua buenos aires","0","1","0.00","11.00"
"estacionamento rua jose paulino bom retiro","0","1","0.00","1.00"
"estacionamento salgado filho","0","2","0.00","12.50"
"estacionamento salgado filho aeroporto","0","4","0.00","41.75"
"estacionamento santa genoveva","0","6","0.00","11.50"
"estacionamento santana","0","2","0.00","12.00"
"estacionamento santos dumond","0","11","0.00","7.73"
"estacionamento santos dumont preço","0","4","0.00","9.75"
"estacionamento santos dumont rio de janeiro","0","4","0.00","6.75"
"estacionamento sao jose do rio pardo","0","1","0.00","34.00"
"estacionamento sao jose dos pinhais","0","11","0.00","3.82"
"estacionamento sao jose dos pinhais aeroporto","0","6","0.00","9.33"
"estacionamento sdu preço","0","15","0.00","7.60"
"estacionamento seguro","0","1","0.00","19.00"
"estacionamento self park","0","1","0.00","5.00"
"estacionamento sem parar perto de mim","0","1","0.00","8.00"
"estacionamento servparking","0","4","0.00","11.25"
"estacionamento shopping pamplona","0","3","0.00","12.00"
"estacionamento space park confins","0","82","0.00","7.71"
"estacionamento stapar","0","4","0.00","6.75"
"estacionamento super park confins","0","5","0.00","64.00"
"estacionamento teca standard aeroporto de guarulhos","0","1","0.00","25.00"
"estacionamento teresina","0","1","0.00","9.00"
"estacionamento terminal","0","2","0.00","18.00"
"estacionamento terminal 1 guarulhos","0","8","0.00","28.13"
"estacionamento terminal 2","0","1","0.00","8.00"
"estacionamento terminal 2 galeão","0","23","0.00","9.96"
"estacionamento terminal 2 gru","0","4","0.00","31.00"
"estacionamento terminal 2 guarulhos","0","6","0.00","36.67"
"estacionamento terminal 2 guarulhos preço","0","7","0.00","36.14"
"estacionamento terminal 3","0","5","0.00","49.00"
"estacionamento terminal 3 aeroporto de guarulhos","0","8","0.00","25.13"
"estacionamento terminal 3 aeroporto guarulhos","0","8","0.00","29.50"
"estacionamento terminal 3 gru","0","2","0.00","45.50"
"estacionamento terminal 3 guarulhos","0","14","0.00","39.64"
"estacionamento terminal 3 guarulhos preço","0","12","0.00","51.25"
"estacionamento terminal 3 guarulhos reserva","0","21","0.00","56.52"
"estacionamento terminal rodoviario tiete","0","6","0.00","9.33"
"estacionamento terminal rodoviário tietê preço 2026","0","3","0.00","11.00"
"estacionamento terminal tiete","0","110","0.00","17.54"
"estacionamento terminal tietê","0","18","0.00","10.17"
"estacionamento the parking congonhas","0","16","0.00","9.56"
"estacionamento tiete 24h","0","4","0.00","9.75"
"estacionamento tiete sp","0","13","0.00","8.92"
"estacionamento tiete valor","0","44","0.00","9.39"
"estacionamento tiete voluntarios da patria","0","16","0.00","9.94"
"estacionamento tietê","0","88","0.00","21.16"
"estacionamento tietê 24 horas","0","57","0.00","8.53"
"estacionamento tietê plaza shopping","0","1","0.00","37.00"
"estacionamento tietê rodoviária","0","54","0.00","8.17"
"estacionamento tietê rua voluntários da pátria 344 santana","0","1","0.00","4.00"
"estacionamento urban park","0","29","0.00","8.55"
"estacionamento urban park guarulhos","0","242","0.00","8.80"
"estacionamento valet","0","3","0.00","9.00"
"estacionamento varzea grande","0","12","0.00","10.25"
"estacionamento vcp azul","0","1","0.00","15.00"
"estacionamento viajepark","0","12","0.00","42.42"
"estacionamento vira park","0","28","0.00","5.39"
"estacionamento vira park campinas","0","19","0.00","5.05"
"estacionamento viracopos azul preço","0","21","0.00","9.43"
"estacionamento viracopos barato","0","34","0.00","9.09"
"estacionamento viracopos campinas preço diária 2026","0","2","0.00","7.00"
"estacionamento viracopos coberto","0","10","0.00","7.70"
"estacionamento viracopos dentro do aeroporto","0","16","0.00","10.38"
"estacionamento viracopos desconto azul","0","3","0.00","6.00"
"estacionamento viracopos diária preço 2026","0","2","0.00","7.00"
"estacionamento viracopos edifício garagem","0","7","0.00","9.14"
"estacionamento viracopos estapar","0","16","0.00","11.13"
"estacionamento viracopos mais barato","0","24","0.00","9.04"
"estacionamento viracopos park","0","26","0.00","5.23"
"estacionamento viracopos preco","0","3","0.00","12.33"
"estacionamento viracopos preço","0","127","0.00","24.77"
"estacionamento viracopos promoção","0","3","0.00","7.33"
"estacionamento viracopos valor","0","9","0.00","10.89"
"estacionamento viracopus","0","26","0.00","44.00"
"estacionamento virapark","0","165","0.00","8.76"
"estacionamento virapark em campinas","0","11","0.00","6.27"
"estacionamento virapark guarulhos","0","9","0.00","6.67"
"estacionamento virapark viracopos","0","20","0.00","4.35"
"estacionamento virapark é bom","0","15","0.00","6.93"
"estacionamento viravopos","0","8","0.00","7.38"
"estacionamento vitoria","0","1","0.00","21.00"
"estacionamento vitoria aeroporto","0","14","0.00","9.14"
"estacionamento vitória airport","0","24","0.00","43.83"
"estacionamento vix","0","4","0.00","7.25"
"estacionamento voluntarios da patria","0","4","0.00","10.50"
"estacionamento wolverine","0","2","0.00","48.00"
"estacionamento yellow","0","1","0.00","12.00"
"estacionamento yellow guarulhos","0","4","0.00","66.50"
"estacionamento yellow park viracopos","0","13","0.00","7.23"
"estacionamento.aeroporto","0","4","0.00","10.50"
"estacionamento.aeroporto curitiba","0","7","0.00","11.57"
"estacionamento.aeroporto guarulhos","0","6","0.00","45.00"
"estacionamento.aeroporto.guarulhos","0","8","0.00","42.38"
"estacionamento.confins","0","1","0.00","12.00"
"estacionamento.congonhas","0","6","0.00","10.50"
"estacionamento.galeao","0","6","0.00","11.00"
"estacionamento.gru","0","7","0.00","26.71"
"estacionamento.guarulhos","0","6","0.00","52.17"
"estacionamento.viracopos","0","25","0.00","21.76"
"estacionamentos","0","4","0.00","6.50"
"estacionamentos aeroporto","0","15","0.00","37.47"
"estacionamentos aeroporto confins","0","18","0.00","26.94"
"estacionamentos aeroporto congonhas","0","45","0.00","28.49"
"estacionamentos aeroporto de congonhas","0","3","0.00","7.67"
"estacionamentos aeroporto de guarulhos","0","12","0.00","44.00"
"estacionamentos aeroporto guarulhos","0","30","0.00","46.17"
"estacionamentos aeroporto guarulhos preços","0","10","0.00","46.20"
"estacionamentos aeroporto salvador","0","11","0.00","26.64"
"estacionamentos aeroporto viracopos","0","85","0.00","26.69"
"estacionamentos alternativos","0","1","0.00","2.00"
"estacionamentos avenida paulista","0","1","0.00","27.00"
"estacionamentos campinas","0","18","0.00","24.17"
"estacionamentos com seguro de veículo próximos ao aeroporto de viracopos em campinas","0","1","0.00","4.00"
"estacionamentos confins","0","15","0.00","32.60"
"estacionamentos confins aeroporto","0","1","0.00","7.00"
"estacionamentos congonhas","0","6","0.00","12.33"
"estacionamentos congonhas aeroporto","0","2","0.00","12.00"
"estacionamentos copacabana","0","1","0.00","1.00"
"estacionamentos em congonhas","0","9","0.00","11.33"
"estacionamentos em copacabana","0","1","0.00","12.00"
"estacionamentos em curitiba","0","1","0.00","12.00"
"estacionamentos em guarulhos","0","10","0.00","59.80"
"estacionamentos em guarulhos aeroporto","0","8","0.00","50.25"
"estacionamentos em guarulhos proximo ao aeroporto","0","19","0.00","57.95"
"estacionamentos em porto alegre","0","1","0.00","37.00"
"estacionamentos gru","0","4","0.00","44.25"
"estacionamentos guarulhos","0","25","0.00","59.04"
"estacionamentos guarulhos aeroporto","0","9","0.00","41.89"
"estacionamentos mais próximos","0","1","0.00","2.00"
"estacionamentos mensalistas perto de mim","0","1","0.00","1.00"
"estacionamentos na avenida paulista","0","2","0.00","25.50"
"estacionamentos no aeroporto afonso pena","0","10","0.00","9.80"
"estacionamentos no aeroporto de congonhas","0","9","0.00","8.33"
"estacionamentos no aeroporto de guarulhos","0","11","0.00","45.18"
"estacionamentos no aeroporto de viracopos","0","8","0.00","8.00"
"estacionamentos perto aeroporto guarulhos","0","8","0.00","42.38"
"estacionamentos perto de confins","0","1","0.00","1.00"
"estacionamentos perto de congonhas","0","8","0.00","11.00"
"estacionamentos perto de mim","0","4","0.00","19.25"
"estacionamentos perto de viracopos","0","16","0.00","8.13"
"estacionamentos perto do aeroporto","0","16","0.00","18.69"
"estacionamentos perto do aeroporto de confins","0","60","0.00","15.57"
"estacionamentos perto do aeroporto de congonhas","0","19","0.00","8.68"
"estacionamentos perto do aeroporto de curitiba","0","32","0.00","6.53"
"estacionamentos perto do aeroporto de guarulhos","0","16","0.00","36.88"
"estacionamentos perto do aeroporto de viracopos","0","9","0.00","8.33"
"estacionamentos perto do aeroporto salgado filho","0","2","0.00","11.00"
"estacionamentos porto alegre","0","1","0.00","48.00"
"estacionamentos proximo aeroporto congonhas","0","13","0.00","32.15"
"estacionamentos proximo aeroporto guarulhos","0","12","0.00","42.67"
"estacionamentos proximo ao aeroporto de florianopolis","0","2","0.00","6.50"
"estacionamentos proximo ao aeroporto de guarulhos","0","1","0.00","9.00"
"estacionamentos proximos","0","8","0.00","8.75"
"estacionamentos proximos a viracopos","0","7","0.00","6.43"
"estacionamentos proximos aeroporto confins","0","3","0.00","8.00"
"estacionamentos proximos aeroporto guarulhos","0","6","0.00","69.50"
"estacionamentos proximos ao aeroporto afonso pena","0","7","0.00","37.43"
"estacionamentos proximos ao aeroporto confins","0","1","0.00","1.00"
"estacionamentos proximos ao aeroporto de brasilia","0","3","0.00","7.00"
"estacionamentos proximos ao aeroporto de confins","0","13","0.00","13.31"
"estacionamentos proximos ao aeroporto de curitiba","0","21","0.00","6.71"
"estacionamentos proximos ao aeroporto de guarulhos","0","4","0.00","58.75"
"estacionamentos proximos ao aeroporto viracopos","0","14","0.00","5.00"
"estacionamentos próximo","0","2","0.00","11.00"
"estacionamentos próximo aeroporto de confins","0","3","0.00","11.67"
"estacionamentos próximo aeroporto de guarulhos","0","10","0.00","43.20"
"estacionamentos próximo ao aeroporto de confins","0","1","0.00","12.00"
"estacionamentos próximo ao aeroporto de congonhas","0","12","0.00","11.75"
"estacionamentos próximo ao aeroporto de guarulhos","0","8","0.00","30.38"
"estacionamentos próximos","0","1","0.00","12.00"
"estacionamentos próximos ao aeroporto afonso pena","0","38","0.00","7.79"
"estacionamentos próximos ao aeroporto de confins","0","21","0.00","18.05"
"estacionamentos próximos ao aeroporto de congonhas","0","8","0.00","6.63"
"estacionamentos próximos ao aeroporto de guarulhos","0","20","0.00","50.50"
"estacionameto","0","1","0.00","6.00"
"estacionamiento aeropuerto","0","1","0.00","66.00"
"estacionamiento cerca de mi","0","1","0.00","8.00"
"estacionamwnto mais barato congonhas ou guarulhos","0","2","0.00","10.50"
"estacionar","0","2","0.00","7.00"
"estacionar aeroporto","0","4","0.00","36.75"
"estacionar aeroporto confins","0","4","0.00","13.00"
"estacionar aeroporto congonhas","0","2","0.00","10.50"
"estacionar aeroporto guarulhos","0","18","0.00","48.72"
"estacionar aeroporto lisboa","0","15","0.00","25.93"
"estacionar carro aeroporto lisboa","0","2","0.00","25.50"
"estacionar em congonhas","0","6","0.00","37.83"
"estacionar em guarulhos","0","2","0.00","24.50"
"estacionar guarulhos","0","5","0.00","17.60"
"estacionar no aeroporto","0","2","0.00","11.00"
"estacionar no aeroporto de confins","0","7","0.00","9.00"
"estacionar no aeroporto de guarulhos","0","20","0.00","35.05"
"estacionar no aeroporto de lisboa","0","1","0.00","26.00"
"estacionar no aeroporto salgado filho","0","3","0.00","11.00"
"estacionar viracopos","0","42","0.00","34.24"
"estacione aeroporto guarulhos","0","19","0.00","51.58"
"estacione e voe guarulhos","0","10","0.00","49.20"
"estacione guarulhos","0","1","0.00","19.00"
"estacione tiete","0","14","0.00","23.64"
"estacione tietê","0","1","0.00","12.00"
"estampar estacionamento","0","2","0.00","6.50"
"estaoar","0","19","0.00","9.26"
"estapacar","0","3","0.00","7.33"
"estapad","0","1","0.00","9.00"
"estapae","0","7","0.00","8.43"
"estapaf","0","2","0.00","8.00"
"estapar aeroporto","0","28","0.00","10.61"
"estapar aeroporto afonso pena","0","12","0.00","39.00"
"estapar aeroporto brasilia","0","10","0.00","14.90"
"estapar aeroporto brasília","0","11","0.00","29.00"
"estapar aeroporto confins","0","4","0.00","10.75"
"estapar aeroporto de brasilia","0","6","0.00","12.17"
"estapar aeroporto de viracopos (vcp) fotos","0","10","0.00","7.80"
"estapar aeroporto galeao","0","1","0.00","9.00"
"estapar aeroporto guarulhos","0","14","0.00","33.43"
"estapar aeroporto joao pessoa","0","5","0.00","11.00"
"estapar aeroporto joão pessoa","0","8","0.00","10.88"
"estapar aeroporto maceio","0","95","0.00","10.02"
"estapar aeroporto porto alegre","0","24","0.00","10.00"
"estapar aeroporto porto alegre telefone","0","1","0.00","13.00"
"estapar aeroporto recife","0","37","0.00","9.27"
"estapar aeroporto recife telefone","0","1","0.00","12.00"
"estapar aeroporto salgado filho","0","13","0.00","25.23"
"estapar aeroporto salvador","0","8","0.00","8.50"
"estapar aeroporto viracopos","0","21","0.00","10.95"
"estapar afonso pena","0","4","0.00","12.50"
"estapar bolsa do rio","0","1","0.00","22.00"
"estapar bossa nova mall","0","6","0.00","9.50"
"estapar brasilia","0","196","0.00","8.38"
"estapar brasilia aeroporto","0","6","0.00","11.67"
"estapar brasília","0","5","0.00","7.20"
"estapar bsb","0","1","0.00","11.00"
"estapar campinas viracopos","0","2","0.00","10.00"
"estapar campo grande ms","0","1","0.00","6.00"
"estapar cgh","0","4","0.00","44.50"
"estapar confins","0","2","0.00","27.00"
"estapar congonhas","0","2","0.00","27.50"
"estapar congonhas preço","0","3","0.00","57.33"
"estapar congonhas reserva","0","1","0.00","10.00"
"estapar congonhas valor","0","6","0.00","65.17"
"estapar curitiba","0","1","0.00","3.00"
"estapar curitiba aeroporto","0","1","0.00","2.00"
"estapar estacionamento","0","142","0.00","9.32"
"estapar estacionamento aeroporto","0","7","0.00","17.00"
"estapar estacionamento aeroporto brasilia","0","3","0.00","10.00"
"estapar estacionamento aeroporto de congonhas","0","2","0.00","46.50"
"estapar estacionamento aeroporto recife","0","5","0.00","10.00"
"estapar estacionamento brasilia","0","4","0.00","7.00"
"estapar estacionamento confins","0","4","0.00","50.25"
"estapar estacionamento congonhas","0","1","0.00","46.00"
"estapar estacionamento copacabana","0","1","0.00","34.00"
"estapar estacionamento endereços","0","1","0.00","33.00"
"estapar estacionamento joão pessoa","0","1","0.00","12.00"
"estapar estacionamento navegantes","0","7","0.00","5.57"
"estapar estacionamento porto alegre","0","7","0.00","10.43"
"estapar estacionamento recife","0","5","0.00","9.20"
"estapar estacionamento telefone","0","2","0.00","29.50"
"estapar estacionamento valor","0","1","0.00","7.00"
"estapar estacionamento viracopos","0","7","0.00","45.00"
"estapar estacionamentos","0","58","0.00","9.90"
"estapar estacionamentos - edifício-garagem - terminal 2 fotos","0","2","0.00","7.00"
"estapar estacionamentos aeroporto confins","0","1","0.00","35.00"
"estapar estacionamentos aeroporto de brasilia (bsb) lago sul","0","1","0.00","12.00"
"estapar estacionamentos aeroporto de congonhas (cgh)","0","2","0.00","27.00"
"estapar estacionamentos aeroporto de curitiba (cwb)","0","35","0.00","11.03"
"estapar estacionamentos aeroporto de viracopos vcp","0","1","0.00","11.00"
"estapar estacionamentos centro","0","1","0.00","14.00"
"estapar estacionamentos copacabana","0","2","0.00","33.00"
"estapar estacionamentos galeão","0","3","0.00","8.67"
"estapar estacionamentos off site aeroporto salgado filho (poa)","0","38","0.00","9.50"
"estapar estacionamentos off site aeroporto salgado filho (poa) fotos","0","5","0.00","10.60"
"estapar estacionamentos telefone","0","1","0.00","24.00"
"estapar estacionamentos valor","0","13","0.00","17.31"
"estapar galeao","0","36","0.00","10.31"
"estapar galeão","0","8","0.00","12.63"
"estapar galeão telefone","0","1","0.00","12.00"
"estapar gig","0","4","0.00","9.00"
"estapar guarulhos aeroporto","0","16","0.00","47.06"
"estapar joao pessoa","0","4","0.00","9.00"
"estapar joao pessoa aeroporto","0","1","0.00","11.00"
"estapar joão pessoa","0","68","0.00","7.90"
"estapar londrina aeroporto","0","9","0.00","7.67"
"estapar maceio","0","20","0.00","7.80"
"estapar pagar estacionamento","0","2","0.00","7.00"
"estapar porto alegre","0","10","0.00","11.20"
"estapar recife","0","57","0.00","10.33"
"estapar recife aeroporto","0","5","0.00","8.20"
"estapar reserva","0","4","0.00","23.50"
"estapar reserva viracopos","0","1","0.00","11.00"
"estapar rio de janeiro","0","2","0.00","8.50"
"estapar salgado filho","0","43","0.00","11.74"
"estapar santos dumont","0","6","0.00","27.00"
"estapar sdu","0","3","0.00","11.67"
"estapar telefone","0","2","0.00","38.50"
"estapar telefone aeroporto","0","1","0.00","11.00"
"estapar vcp","0","4","0.00","11.25"
"estapar viracopos","0","422","0.00","11.00"
"estapar viracopos preço","0","1","0.00","8.00"
"estapar.","0","1","0.00","7.00"
"estapark","0","2","0.00","7.50"
"estapat","0","3","0.00","8.00"
"estarpar","0","11","0.00","9.27"
"estavionamento","0","1","0.00","7.00"
"estavionamento aeroporto","0","9","0.00","10.78"
"estavionamento aeroporto guarulhos","0","5","0.00","42.80"
"estavionamento congonhas","0","4","0.00","11.00"
"estavionamento galeao","0","3","0.00","10.33"
"estavionamento gru","0","3","0.00","42.33"
"estavionamento guarulhos","0","7","0.00","51.00"
"estavionamento viracopos","0","14","0.00","7.50"
"estet car","0","1","0.00","1.00"
"estimativa do valor","0","1","0.00","2.00"
"estou pesquisando opções de onde deixar meu veículo durante uma viagem de negócios. quais são os melhores estacionamentos no aeroporto de viracopos?","0","2","0.00","4.50"
"estpar","0","1","0.00","9.00"
"estrada do galeao 2700","0","1","0.00","9.00"
"esuites congonhas by atlantica","0","1","0.00","63.00"
"etacionamento perto de mim","0","3","0.00","4.33"
"etapar","0","1","0.00","9.00"
"executive park","0","26","0.00","16.00"
"existe alternativa?","0","1","0.00","5.00"
"existe outro","0","1","0.00","1.00"
"existem outras opções?","0","1","0.00","3.00"
"express aeroporto","0","2","0.00","13.00"
"express estacionamento congonhas","0","3","0.00","5.67"
"express park","0","32","0.00","12.81"
"express parking","0","68","0.00","10.37"
"express parking congonhas","0","81","0.00","8.30"
"expresspark","0","1","0.00","1.00"
"externo","0","1","0.00","6.00"
"extracar parking","0","1","0.00","38.00"
"ez park","0","3","0.00","37.33"
"facility congonhas","0","13","0.00","9.15"
"facility estacionamento","0","27","0.00","7.26"
"facility estacionamento aeroporto de congonhas (cgh)","0","44","0.00","8.05"
"facility estacionamento aeroporto de congonhas cgh","0","17","0.00","31.18"
"facility park","0","1","0.00","10.00"
"facility park congonhas","0","12","0.00","28.00"
"fam aero park","0","7","0.00","8.86"
"faypitorak","0","8","0.00","5.75"
"ficar 3 dias","0","1","0.00","7.00"
"ficarei 10 dias","0","1","0.00","3.00"
"ficaremos 5 dias","0","1","0.00","5.00"
"flamingo pysäköinti","0","1","0.00","74.00"
"floripa airport estacionamento","0","3","0.00","20.33"
"fly park","0","1","0.00","87.00"
"flygplatsparkering","0","1","0.00","94.00"
"flypark","0","75","0.00","6.99"
"flypark aeroporto porto","0","1","0.00","47.00"
"flypark guarulhos","0","172","0.00","7.61"
"flypark oporto","0","1","0.00","42.00"
"flypark porto","0","1","0.00","34.00"
"foco aeroporto de recife","0","12","0.00","16.33"
"foco aeroporto recife","0","5","0.00","11.00"
"foco imbiribeira","0","1","0.00","11.00"
"fotos","0","2","0.00","2.00"
"fotos do aeroporto","0","1","0.00","5.00"
"fpark estacionamento curitiba","0","1","0.00","9.00"
"gabarito aeroporto","0","7","0.00","9.86"
"galeao","0","2","0.00","4.00"
"galeao estacionamento","0","11","0.00","11.09"
"galeão","0","2","0.00","3.50"
"galeão estacionamento","0","11","0.00","11.91"
"garage in","0","10","0.00","10.00"
"garage in garden","0","2","0.00","32.00"
"garage in viracopos","0","39","0.00","6.36"
"garage inn","0","21","0.00","10.81"
"garage inn campinas","0","8","0.00","3.50"
"garageen","0","1","0.00","6.00"
"garagein","0","8","0.00","8.38"
"garageinn","0","210","0.00","6.27"
"garageinn estacionamento","0","19","0.00","6.00"
"garagem aeroporto","0","8","0.00","39.25"
"garagem aeroporto curitiba","0","2","0.00","11.00"
"garagem aeroporto guarulhos","0","5","0.00","67.20"
"garagem aeroporto porto alegre","0","1","0.00","29.00"
"garagem aeroporto salgado filho","0","3","0.00","11.00"
"garagem aeroporto viracopos","0","9","0.00","5.44"
"garagem campinas","0","1","0.00","34.00"
"garagem estacionamento","0","2","0.00","26.50"
"garagem estacionamento viracopos","0","5","0.00","3.40"
"garagem florianopolis","0","12","0.00","10.17"
"garagem in","0","15","0.00","6.53"
"garagem in viracopos","0","10","0.00","7.50"
"garagem inn","0","11","0.00","8.45"
"garagem inn campinas","0","2","0.00","5.00"
"garagem inn viracopos","0","21","0.00","4.48"
"garagem para guardar carro perto de mim","0","2","0.00","7.50"
"garagem viracopos","0","6","0.00","11.33"
"gig estacionamento","0","7","0.00","8.57"
"giga parking","0","1","0.00","62.00"
"gj park","0","1","0.00","5.00"
"gjpark","0","1","0.00","1.00"
"globe park estacionamentos","0","1","0.00","31.00"
"go park","0","2","0.00","8.50"
"go park estacionamento","0","12","0.00","6.08"
"go park estacionamento guarulhos","0","13","0.00","8.23"
"go park gru","0","40","0.00","8.28"
"go park guarulhos","0","199","0.00","9.33"
"go parking","0","3","0.00","37.33"
"go2park","0","7","0.00","4.00"
"goparck","0","1","0.00","10.00"
"gopark","0","37","0.00","7.65"
"gopark estacionamento","0","3","0.00","6.00"
"gopark gru","0","124","0.00","9.73"
"gopark gru estacionamento aeroporto de guarulhos","0","79","0.00","9.99"
"gopark guarulhos","0","25","0.00","5.16"
"goparking","0","1","0.00","58.00"
"gostaria de saber qual o melhor","0","1","0.00","2.00"
"gostaria sim","0","1","0.00","1.00"
"gran parking","0","2","0.00","9.00"
"grand central valet parking","0","1","0.00","6.00"
"grand park congonhas","0","10","0.00","9.30"
"grand park estacionamento","0","1","0.00","11.00"
"grand parking","0","42","0.00","4.26"
"grand parking congonhas","0","141","0.00","4.04"
"grand parking estacionamento congonhas","0","76","0.00","5.72"
"grandparking","0","7","0.00","3.43"
"green park estacionamento","0","6","0.00","20.17"
"gru - edifício garagem terminal 3","0","3","0.00","35.67"
"gru aeroporto estacionamento","0","10","0.00","40.20"
"gru airport estacionamento","0","20","0.00","57.05"
"gru airport park","0","1","0.00","50.00"
"gru drop off","0","8","0.00","31.25"
"gru edifício garagem terminal 3","0","2","0.00","25.50"
"gru estacionamento","0","23","0.00","50.13"
"gru park","0","4","0.00","47.00"
"gru park estacionamento","0","4","0.00","59.25"
"gru parking","0","8","0.00","41.38"
"gru parking estacionamento","0","6","0.00","23.33"
"gru parking guarulhos","0","7","0.00","21.43"
"guarda volumes terminal tiete","0","1","0.00","26.00"
"guarulhos aeroporto estacionamento","0","9","0.00","46.00"
"guarulhos de carro","0","3","0.00","12.67"
"guarulhos edificio garagem","0","5","0.00","49.00"
"guarulhos estacionamento","0","14","0.00","63.86"
"guarulhos estacionamento aeroporto","0","4","0.00","72.75"
"guarulhos estacionamento preço","0","42","0.00","56.69"
"guarulhos park","0","7","0.00","21.86"
"hangar aeroporto","0","2","0.00","9.50"
"hangar estacionamento aeroporto afonso pena","0","13","0.00","7.46"
"hangar estacionamento campo grande","0","3","0.00","13.00"
"hangar vip","0","77","0.00","6.38"
"hangar vip aeroporto","0","28","0.00","6.04"
"hangar vip aeroporto curitiba","0","45","0.00","6.33"
"hangar vip curitiba","0","10","0.00","5.20"
"hangar vip estacionamento curitiba","0","2","0.00","4.00"
"hilux","0","1","0.00","6.00"
"horario das vans","0","1","0.00","5.00"
"horário de funcionamento do aeroporto de congonhas","0","1","0.00","54.00"
"hotel aero park e estacionamento","0","1","0.00","16.00"
"hotel aeroporto salvador","0","1","0.00","2.00"
"hotel brasilia proximo aeroporto","0","1","0.00","2.00"
"hotel no aeroporto de brasilia","0","1","0.00","2.00"
"hotel no aeroporto de congonhas","0","1","0.00","2.00"
"hotel proximo ao aeroporto de confins","0","1","0.00","2.00"
"humberto delgado aeroporto","0","4","0.00","73.75"
"imagem","0","1","0.00","1.00"
"imagens","0","1","0.00","2.00"
"imagens de aeroporto internacional de joão pessoa","0","1","0.00","1.00"
"indigo estacionamento curitiba","0","2","0.00","46.50"
"industria park","0","1","0.00","10.00"
"industrias park","0","10","0.00","5.70"
"industrias park estacionamento","0","12","0.00","6.58"
"indústrias park estacionamento 24 horas porto alegre","0","6","0.00","8.00"
"internacional","0","1","0.00","18.00"
"invictus estacionamento","0","8","0.00","5.75"
"invictus park estacionamentos","0","1","0.00","5.00"
"invictus parking","0","6","0.00","7.33"
"ipo estacionamento","0","2","0.00","10.50"
"ipo park","0","103","0.00","8.10"
"ipo park confins","0","63","0.00","10.22"
"ipo park estacionamento","0","3","0.00","9.00"
"ipo park estacionamento confins","0","3","0.00","11.67"
"ipopark","0","13","0.00","10.00"
"ir a pé","0","1","0.00","4.00"
"jardim pamplona shopping estacionamento","0","5","0.00","11.60"
"jetpark aeroporto lisboa low cost","0","1","0.00","26.00"
"jf estacionamento viracopos","0","3","0.00","11.33"
"jf parking viracopos","0","2","0.00","11.50"
"jk","0","1","0.00","11.00"
"jpa taxi","0","1","0.00","45.00"
"jr estacionamento","0","4","0.00","4.00"
"juscelino","0","1","0.00","3.00"
"karlog","0","17","0.00","7.76"
"karlog parking","0","2","0.00","11.50"
"keep estacionamento porto alegre","0","14","0.00","7.00"
"keep park","0","15","0.00","8.53"
"keep parking","0","1236","0.00","6.86"
"keep parking - porto alegre","0","102","0.00","8.24"
"keep parking aeroporto","0","13","0.00","6.85"
"keep parking aeroporto porto alegre","0","46","0.00","6.02"
"keep parking poa","0","28","0.00","7.36"
"keep parking porto alegre","0","323","0.00","7.75"
"keep parking porto alegre aeroporto","0","19","0.00","5.32"
"keep parking porto alegre whatsapp","0","2","0.00","7.50"
"keep parking whatsapp","0","6","0.00","10.33"
"keepark","0","3","0.00","7.00"
"keeparking","0","2","0.00","8.50"
"keeping park","0","8","0.00","6.63"
"keeping park porto alegre","0","22","0.00","5.73"
"keepparking","0","7","0.00","6.43"
"kip park","0","1","0.00","8.00"
"kippark","0","1","0.00","8.00"
"kiss and go viracopos","0","2","0.00","11.00"
"km 64","0","9","0.00","8.22"
"km 64 estacionamento viracopos","0","4","0.00","8.25"
"km64","0","27","0.00","6.33"
"km64 - viracopos campinas","0","13","0.00","7.31"
"km64 estacionamento","0","30","0.00","6.60"
"kosten am flughafen","0","1","0.00","2.00"
"latam","0","1","0.00","3.00"
"lava jato","0","1","0.00","1.00"
"lavar carro","0","1","0.00","1.00"
"leo park estacionamento","0","1","0.00","49.00"
"lis aeroporto","0","4","0.00","16.75"
"lispark","0","1","0.00","54.00"
"litoral estacionamento","0","12","0.00","7.00"
"litoral estacionamento navegantes","0","8","0.00","7.25"
"ll star park guarulhos","0","1","0.00","1.00"
"locadora de carros recife","0","1","0.00","1.00"
"local park estacionamento","0","6","0.00","11.67"
"localiza aeroporto vitoria","0","1","0.00","3.00"
"localiza afonso pena","0","1","0.00","39.00"
"localização exata","0","1","0.00","2.00"
"locapark","0","12","0.00","6.75"
"locapark navegantes","0","2","0.00","5.00"
"londrina","0","1","0.00","5.00"
"long term car park","0","1","0.00","81.00"
"long term parking","0","2","0.00","7.50"
"longa permanência viracopos","0","8","0.00","9.38"
"low cost parking","0","2","0.00","41.00"
"low cost parking aeroporto lisboa","0","5","0.00","27.40"
"low cost parking lisboa","0","49","0.00","40.16"
"low cost parking lisboa aeroporto","0","2","0.00","43.00"
"low cost parque","0","2","0.00","33.00"
"lumo autopaikat","0","1","0.00","41.00"
"m park","0","2","0.00","10.00"
"maior aeroporto do nordeste","0","4","0.00","7.25"
"mais barata","0","1","0.00","4.00"
"mais confiáveis","0","1","0.00","10.00"
"mais em conta","0","1","0.00","3.00"
"mais informações","0","1","0.00","4.00"
"mais próximo","0","1","0.00","2.00"
"mapa aeroporto de guarulhos","0","1","0.00","11.00"
"mapa aeroporto guarulhos","0","1","0.00","31.00"
"mapa aeroporto guarulhos terminal 3","0","1","0.00","41.00"
"mapa do aeroporto de guarulhos","0","1","0.00","41.00"
"mapa do estacionamento do aeroporto de confins","0","8","0.00","6.75"
"mapa dos parques do aeroporto de lisboa","0","2","0.00","27.50"
"mar park estacionamento aeroporto florianópolis","0","5","0.00","6.80"
"maria prestes maia 213","0","1","0.00","11.00"
"mas é confiável?","0","1","0.00","8.00"
"me indica","0","1","0.00","5.00"
"me mostre os preços","0","1","0.00","16.00"
"melhor estacionamento aeroporto confins","0","1","0.00","3.00"
"melhor estacionamento aeroporto curitiba","0","3","0.00","7.67"
"melhor estacionamento aeroporto guarulhos","0","23","0.00","59.57"
"melhor estacionamento aeroporto lisboa","0","21","0.00","31.90"
"melhor estacionamento aeroporto navegantes","0","7","0.00","3.14"
"melhor estacionamento aeroporto porto alegre","0","3","0.00","12.67"
"melhor estacionamento aeroporto viracopos","0","17","0.00","5.06"
"melhor estacionamento fora do aeroporto do galeão com traslado gratuito?","0","1","0.00","7.00"
"melhor estacionamento perto do aeroporto de guarulhos","0","6","0.00","45.17"
"melhor estacionamento rodoviária tietê","0","15","0.00","10.40"
"melhor estacionamento viracopos","0","30","0.00","40.10"
"melhor opção de estacionamento coberto perto do aeroporto vcp para deixar o carro por uma semana","0","1","0.00","6.00"
"melhor parque aeroporto lisboa","0","1","0.00","51.00"
"melhor plataforma para comparar e reservar estacionamento no aeroporto de guarulhos","0","6","0.00","1.67"
"melhor preço","0","1","0.00","13.00"
"melhores estacionamentos aeroporto congonhas","0","7","0.00","6.86"
"melhores estacionamentos aeroporto guarulhos","0","10","0.00","34.80"
"melhores estacionamentos aeroporto guarulhos 2026","0","12","0.00","30.17"
"melhores estacionamentos perto do aeroporto de guarulhos","0","1","0.00","2.00"
"melhores estacionamentos viracopos","0","10","0.00","12.70"
"menor preço","0","3","0.00","3.67"
"menor preço absoluto","0","1","0.00","7.00"
"mensalidade","0","1","0.00","3.00"
"metapark estacionamento","0","1","0.00","22.00"
"mjr estacionamento","0","35","0.00","4.03"
"mobiciti","0","1","0.00","13.00"
"mobiciti congonhas","0","134","0.00","10.78"
"mobiciti congonhas - estacionamento","0","82","0.00","9.43"
"mobiciti congonhas estacionamento","0","19","0.00","10.89"
"mobiciti congonhas estacionamento avaliações","0","10","0.00","10.90"
"mobiciti estacionamento","0","1","0.00","11.00"
"mobiciti estacionamento congonhas","0","27","0.00","18.89"
"mobiciti guarulhos","0","6","0.00","42.83"
"mobiciti guarulhos - estacionamento em guarulhos","0","5","0.00","50.40"
"mobiciti parking congonhas","0","26","0.00","8.62"
"mobicity","0","1","0.00","23.00"
"mobicity congonhas","0","47","0.00","8.02"
"mobilpark","0","1","0.00","92.00"
"moi park","0","1","0.00","12.00"
"moove park","0","4","0.00","3.75"
"mopark","0","1","0.00","3.00"
"mostre o local","0","1","0.00","3.00"
"moto","0","1","0.00","6.00"
"mov park","0","1","0.00","13.00"
"mova park","0","1","0.00","7.00"
"move park estacionamento","0","24","0.00","2.83"
"move park guarulhos","0","101","0.00","10.44"
"move parking","0","9","0.00","5.44"
"movepark gru – aeroporto guarulhos","0","107","0.00","2.97"
"mover campinas","0","1","0.00","9.00"
"movida aeroporto congonhas","0","1","0.00","55.00"
"movida aeroporto de congonhas","0","1","0.00","51.00"
"movida campinas aeroporto","0","1","0.00","60.00"
"movida congonhas aeroporto","0","1","0.00","56.00"
"movie park","0","1","0.00","4.00"
"moving park","0","1","0.00","68.00"
"movipark","0","4","0.00","3.25"
"movopark","0","1","0.00","4.00"
"mp estacionamento","0","4","0.00","8.50"
"muito caro?","0","1","0.00","4.00"
"multi park confins","0","24","0.00","10.58"
"multi park estacionamento","0","1","0.00","2.00"
"multipark aero confins","0","8","0.00","10.25"
"multipark aeroporto congonhas","0","21","0.00","6.19"
"multipark aeroporto guarulhos","0","8","0.00","10.50"
"multipark congonhas","0","83","0.00","9.70"
"multipark estacionamento","0","2","0.00","11.50"
"multipark estacionamento guarulhos","0","30","0.00","25.03"
"multipark estacionamentos","0","2","0.00","41.00"
"multipark guarulhos","0","60","0.00","18.88"
"mv estacionamento","0","4","0.00","7.50"
"mv park","0","1","0.00","9.00"
"mv park estacionamento","0","3","0.00","9.33"
"my lumo autopaikat","0","1","0.00","28.00"
"nation park","0","2","0.00","11.50"
"nation park - estacionamento aeroporto curitiba afonso pena (cwb)","0","14","0.00","3.93"
"nation park curitiba","0","106","0.00","5.66"
"nation park estacionamento","0","263","0.00","6.90"
"nation park estacionamento curitiba","0","30","0.00","4.83"
"national park","0","1","0.00","1.00"
"national park curitiba","0","59","0.00","6.75"
"national park estacionamento","0","2","0.00","5.00"
"nationpark","0","21","0.00","3.33"
"nations park","0","1","0.00","8.00"
"navegantes","0","1","0.00","11.00"
"navegantes aeroporto","0","17","0.00","10.65"
"neupark estacionamento ipiranga","0","1","0.00","27.00"
"nikkei estacionamento","0","14","0.00","6.14"
"nikkey","0","2","0.00","1.00"
"nikkey estacionamento","0","349","0.00","6.65"
"nikkey estacionamento aeroporto","0","9","0.00","6.44"
"nil park estacionamento","0","1","0.00","19.00"
"no aeroporto de recife","0","1","0.00","6.00"
"no estacionamento","0","1","0.00","2.00"
"no fim da tarde","0","1","0.00","2.00"
"nome aeroporto confins","0","3","0.00","10.67"
"nome aeroporto de lisboa","0","4","0.00","14.00"
"nome aeroporto lisboa","0","3","0.00","16.00"
"nome do aeroporto de lisboa","0","43","0.00","5.81"
"nome do aeroporto de lisboa portugal","0","7","0.00","9.71"
"nome do aeroporto de navegantes sc","0","1","0.00","30.00"
"nomes","0","1","0.00","1.00"
"nvt aeroporto","0","3","0.00","10.67"
"não estou encontrando","0","1","0.00","3.00"
"não estou visualizando","0","1","0.00","5.00"
"não tem mais vaga","0","1","0.00","4.00"
"número do aeroporto de cuiabá","0","1","0.00","12.00"
"o aeroporto de confins","0","8","0.00","4.25"
"o estacionamento","0","1","0.00","12.00"
"o estacionamento do aeroporto é pago","0","3","0.00","6.67"
"o estacionamento oficial do gru está sempre cheio e caro demais — o que fazer antes de viajar de guarulhos?","0","1","0.00","4.00"
"o preco","0","1","0.00","2.00"
"o que fazer no aeroporto de confins","0","1","0.00","7.00"
"o que é estacionamento valet","0","2","0.00","50.50"
"o que é valet","0","6","0.00","60.17"
"o que é valet parking","0","3","0.00","68.33"
"o'que é cwb","0","1","0.00","95.00"
"o'que é valet","0","1","0.00","47.00"
"ofical","0","1","0.00","2.00"
"oficial","0","1","0.00","7.00"
"oito dias","0","1","0.00","5.00"
"onde achar em curitiba","0","1","0.00","2.00"
"onde deixar o carro","0","1","0.00","2.00"
"onde deixar o carro no aeroporto de congonhas","0","3","0.00","7.33"
"onde deixar o carro no aeroporto de curitiba","0","1","0.00","12.00"
"onde deixar o carro no aeroporto de guarulhos","0","7","0.00","39.14"
"onde deixar o carro no aeroporto de lisboa","0","12","0.00","29.25"
"onde deixar o carro no aeroporto de viracopos","0","12","0.00","10.08"
"onde estacionar aeroporto congonhas","0","2","0.00","6.50"
"onde estacionar aeroporto guarulhos","0","11","0.00","53.55"
"onde estacionar no aeroporto afonso pena","0","10","0.00","11.10"
"onde estacionar no aeroporto de brasilia","0","13","0.00","11.15"
"onde estacionar no aeroporto de guarulhos","0","21","0.00","48.05"
"onde estacionar no aeroporto de lisboa","0","4","0.00","32.50"
"onde estacionar no aeroporto de lisboa para ir buscar passageiros","0","1","0.00","24.00"
"onde estacionar no aeroporto de viracopos","0","5","0.00","12.20"
"onde estacionar no aeroporto salgado filho","0","7","0.00","12.29"
"onde estacionar no aeroporto santos dumont","0","5","0.00","5.60"
"onde fica","0","1","0.00","2.00"
"onde fica aeroporto de confins","0","1","0.00","14.00"
"onde fica aeroporto de cumbica","0","1","0.00","42.00"
"onde fica o aeroporto de congonhas","0","1","0.00","49.00"
"onde fica o aeroporto de cumbica","0","3","0.00","26.00"
"onde fica o aeroporto de goiânia","0","2","0.00","4.00"
"onde fica o aeroporto internacional afonso pena","0","3","0.00","2.67"
"onde fica?","0","1","0.00","8.00"
"onde reservar estacionamento de aeroporto com melhor custo-benefício no brasil","0","1","0.00","7.00"
"onde reservar?","0","1","0.00","8.00"
"one park estacionamento","0","1","0.00","8.00"
"one parking","0","1","0.00","12.00"
"oneparking","0","2","0.00","7.00"
"opção mais barata","0","1","0.00","5.00"
"opções de estacionamento","0","1","0.00","5.00"
"outras opções","0","1","0.00","4.00"
"outros mais baratos","0","1","0.00","3.00"
"p3 low cost plus","0","1","0.00","42.00"
"pacote semanal","0","1","0.00","4.00"
"pagar estacionamento aeroporto recife","0","7","0.00","11.86"
"para 3 dias","0","1","0.00","9.00"
"para 3 horas","0","1","0.00","3.00"
"para 5 dias","0","2","0.00","4.50"
"para moto","0","1","0.00","3.00"
"para moto?","0","1","0.00","5.00"
"pare bem","0","2","0.00","25.00"
"pare bem estacionamento","0","2","0.00","1.00"
"pare bem estacionamento confins","0","2","0.00","39.50"
"pare estacionamento guarulhos","0","4","0.00","30.00"
"parebem","0","1","0.00","4.00"
"parebem estacionamento","0","6","0.00","4.00"
"parebem estacionamento aeroporto curitiba","0","25","0.00","10.48"
"parebem estacionamentos","0","2","0.00","5.00"
"parebem fortaleza","0","12","0.00","7.17"
"park 222","0","152","0.00","6.11"
"park 222 estacionamento guarulhos","0","6","0.00","7.00"
"park aeroporto","0","7","0.00","25.29"
"park aeroporto lisboa","0","3","0.00","34.00"
"park air","0","1","0.00","67.00"
"park board estacionamento aeroporto internacional guarulhos","0","9","0.00","43.67"
"park co","0","1","0.00","8.00"
"park confins estacionamento","0","169","0.00","8.17"
"park confins oficial","0","19","0.00","9.05"
"park confins oficial - estacionamento 24h","0","121","0.00","9.76"
"park confins oficial estacionamento 24h","0","8","0.00","10.13"
"park estacionamento","0","2","0.00","3.50"
"park estacionamento campinas","0","3","0.00","11.00"
"park estacionamento confins","0","10","0.00","10.40"
"park estacionamento guarulhos","0","2","0.00","32.00"
"park estacionamiento","0","1","0.00","4.00"
"park express","0","6","0.00","8.17"
"park mais estacionamento","0","1","0.00","2.00"
"park premium confins","0","7","0.00","8.00"
"park santos dumont","0","1","0.00","5.00"
"park to fly","0","1","0.00","61.00"
"park way aeroporto","0","3","0.00","7.67"
"park way do aeroporto","0","1","0.00","9.00"
"park222","0","219","0.00","6.66"
"park222 guarulhos","0","17","0.00","6.35"
"parkconfins","0","5","0.00","7.80"
"parkering kallax flygplats","0","1","0.00","79.00"
"parking","0","7","0.00","10.14"
"parking aeroporto","0","2","0.00","53.50"
"parking aeroporto lisboa","0","45","0.00","37.11"
"parking aeroporto lisboa low cost","0","3","0.00","35.67"
"parking aeropuerto lisboa","0","1","0.00","39.00"
"parking airport parking","0","2","0.00","72.00"
"parking ana lisboa","0","2","0.00","27.00"
"parking at airport for a week","0","1","0.00","97.00"
"parking brasilia","0","1","0.00","47.00"
"parking cgh","0","20","0.00","26.00"
"parking city","0","1","0.00","11.00"
"parking estacionamento","0","3","0.00","10.00"
"parking facility","0","1","0.00","64.00"
"parking garage","0","1","0.00","7.00"
"parking gru","0","10","0.00","42.20"
"parking guarulhos","0","10","0.00","60.50"
"parking king","0","1","0.00","66.00"
"parking low cost aeroporto lisboa","0","2","0.00","31.50"
"parking low cost lisboa","0","3","0.00","34.33"
"parking near me","0","2","0.00","10.50"
"parking nearby","0","1","0.00","11.00"
"parking p7","0","1","0.00","92.00"
"parking park","0","1","0.00","95.00"
"parking pass oma","0","1","0.00","69.00"
"parking terminal 5","0","1","0.00","78.00"
"parking vcp","0","15","0.00","30.60"
"parking viracopos","0","5","0.00","67.80"
"parkivado","0","2","0.00","36.00"
"parque 222","0","3","0.00","8.67"
"parque 3 aeroporto lisboa","0","6","0.00","28.67"
"parque 5 aeroporto lisboa","0","1","0.00","32.00"
"parque aeroporto","0","4","0.00","11.75"
"parque aeroporto de lisboa","0","22","0.00","34.00"
"parque aeroporto lisboa","0","33","0.00","31.06"
"parque aeroporto lisboa ana","0","9","0.00","24.11"
"parque aeroporto lisboa low cost","0","77","0.00","40.26"
"parque aeroporto lisboa p5","0","1","0.00","37.00"
"parque aeroporto lisboa preço","0","14","0.00","28.36"
"parque aeroporto lisboa preços","0","4","0.00","38.50"
"parque aeroporto low cost","0","18","0.00","35.17"
"parque ana","0","2","0.00","70.00"
"parque ana aeroporto lisboa","0","3","0.00","22.67"
"parque ana lisboa","0","1","0.00","39.00"
"parque chegadas aeroporto lisboa","0","1","0.00","39.00"
"parque confins","0","4","0.00","7.50"
"parque de estacionamento aeroporto","0","19","0.00","42.58"
"parque de estacionamento aeroporto de lisboa","0","2","0.00","31.00"
"parque de estacionamento aeroporto lisboa","0","39","0.00","35.87"
"parque de estacionamento do aeroporto de lisboa","0","3","0.00","26.67"
"parque de estacionamento no aeroporto de lisboa","0","4","0.00","41.00"
"parque do aeroporto","0","7","0.00","43.71"
"parque estacionamento aeroporto","0","30","0.00","44.03"
"parque estacionamento aeroporto de lisboa","0","2","0.00","31.00"
"parque estacionamento aeroporto lisboa","0","31","0.00","37.81"
"parque lisboa aeroporto","0","1","0.00","35.00"
"parque low cost","0","4","0.00","52.50"
"parque low cost aeroporto","0","18","0.00","38.94"
"parque low cost aeroporto lisboa","0","57","0.00","39.04"
"parque no aeroporto de lisboa","0","2","0.00","32.50"
"parque no aeroporto lisboa","0","2","0.00","37.00"
"parque p2","0","1","0.00","88.00"
"parque p2 aeroporto lisboa preço","0","8","0.00","28.38"
"parque p3 aeroporto lisboa preço","0","14","0.00","24.93"
"parque p5 aeroporto lisboa","0","3","0.00","33.67"
"parque p5 lisboa","0","1","0.00","32.00"
"parque perto do aeroporto","0","1","0.00","12.00"
"parque vira","0","1","0.00","1.00"
"parqueadero 24 horas cerca de mí","0","1","0.00","4.00"
"parqueadero cerca de mi","0","1","0.00","11.00"
"parqueamento aeroporto","0","5","0.00","54.00"
"parqueamento aeroporto lisboa","0","2","0.00","27.00"
"parques aeroporto lisboa","0","15","0.00","29.33"
"parques ana aeroporto lisboa","0","1","0.00","15.00"
"parques de estacionamento aeroporto de lisboa","0","2","0.00","31.00"
"parques de estacionamento aeroporto lisboa","0","3","0.00","28.67"
"parques de estacionamento no aeroporto de lisboa","0","40","0.00","37.45"
"parques do aeroporto de lisboa","0","1","0.00","33.00"
"parques estacionamento aeroporto lisboa","0","7","0.00","28.29"
"particular","0","1","0.00","1.00"
"parx estacionamentos","0","1","0.00","45.00"
"patio aerovalet","0","11","0.00","4.82"
"patio confins","0","7","0.00","9.29"
"patio confins estacionamento","0","6","0.00","7.00"
"pb park estacionamento","0","2","0.00","10.00"
"pe all park","0","6","0.00","8.17"
"pe park","0","1","0.00","11.00"
"pent park","0","1","0.00","8.00"
"perim","0","2","0.00","1.00"
"perim supermercado","0","1","0.00","1.00"
"pernoite","0","1","0.00","1.00"
"pertim estacionamento confins","0","1","0.00","23.00"
"perto de mim","0","1","0.00","3.00"
"perto do aeroporto","0","1","0.00","2.00"
"pesquise pra mim","0","1","0.00","4.00"
"pesquise valores","0","1","0.00","4.00"
"planta aeroporto guarulhos","0","6","0.00","27.83"
"planty park","0","1","0.00","2.00"
"plataformas de reserva de vaga de estacionamento aeroporto: como escolher a melhor?","0","1","0.00","4.00"
"plenty","0","2","0.00","8.50"
"plenty park","0","135","0.00","7.54"
"plenty park estacionamento","0","17","0.00","8.35"
"plenty park estacionamentos","0","4","0.00","10.50"
"plentypark","0","5","0.00","8.00"
"pode fazer a simulação","0","1","0.00","6.00"
"poder fazer","0","1","0.00","10.00"
"ponce estacionamento","0","52","0.00","9.31"
"ponce estacionamento guarulhos","0","12","0.00","7.33"
"ponce park - estacionamento aeroporto guarulhos cumbica","0","13","0.00","15.92"
"ponce park - estacionamento aeroporto guarulhos cumbica fotos","0","6","0.00","6.67"
"ponce park - guarulhos airport","0","2","0.00","8.00"
"ponce park estacionamento","0","20","0.00","9.30"
"ponce park estacionamento guarulhos","0","3","0.00","6.33"
"ponce park gru","0","6","0.00","13.17"
"ponce park guarulhos","0","413","0.00","7.60"
"ponce parque","0","3","0.00","6.33"
"poncepark","0","28","0.00","6.89"
"poncepark guarulhos","0","17","0.00","8.00"
"por 3 dias","0","1","0.00","6.00"
"por 6 dias","0","1","0.00","2.00"
"por algumas horas","0","1","0.00","6.00"
"por favor","0","2","0.00","8.50"
"por hora","0","3","0.00","2.00"
"portal estacionamento","0","123","0.00","11.50"
"portal estacionamento aeroporto","0","2","0.00","7.50"
"portal estacionamento aeroporto florianópolis","0","15","0.00","8.27"
"portal estacionamento florianopolis","0","3","0.00","8.33"
"portal estacionamento florianópolis","0","28","0.00","8.21"
"portal estacionamento floripa","0","9","0.00","7.78"
"portal estacionamento preço","0","7","0.00","9.29"
"portal estapar","0","2","0.00","40.00"
"portao de embarque congonhas","0","1","0.00","59.00"
"portico aeroporto","0","1","0.00","4.00"
"portico estacionamento","0","1","0.00","11.00"
"porto de congonhas","0","1","0.00","58.00"
"posso deixar meu carro no aeroporto","0","1","0.00","5.00"
"posto de gasolina vitoria","0","1","0.00","1.00"
"posto perto","0","1","0.00","1.00"
"precisa fazer reserva?","0","1","0.00","4.00"
"precisa reservar?","0","1","0.00","3.00"
"preco da diaria","0","3","0.00","17.67"
"preco de estacionamento do aeroporto de guarulhos","0","12","0.00","31.42"
"preco diaria estacionamento aeroporto","0","1","0.00","7.00"
"preco diaria estacionamento guarulhos","0","8","0.00","45.13"
"preco do estacionamento aeroporto guarulhos","0","9","0.00","43.89"
"preco do estacionamento do aeroporto","0","2","0.00","6.00"
"preco do estacionamento do aeroporto de guarulhos","0","6","0.00","61.50"
"preco estacionamento aeroporto","0","2","0.00","7.00"
"preco estacionamento aeroporto de confins","0","6","0.00","10.33"
"preco estacionamento aeroporto de salvador","0","10","0.00","10.30"
"preco estacionamento aeroporto guarulhos","0","14","0.00","59.86"
"preco estacionamento congonhas","0","2","0.00","12.00"
"preco estacionamento gru","0","10","0.00","44.70"
"preco estacionamento gru terminal 3","0","7","0.00","44.00"
"preco estacionamento guarulhos","0","10","0.00","48.80"
"preco hora","0","1","0.00","5.00"
"preco parque aeroporto","0","5","0.00","51.80"
"preço estacionamento aeroporto guarulhos diária 2026","0","12","0.00","27.25"
"prefiro a opção mais barata","0","1","0.00","3.00"
"premium estacionamento confins","0","1","0.00","6.00"
"premium park afonso pena","0","11","0.00","9.45"
"premium park estacionamento","0","1","0.00","8.00"
"premium park estacionamento aeroporto confins","0","4","0.00","8.75"
"premium park estacionamento aeroporto curitiba","0","8","0.00","8.25"
"premium park estacionamento confins","0","38","0.00","8.24"
"premium park estacionamentos","0","2","0.00","7.50"
"premium park estacionamentos confins","0","37","0.00","8.49"
"pretendo estacionar no aeroporto de congonhas, sp por uma semana. quais são os preços do estacionamento aeroporto congonhas?","0","1","0.00","8.00"
"preço","0","1","0.00","2.00"
"preço aeroporto guarulhos estacionamento","0","10","0.00","41.60"
"preço atualizado","0","1","0.00","4.00"
"preço da diaria do estacionamento aeroporto galeão","0","1","0.00","9.00"
"preço da diária","0","1","0.00","5.00"
"preço da hora","0","1","0.00","2.00"
"preço de estacionamento","0","5","0.00","24.80"
"preço de estacionamento aeroporto guarulhos","0","7","0.00","60.14"
"preço de estacionamento no aeroporto de confins","0","5","0.00","10.00"
"preço de estacionamento no aeroporto de guarulhos","0","24","0.00","53.08"
"preço diaria aeroporto guarulhos","0","16","0.00","42.25"
"preço diaria estacionamento aeroporto guarulhos","0","14","0.00","36.21"
"preço diaria estacionamento viracopos","0","9","0.00","6.22"
"preço do estacionamento","0","4","0.00","7.50"
"preço do estacionamento aeroporto de guarulhos","0","18","0.00","41.56"
"preço do estacionamento da rodoviária tietê","0","1","0.00","8.00"
"preço do estacionamento do aeroporto","0","11","0.00","5.55"
"preço do estacionamento do aeroporto de brasilia","0","12","0.00","8.17"
"preço do estacionamento do aeroporto de confins","0","3","0.00","11.33"
"preço do estacionamento do aeroporto de congonhas","0","7","0.00","12.86"
"preço do estacionamento do aeroporto de fortaleza","0","7","0.00","11.43"
"preço do estacionamento do aeroporto de guarulhos","0","27","0.00","51.74"
"preço do estacionamento do aeroporto de recife","0","15","0.00","8.53"
"preço do estacionamento do aeroporto de salvador","0","6","0.00","11.67"
"preço do estacionamento do aeroporto galeão","0","4","0.00","9.00"
"preço do estacionamento do galeão","0","2","0.00","11.50"
"preço do estacionamento no aeroporto de confins","0","11","0.00","11.00"
"preço do estacionamento no aeroporto de congonhas","0","1","0.00","12.00"
"preço do estacionamento no aeroporto de guarulhos","0","14","0.00","40.50"
"preço do estacionamento no aeroporto do galeão","0","2","0.00","7.50"
"preço do estacionamento no galeão","0","2","0.00","11.00"
"preço estacionamento","0","1","0.00","14.00"
"preço estacionamento aeroporto afonso pena","0","33","0.00","29.21"
"preço estacionamento aeroporto campinas","0","4","0.00","9.25"
"preço estacionamento aeroporto confins","0","11","0.00","30.27"
"preço estacionamento aeroporto congonhas","0","22","0.00","27.36"
"preço estacionamento aeroporto curitiba","0","49","0.00","10.96"
"preço estacionamento aeroporto de guarulhos","0","17","0.00","41.12"
"preço estacionamento aeroporto fortaleza","0","8","0.00","10.00"
"preço estacionamento aeroporto galeão","0","16","0.00","7.56"
"preço estacionamento aeroporto guarulhos","0","23","0.00","43.04"
"preço estacionamento aeroporto lisboa","0","3","0.00","28.33"
"preço estacionamento aeroporto porto alegre","0","6","0.00","9.67"
"preço estacionamento aeroporto recife","0","25","0.00","9.20"
"preço estacionamento aeroporto salgado filho","0","10","0.00","7.90"
"preço estacionamento aeroporto salvador","0","17","0.00","9.71"
"preço estacionamento aeroporto viracopos","0","21","0.00","23.24"
"preço estacionamento confins","0","1","0.00","3.00"
"preço estacionamento congonhas","0","42","0.00","32.76"
"preço estacionamento galeao rj","0","9","0.00","7.67"
"preço estacionamento galeão","0","7","0.00","18.29"
"preço estacionamento gru","0","19","0.00","33.74"
"preço estacionamento guarulhos","0","41","0.00","54.56"
"preço estacionamento rodoviária tietê","0","24","0.00","10.38"
"preço estacionamento santos dumont","0","13","0.00","7.00"
"preço estimado","0","1","0.00","5.00"
"preço para deixar carro no aeroporto","0","1","0.00","1.00"
"preço parque aeroporto","0","3","0.00","54.67"
"preço parque aeroporto lisboa","0","4","0.00","36.75"
"preço parque estacionamento chegadas aeroporto lisboa","0","3","0.00","51.33"
"preços","0","1","0.00","2.00"
"preços das diárias","0","1","0.00","8.00"
"preços estacionamento aeroporto confins","0","7","0.00","11.71"
"preços estacionamento aeroporto guarulhos","0","9","0.00","27.00"
"prime estacionamento navegantes","0","22","0.00","7.77"
"prime navegantes","0","7","0.00","10.14"
"prime select estacionamento","0","8","0.00","27.25"
"privado","0","1","0.00","2.00"
"promoção estacionamento aeroporto confins","0","1","0.00","22.00"
"promoção estacionamento aeroporto guarulhos","0","4","0.00","39.50"
"proximo","0","1","0.00","7.00"
"pysäköinti flamingo","0","1","0.00","68.00"
"pátio confins","0","6","0.00","7.67"
"pátio guarulhos valor diária","0","7","0.00","16.86"
"q park","0","1","0.00","72.00"
"quais os precos?","0","1","0.00","7.00"
"quais os valores","0","1","0.00","1.00"
"quais seriam os valores?","0","1","0.00","2.00"
"quais são as avaliações sobre os estacionamentos particulares perto do aeroporto de viracopos?","0","1","0.00","3.00"
"quais são as melhores empresas de estacionamento no aeroporto de congonhas? estou buscando as melhores avaliações e custo-benefício para a viagem.","0","1","0.00","11.00"
"quais são as opções de estacionamento barato com van para o aeroporto de congonhas em são paulo?","0","7","0.00","6.14"
"quais são os benefícios de usar um estacionamento privado com transfer perto do gru?","0","1","0.00","2.00"
"quais são os melhores estacionamentos no aeroporto de viracopos considerando preço e facilidade de acesso ao terminal?","0","2","0.00","4.50"
"qual a altura de uma van","0","1","0.00","1.00"
"qual a distância ?","0","1","0.00","2.00"
"qual a outra alternativa","0","1","0.00","1.00"
"qual a sigla do aeroporto de congonhas","0","1","0.00","45.00"
"qual a tabela de preços?","0","1","0.00","2.00"
"qual aeroporto cnf","0","1","0.00","11.00"
"qual altura de uma van","0","2","0.00","6.00"
"qual bairro fica o aeroporto de congonhas","0","1","0.00","12.00"
"qual deles é melhor?","0","1","0.00","2.00"
"qual estacionamento","0","3","0.00","8.67"
"qual estacionamento fica dentro do aeroporto de viracopos","0","10","0.00","11.40"
"qual estacionamento mais próximo","0","1","0.00","11.00"
"qual estacionamento mais próximo do aeroporto de guarulhos","0","8","0.00","41.25"
"qual fica mais barato","0","1","0.00","3.00"
"qual maior aeroporto do nordeste","0","1","0.00","1.00"
"qual mais em conta","0","1","0.00","5.00"
"qual melhor dos dois","0","1","0.00","5.00"
"qual melhor estacionamento aeroporto guarulhos","0","18","0.00","59.56"
"qual melhor estacionamento aeroporto viracopos","0","4","0.00","4.50"
"qual nome do aeroporto de curitiba","0","1","0.00","13.00"
"qual nome do aeroporto de lisboa","0","2","0.00","9.50"
"qual o aeroporto de lisboa","0","1","0.00","12.00"
"qual o estacionamento","0","2","0.00","5.00"
"qual o estacionamento com melhor custo-benefício no aeroporto de viracopos campinas em 2025?","0","2","0.00","4.00"
"qual o estacionamento dentro do aeroporto de viracopos","0","5","0.00","9.20"
"qual o estacionamento mais perto?","0","1","0.00","3.00"
"qual o estacionamento mais próximo","0","2","0.00","52.50"
"qual o estacionamento mais próximo do aeroporto de guarulhos","0","3","0.00","62.67"
"qual o maior aeroporto do nordeste","0","1","0.00","10.00"
"qual o mais barato","0","1","0.00","4.00"
"qual o mais barato?","0","1","0.00","9.00"
"qual o melhor estacionamento aeroporto congonhas","0","23","0.00","20.22"
"qual o melhor estacionamento aeroporto guarulhos","0","4","0.00","63.25"
"qual o melhor estacionamento no aeroporto de congonhas para deixar meu carro por alguns dias com segurança?","0","1","0.00","7.00"
"qual o melhor estacionamento perto do aeroporto de guarulhos","0","4","0.00","56.25"
"qual o melhor?","0","1","0.00","5.00"
"qual o nome do aeroporto de confins","0","1","0.00","10.00"
"qual o nome do aeroporto de lisboa","0","30","0.00","8.97"
"qual o preço da diária?","0","1","0.00","4.00"
"qual o preço do estacionamento do aeroporto de guarulhos","0","22","0.00","25.32"
"qual o preço do estacionamento no aeroporto de guarulhos","0","15","0.00","29.47"
"qual o preço?","0","1","0.00","5.00"
"qual o telefone de la","0","1","0.00","6.00"
"qual o valor","0","1","0.00","1.00"
"qual o valor ?","0","1","0.00","4.00"
"qual o valor da","0","3","0.00","8.00"
"qual o valor da diaria","0","2","0.00","2.00"
"qual o valor da diaria do estacionamento do aeroporto","0","5","0.00","3.60"
"qual o valor da diaria?","0","3","0.00","2.67"
"qual o valor da diária","0","2","0.00","6.50"
"qual o valor da diária ?","0","1","0.00","4.00"
"qual o valor da diária do estacionamento de guarulhos","0","5","0.00","62.80"
"qual o valor da diária do estacionamento do aeroporto de guarulhos","0","19","0.00","28.00"
"qual o valor da diária do estacionamento do aeroporto de salvador","0","3","0.00","10.33"
"qual o valor da diária no aeroporto de guarulhos","0","13","0.00","49.23"
"qual o valor da diária no estacionamento do aeroporto","0","1","0.00","1.00"
"qual o valor da diária no estacionamento do aeroporto de guarulhos","0","17","0.00","28.76"
"qual o valor da diária?","0","2","0.00","3.50"
"qual o valor da hora do estacionamento do aeroporto de guarulhos","0","2","0.00","12.00"
"qual o valor do estacionamento","0","1","0.00","11.00"
"qual o valor do estacionamento do aeroporto","0","9","0.00","20.67"
"qual o valor do estacionamento do aeroporto de brasília","0","21","0.00","8.10"
"qual o valor do estacionamento do aeroporto de confins","0","6","0.00","11.17"
"qual o valor do estacionamento do aeroporto de congonhas","0","5","0.00","9.20"
"qual o valor do estacionamento do aeroporto de curitiba","0","16","0.00","10.94"
"qual o valor do estacionamento do aeroporto de fortaleza","0","7","0.00","11.43"
"qual o valor do estacionamento do aeroporto de guarulhos","0","15","0.00","35.87"
"qual o valor do estacionamento do aeroporto de recife","0","25","0.00","10.92"
"qual o valor do estacionamento do aeroporto de salvador","0","6","0.00","12.83"
"qual o valor do estacionamento do aeroporto de viracopos","0","7","0.00","10.57"
"qual o valor do estacionamento do aeroporto galeão","0","15","0.00","9.13"
"qual o valor do estacionamento do aeroporto salgado filho","0","22","0.00","9.82"
"qual o valor do estacionamento no aeroporto","0","3","0.00","5.00"
"qual o valor do estacionamento no aeroporto de confins","0","20","0.00","11.40"
"qual o valor do estacionamento no aeroporto de congonhas","0","4","0.00","10.00"
"qual o valor do estacionamento no aeroporto de guarulhos","0","9","0.00","41.78"
"qual o valor do estacionamento no aeroporto de salvador","0","1","0.00","13.00"
"qual o valor do estacionamento no aeroporto de viracopos","0","5","0.00","9.80"
"qual o valor do estacionamento no aeroporto de vitória","0","11","0.00","10.91"
"qual o valor do estacionamento no aeroporto do galeão","0","1","0.00","10.00"
"qual o valor do estacionamento no aeroporto galeão","0","7","0.00","11.86"
"qual o valor do estacionamento?","0","2","0.00","2.50"
"qual o valor medio?","0","1","0.00","2.00"
"qual o valor para deixar o carro no aeroporto","0","2","0.00","4.00"
"qual o valor para deixar o carro no estacionamento do aeroporto","0","2","0.00","1.00"
"qual o valor por hora?","0","1","0.00","4.00"
"qual o valor?","0","2","0.00","4.00"
"qual setor?","0","1","0.00","5.00"
"qual tem o melhor preço?","0","1","0.00","4.00"
"qual valor","0","2","0.00","4.00"
"qual valor aproximado?","0","1","0.00","2.00"
"qual valor da diaria do estacionamento do aeroporto de guarulhos","0","11","0.00","41.82"
"qual valor da diaria no estacionamento do aeroporto de guarulhos","0","21","0.00","22.71"
"qual valor da diaria?","0","1","0.00","2.00"
"qual valor da hora?","0","1","0.00","3.00"
"qual valor diaria estacionamento aeroporto guarulhos","0","11","0.00","37.18"
"qual valor do estacionamento","0","2","0.00","4.50"
"qual valor do estacionamento do aeroporto de confins","0","9","0.00","11.78"
"qual valor do estacionamento do aeroporto de congonhas","0","1","0.00","11.00"
"qual valor do estacionamento do aeroporto de curitiba","0","9","0.00","11.00"
"qual valor do estacionamento do aeroporto de guarulhos","0","26","0.00","34.69"
"qual valor do estacionamento do aeroporto de porto alegre","0","1","0.00","10.00"
"qual valor do estacionamento do aeroporto de recife","0","5","0.00","11.40"
"qual valor do estacionamento do aeroporto de salvador","0","6","0.00","10.67"
"qual valor do estacionamento do galeao","0","13","0.00","8.46"
"qual valor do estacionamento no aeroporto de guarulhos","0","8","0.00","53.13"
"qual valor do estacionamento?","0","2","0.00","1.50"
"qual valor estacionamento aeroporto guarulhos","0","8","0.00","47.00"
"qual valor para deixar carro no aeroporto","0","1","0.00","10.00"
"qual valor para deixar o carro no aeroporto","0","2","0.00","11.00"
"qual valor para deixar o carro no aeroporto de guarulhos","0","10","0.00","44.30"
"qual valor?","0","2","0.00","1.50"
"qual vc indica?","0","1","0.00","4.00"
"qual você recomenda?","0","1","0.00","5.00"
"qual é o aeroporto cnf","0","1","0.00","11.00"
"qual é o estacionamento dentro do aeroporto de confins","0","21","0.00","9.86"
"qual é o estacionamento dentro do aeroporto de viracopos","0","7","0.00","12.14"
"qual é o mais barato ?","0","1","0.00","7.00"
"qual é o preço da diária?","0","1","0.00","6.00"
"qual é o valor ?","0","1","0.00","5.00"
"qual é o valor do estacionamento do aeroporto de guarulhos","0","12","0.00","36.75"
"qual é o valor do estacionamento no aeroporto de viracopos para deixar o carro por algumas horas?","0","1","0.00","8.00"
"quality park","0","1","0.00","66.00"
"quando foi inaugurado o aeroporto de confins","0","2","0.00","11.00"
"quanto custa","0","1","0.00","6.00"
"quanto custa a diaria do estacionamento do aeroporto de salvador","0","4","0.00","11.50"
"quanto custa a diaria do estacionamento no aeroporto de guarulhos","0","19","0.00","23.89"
"quanto custa a diaria no aeroporto de guarulhos","0","15","0.00","31.87"
"quanto custa a diaria no estacionamento do aeroporto de guarulhos","0","20","0.00","30.20"
"quanto custa a diaria no estacionamento do aeroporto de recife","0","4","0.00","10.50"
"quanto custa a diária do estacionamento do aeroporto de guarulhos","0","14","0.00","32.07"
"quanto custa a diária?","0","1","0.00","4.00"
"quanto custa a hora no estacionamento do aeroporto de guarulhos","0","1","0.00","11.00"
"quanto custa deixar carro no aeroporto","0","2","0.00","6.00"
"quanto custa deixar o carro no aeroporto","0","2","0.00","32.50"
"quanto custa deixar o carro no aeroporto de brasília","0","10","0.00","9.10"
"quanto custa deixar o carro no aeroporto de confins","0","1","0.00","10.00"
"quanto custa deixar o carro no aeroporto de congonhas","0","1","0.00","8.00"
"quanto custa deixar o carro no aeroporto de guarulhos","0","14","0.00","37.86"
"quanto custa deixar o carro no aeroporto de porto alegre","0","1","0.00","6.00"
"quanto custa deixar o carro no aeroporto de recife","0","3","0.00","9.00"
"quanto custa deixar o carro no aeroporto de viracopos","0","4","0.00","5.00"
"quanto custa deixar o carro no estacionamento do aeroporto","0","6","0.00","13.67"
"quanto custa diaria estacionamento aeroporto guarulhos","0","16","0.00","35.75"
"quanto custa estacionamento","0","1","0.00","2.00"
"quanto custa estacionamento aeroporto brasilia","0","8","0.00","9.13"
"quanto custa estacionamento aeroporto curitiba","0","6","0.00","10.67"
"quanto custa estacionamento aeroporto guarulhos","0","13","0.00","35.54"
"quanto custa estacionamento aeroporto porto alegre","0","3","0.00","10.00"
"quanto custa estacionamento aeroporto recife","0","3","0.00","11.33"
"quanto custa estacionamento do aeroporto de guarulhos","0","14","0.00","34.71"
"quanto custa estacionamento no aeroporto de confins","0","8","0.00","10.63"
"quanto custa estacionamento no aeroporto de guarulhos","0","24","0.00","35.42"
"quanto custa estacionar no aeroporto de confins","0","9","0.00","11.33"
"quanto custa estacionar no aeroporto de congonhas","0","14","0.00","10.29"
"quanto custa estacionar no aeroporto de congonhas por diária?","0","1","0.00","2.00"
"quanto custa estacionar no aeroporto de guarulhos","0","21","0.00","23.43"
"quanto custa estacionar no galeao","0","9","0.00","8.33"
"quanto custa mais ou menos","0","1","0.00","8.00"
"quanto custa o estacionamento","0","1","0.00","11.00"
"quanto custa o estacionamento ?","0","1","0.00","3.00"
"quanto custa o estacionamento do aeroporto","0","3","0.00","7.33"
"quanto custa o estacionamento do aeroporto de brasília","0","17","0.00","7.35"
"quanto custa o estacionamento do aeroporto de confins","0","24","0.00","11.50"
"quanto custa o estacionamento do aeroporto de congonhas","0","34","0.00","27.79"
"quanto custa o estacionamento do aeroporto de curitiba","0","16","0.00","10.94"
"quanto custa o estacionamento do aeroporto de florianópolis","0","1","0.00","11.00"
"quanto custa o estacionamento do aeroporto de fortaleza","0","23","0.00","11.00"
"quanto custa o estacionamento do aeroporto de guarulhos","0","23","0.00","29.43"
"quanto custa o estacionamento do aeroporto de recife","0","10","0.00","9.40"
"quanto custa o estacionamento do aeroporto de salvador","0","20","0.00","11.40"
"quanto custa o estacionamento do aeroporto de viracopos","0","6","0.00","10.00"
"quanto custa o estacionamento do aeroporto de viracopos por dia?","0","1","0.00","3.00"
"quanto custa o estacionamento do aeroporto galeão","0","26","0.00","8.00"
"quanto custa o estacionamento do aeroporto santos dumont","0","5","0.00","8.60"
"quanto custa o estacionamento no aeroporto","0","5","0.00","30.40"
"quanto custa o estacionamento no aeroporto de congonhas","0","1","0.00","12.00"
"quanto custa o estacionamento no aeroporto de florianópolis","0","2","0.00","6.50"
"quanto custa o estacionamento no aeroporto de guarulhos","0","17","0.00","37.47"
"quanto custa o estacionamento no aeroporto de porto alegre","0","1","0.00","10.00"
"quanto custa o estacionamento no aeroporto de viracopos","0","6","0.00","9.50"
"quanto custa o estacionamento no aeroporto do galeão","0","16","0.00","7.00"
"quanto custa o estacionamento?","0","1","0.00","4.00"
"quanto custa para deixar o carro no aeroporto","0","6","0.00","38.67"
"quanto custa para deixar o carro no aeroporto de curitiba","0","5","0.00","7.60"
"quanto custa para deixar o carro no aeroporto de guarulhos","0","10","0.00","41.10"
"quanto custa para deixar o carro no aeroporto de viracopos","0","1","0.00","10.00"
"quanto custa para deixar o carro no estacionamento do aeroporto","0","3","0.00","37.33"
"quanto custa para estacionar no aeroporto de guarulhos","0","12","0.00","37.75"
"quanto custa um estacionamento","0","2","0.00","11.00"
"quanto custa uma diária no estacionamento do aeroporto","0","1","0.00","1.00"
"quanto e o estacionamento no aeroporto","0","3","0.00","8.00"
"quanto fica para deixar o carro no aeroporto de guarulhos","0","1","0.00","11.00"
"quanto é a diaria do estacionamento do aeroporto de guarulhos","0","15","0.00","29.13"
"quanto é a diária para deixar o carro no aeroporto","0","3","0.00","4.00"
"quanto é estacionamento no aeroporto","0","2","0.00","8.00"
"quanto é o estacionamento do aeroporto","0","11","0.00","23.82"
"quanto é o estacionamento do aeroporto de brasilia","0","7","0.00","7.29"
"quanto é o estacionamento do aeroporto de guarulhos","0","11","0.00","42.82"
"quanto é o estacionamento do aeroporto de recife","0","6","0.00","9.67"
"quanto é o estacionamento do aeroporto de salvador","0","4","0.00","9.25"
"quanto é o estacionamento do aeroporto galeão","0","4","0.00","12.00"
"quanto é o estacionamento no aeroporto de guarulhos","0","6","0.00","52.33"
"quanto é para deixar o carro no aeroporto","0","3","0.00","7.00"
"quantos aeroportos tem em lisboa","0","12","0.00","10.33"
"quantos aeroportos tem em lisboa?","0","1","0.00","11.00"
"quantos km de distancia","0","1","0.00","2.00"
"quantos metros","0","1","0.00","3.00"
"quantos terminais tem o aeroporto de confins","0","21","0.00","3.90"
"quantos terminais tem o aeroporto de guarulhos","0","1","0.00","11.00"
"quatro dias","0","1","0.00","3.00"
"que bairro fica o aeroporto de congonhas","0","2","0.00","10.00"
"quero","0","6","0.00","4.33"
"quero comparar","0","1","0.00","13.00"
"quero comparar as empresas de estacionamento em viracopos. quais operadoras oferecem o melhor serviço e têm as melhores notas dos clientes?","0","3","0.00","3.67"
"quero cupom de desconto","0","1","0.00","4.00"
"quero fazer uma reserva","0","2","0.00","3.50"
"quero o mais barato","0","1","0.00","5.00"
"quero o melhor custo benefício","0","1","0.00","11.00"
"quero saber","0","2","0.00","3.50"
"quero saber os valores","0","1","0.00","3.00"
"quero saber quanto custa o estacionamento do aeroporto de viracopos para comparar as opções de estacionamento viracopos valores antes de escolher o mais vantajoso.","0","1","0.00","2.00"
"quinta e sexta","0","1","0.00","6.00"
"r. alaide macedo da silva, nº 442, jd. nova américa","0","1","0.00","6.00"
"r. joaquina de jesus, 745 - guarulhos | são paulo - cep 07140-233","0","13","0.00","5.08"
"r. norberto de brito, 574 - centro, são josé dos pinhais - pr, 83005-290","0","1","0.00","4.00"
"r. vieira de morais, 2110 - campo belo, são paulo - sp, 04617-007","0","1","0.00","10.00"
"ram","0","1","0.00","4.00"
"recife","0","1","0.00","6.00"
"recife park","0","3","0.00","4.67"
"recife rent a car","0","14","0.00","9.71"
"recife, av. mal. mascarenhas de moraes,6133","0","4","0.00","10.00"
"reclamações","0","1","0.00","2.00"
"red park","0","2","0.00","64.50"
"red parking","0","4","0.00","79.50"
"red parks","0","1","0.00","59.00"
"redpark","0","5","0.00","26.60"
"redpark lisboa","0","1","0.00","29.00"
"rent a car recife","0","1","0.00","1.00"
"reserva 777","0","1","0.00","4.00"
"reserva aeroporto","0","1","0.00","10.00"
"reserva aeroporto confins","0","1","0.00","11.00"
"reserva antecipada","0","1","0.00","5.00"
"reserva estacionamento aeroporto","0","3","0.00","8.67"
"reserva estacionamento aeroporto confins","0","2","0.00","17.50"
"reserva estacionamento aeroporto congonhas","0","7","0.00","11.00"
"reserva estacionamento aeroporto curitiba","0","2","0.00","11.00"
"reserva estacionamento aeroporto de brasilia","0","14","0.00","11.21"
"reserva estacionamento aeroporto guarulhos","0","17","0.00","41.35"
"reserva estacionamento aeroporto porto alegre","0","1","0.00","11.00"
"reserva estacionamento aeroporto recife","0","15","0.00","11.07"
"reserva estacionamento aeroporto vitória","0","5","0.00","11.00"
"reserva estacionamento congonhas","0","25","0.00","15.00"
"reserva estacionamento galeao","0","3","0.00","11.67"
"reserva estacionamento galeão","0","5","0.00","11.80"
"reserva estacionamento gru","0","7","0.00","51.57"
"reserva estacionamento guarulhos","0","10","0.00","43.90"
"reserva estacionamento santos dumont","0","4","0.00","12.00"
"reserva estacionamento viracopos","0","1","0.00","3.00"
"reserva estapar","0","1","0.00","11.00"
"reserva estapar congonhas","0","1","0.00","8.00"
"reserva fácil aeroporto","0","2","0.00","10.00"
"reservar estacionamento aeroporto","0","3","0.00","8.67"
"reservar estacionamento aeroporto brasilia","0","10","0.00","11.10"
"reservar estacionamento aeroporto congonhas","0","3","0.00","11.33"
"reservar estacionamento aeroporto galeao","0","8","0.00","10.88"
"reservar estacionamento aeroporto guarulhos","0","11","0.00","44.82"
"reservar estacionamento aeroporto recife","0","14","0.00","10.43"
"reservar estacionamento viracopos","0","3","0.00","11.67"
"reserve fácil aeroporto","0","4","0.00","11.50"
"retapar","0","1","0.00","9.00"
"rod mg 10 sn - 800 km 03, - goiabeiras, mg - lagoa santa, 34000000","0","1","0.00","72.00"
"rodoviaria tiete estacionamento","0","56","0.00","13.05"
"rodoviaria tiete tem estacionamento","0","13","0.00","10.92"
"rodoviária tietê estacionamento","0","24","0.00","22.42"
"rotativo","0","1","0.00","5.00"
"royal estacionamento","0","3","0.00","7.33"
"royal park estacionamento","0","3","0.00","11.00"
"royal park estacionamentos","0","2","0.00","14.00"
"rua aeroporto santos dumont 110","0","13","0.00","3.85"
"rua aeroporto santos dumont, 110, centro","0","3","0.00","2.67"
"rua antonio luchiari 1100 campinas","0","1","0.00","9.00"
"rua antônio luchiari 1100 distrito industrial campinas sp","0","5","0.00","8.20"
"rua antônio luchiari, 1100, distrito industrial, campinas, sp","0","11","0.00","11.82"
"rua areial 115 guarulhos","0","17","0.00","9.29"
"rua baronesa de bela vista 499 campo belo","0","1","0.00","8.00"
"rua guilherme lino dos santos, 1418, 1416 - guarulhos - sp","0","2","0.00","10.00"
"rua gumercino ribeiro dos santos, 1100, alto dos ribeiros – confins mg","0","4","0.00","4.25"
"rua joaquina de jesus 745 guarulhos","0","33","0.00","11.03"
"rua joaquina de jesus 745 guarulhos sp","0","3","0.00","10.00"
"rua jose paulino estacionamento","0","1","0.00","1.00"
"rua lapa vermelha, 180 - confins/mg","0","19","0.00","5.79"
"rua marechal odylio denys 138","0","10","0.00","9.60"
"rua marechal odylio denys, 138","0","6","0.00","10.33"
"rua maria prestes maia 213 vila guilherme","0","21","0.00","9.62"
"rua milton teodoro 115 confins","0","5","0.00","10.20"
"rua nhu guaçu 211","0","1","0.00","11.00"
"rua pamplona 950","0","1","0.00","2.00"
"rua renascença 112","0","1","0.00","9.00"
"rua roberto simonsen 70","0","2","0.00","10.50"
"rua vieira de moraes 2110","0","1","0.00","2.00"
"rua waldemar amstalden, 400","0","3","0.00","4.67"
"rua zacarias de gois 1881","0","4","0.00","7.50"
"sabado","0","1","0.00","2.00"
"saint germain escola guarulhos","0","1","0.00","2.00"
"salgado filho porto alegre","0","1","0.00","7.00"
"santos dumont aeroporto estacionamento","0","7","0.00","30.14"
"santos dumont airport drop off","0","29","0.00","37.69"
"santos dumont estacionamento","0","11","0.00","28.00"
"sdu","0","1","0.00","5.00"
"sdu airport car service","0","2","0.00","49.00"
"sdu airport drop off","0","35","0.00","38.11"
"sdu airport pickup","0","2","0.00","41.50"
"sdu cab","0","6","0.00","37.67"
"sdu car rental","0","2","0.00","48.50"
"sdu car service","0","15","0.00","41.73"
"sdu drop off","0","33","0.00","21.82"
"sdu pickup","0","30","0.00","26.87"
"sdu transportation","0","31","0.00","42.29"
"sel park estacionamento","0","1","0.00","3.00"
"self park","0","5","0.00","8.40"
"self park estacionamentos","0","3","0.00","22.00"
"self park estacionamentos belo horizonte","0","1","0.00","11.00"
"self park?","0","1","0.00","10.00"
"selfpark","0","3","0.00","8.00"
"sem reserva","0","1","0.00","5.00"
"serv park estacionamento","0","2","0.00","44.50"
"serv park guarulhos","0","1","0.00","11.00"
"service de voiture aeroport sdu","0","2","0.00","47.50"
"servicio valet parking bogotá precio","0","1","0.00","76.00"
"serving park guarulhos","0","10","0.00","26.30"
"serviço de valet","0","1","0.00","97.00"
"serviço valet","0","2","0.00","8.00"
"serviços oferecidos por portal estacionamento","0","4","0.00","9.25"
"servparking","0","10","0.00","7.80"
"servparking estacionamento guarulhos","0","28","0.00","8.29"
"servparking gru","0","8","0.00","9.13"
"serão 3 dias","0","1","0.00","1.00"
"shopping pamplona estacionamento","0","3","0.00","11.33"
"short term parking","0","1","0.00","6.00"
"shuttle","0","1","0.00","1.00"
"sigla navegantes aeroporto","0","1","0.00","12.00"
"significado de confins","0","1","0.00","29.00"
"sim ,gostaria","0","1","0.00","3.00"
"sim e sim","0","1","0.00","3.00"
"sim pode pesquisar","0","1","0.00","12.00"
"sim por gentileza","0","1","0.00","1.00"
"sim quero","0","1","0.00","7.00"
"sim, gostaria","0","1","0.00","13.00"
"sirpark","0","2","0.00","3.00"
"site de estacionamento","0","2","0.00","8.00"
"site:movepark.co","0","2","0.00","1.00"
"situaã ã o aeroporto confins","0","3","0.00","12.33"
"sjp","0","1","0.00","6.00"
"sky park","0","6","0.00","31.50"
"sky park lisboa","0","1","0.00","2.00"
"sky parking","0","1","0.00","95.00"
"skypark","0","28","0.00","20.79"
"skypark lisboa","0","1","0.00","10.00"
"skypark login","0","5","0.00","3.00"
"skypark official website","0","1","0.00","11.00"
"skypark pt","0","2","0.00","22.00"
"skyview parking","0","1","0.00","81.00"
"small parking","0","17","0.00","9.47"
"small parking estacionamento aeroporto.","0","28","0.00","8.68"
"smart parking","0","1","0.00","59.00"
"smartpark","0","1","0.00","2.00"
"somente 1 dia","0","1","0.00","2.00"
"sou de sorocaba","0","1","0.00","3.00"
"sp garages","0","1","0.00","35.00"
"space park confins","0","172","0.00","9.69"
"space park estacionamento","0","8","0.00","9.00"
"spacepark","0","1","0.00","5.00"
"stapar","0","39","0.00","7.79"
"star park confins","0","5","0.00","10.20"
"starpark estacionamento","0","9","0.00","26.78"
"stay park congonhas","0","6","0.00","11.33"
"staycity parking","0","1","0.00","83.00"
"stop park guarulhos","0","1","0.00","35.00"
"super park estacionamento confins","0","1","0.00","19.00"
"são 4 dias","0","1","0.00","8.00"
"sério?","0","1","0.00","6.00"
"só uma hora","0","1","0.00","3.00"
"t-park estacionamentos","0","1","0.00","57.00"
"tabela de preço estacionamento aeroporto recife","0","9","0.00","7.44"
"tabela de preços estacionamento aeroporto galeão","0","34","0.00","10.41"
"tabela estacionamento aeroporto guarulhos","0","11","0.00","42.55"
"tabela preços estacionamento jardim paulistano zona oeste sp","0","5","0.00","6.00"
"talentos estacionamento","0","9","0.00","2.78"
"tamanho do aeroporto de confins","0","1","0.00","4.00"
"tarifa estacionamento aeroporto","0","2","0.00","5.00"
"tarifa estacionamento aeroporto guarulhos","0","10","0.00","43.90"
"telefone","0","1","0.00","5.00"
"telefone do aeroporto de congonhas","0","1","0.00","40.00"
"telefone do estacionamento do aeroporto","0","1","0.00","9.00"
"telefone do estacionamento do aeroporto de recife","0","12","0.00","11.33"
"telefone estacionamento aeroporto guarulhos","0","6","0.00","26.00"
"telefone estacionamento aeroporto recife","0","6","0.00","9.67"
"telefone estapar aeroporto porto alegre","0","1","0.00","11.00"
"telefone virapark","0","9","0.00","6.00"
"tem algum aberto agora","0","1","0.00","4.00"
"tem algum estacionamento","0","1","0.00","12.00"
"tem contato whatsapp?","0","1","0.00","6.00"
"tem estacionamento","0","2","0.00","5.00"
"tem estacionamento na rodoviaria do tiete","0","9","0.00","10.44"
"tem estacionamento no aeroporto de congonhas","0","18","0.00","25.17"
"tem estacionamento no aeroporto de guarulhos","0","11","0.00","34.27"
"tem estacionamento no aeroporto de viracopos","0","1","0.00","12.00"
"tem estacionamento no aeroporto santos dumont","0","1","0.00","1.00"
"tem estacionamento no local","0","1","0.00","3.00"
"tem estacionamento para moto","0","1","0.00","4.00"
"tem estacionamento proximo?","0","1","0.00","2.00"
"tem estacionamento próprio","0","1","0.00","7.00"
"tem hotel dentro do aeroporto de brasilia","0","1","0.00","3.00"
"tema shopify","0","1","0.00","56.00"
"tempo de caminhada","0","1","0.00","3.00"
"tenho medo de deixar meu carro na rua enquanto viajo por congonhas, qual a melhor solução em são paulo?","0","7","0.00","7.71"
"terceirizados","0","1","0.00","1.00"
"terminais aeroporto guarulhos","0","2","0.00","68.50"
"terminais de guarulhos","0","2","0.00","21.00"
"terminal 1 e 2 confins","0","1","0.00","16.00"
"terminal 1 standard estacionamento","0","3","0.00","64.00"
"terminal 2 estacionamento","0","2","0.00","27.00"
"terminal 2 guarulhos estacionamento","0","1","0.00","36.00"
"terminal 2 parking","0","1","0.00","80.00"
"terminal 2 standard estacionamento","0","3","0.00","31.67"
"terminal 3","0","1","0.00","6.00"
"terminal 3 aeroporto de guarulhos estacionamento","0","8","0.00","34.25"
"terminal 3 edifício garagem","0","2","0.00","32.50"
"terminal 3 estacionamento","0","2","0.00","46.50"
"terminal 3 guarulhos estacionamento","0","10","0.00","64.60"
"terminal 3 padrão estacionamento aeroporto guarulhos sp","0","1","0.00","30.00"
"terminal rodoviario tiete estacionamento","0","7","0.00","37.00"
"terminal rodoviário tietê - garagem","0","35","0.00","39.03"
"terminal rodoviário tietê estacionamento","0","9","0.00","7.33"
"terminal tiete estacionamento","0","16","0.00","22.88"
"the park","0","1","0.00","4.00"
"the parking","0","47","0.00","7.72"
"the parking estacionamento","0","103","0.00","11.86"
"tiete bus terminal garagem","0","16","0.00","9.00"
"tiete estacionamento","0","2","0.00","11.50"
"top parking","0","1","0.00","76.00"
"trabalho diário","0","1","0.00","11.00"
"tranlado","0","1","0.00","7.00"
"traslado gratuito","0","1","0.00","2.00"
"travessa santos dumont 431 lauro de freitas","0","2","0.00","10.50"
"uban park","0","1","0.00","9.00"
"unidade externa","0","1","0.00","4.00"
"urban estacionamento","0","28","0.00","7.32"
"urban estacionamento guarulhos","0","18","0.00","7.89"
"urban par","0","1","0.00","7.00"
"urban park","0","322","0.00","8.62"
"urban park aeroporto guarulhos","0","7","0.00","8.86"
"urban park avaliações","0","5","0.00","10.20"
"urban park congonhas","0","3","0.00","7.67"
"urban park estacionamento","0","21","0.00","7.52"
"urban park estacionamento guarulhos","0","13","0.00","6.92"
"urban park gru","0","390","0.00","7.52"
"urban park gru estacionamento","0","8","0.00","7.00"
"urban park gru estacionamento aeroporto guarulhos - avenida ministro evandro lins e silva - parque cecap guarulhos - sp","0","22","0.00","7.14"
"urban park gru estacionamento aeroporto guarulhos fotos","0","2","0.00","8.00"
"urban park gru estacionamento aeroporto guarulhos guarulhos","0","11","0.00","9.09"
"urban park gru guarulhos airport parking","0","7","0.00","8.43"
"urban park gru whatsapp","0","2","0.00","10.50"
"urban park guarulhos","0","299","0.00","8.07"
"urban park guarulhos é bom","0","3","0.00","1.00"
"urban park whatsapp","0","5","0.00","10.00"
"urban.park","0","1","0.00","10.00"
"urbano park","0","9","0.00","8.22"
"urbanpark","0","61","0.00","8.31"
"urbanpark aclimacao","0","1","0.00","54.00"
"urbanpark gru","0","17","0.00","8.06"
"urbanpark guarulhos","0","25","0.00","6.76"
"urbanparkgru","0","1","0.00","5.00"
"v parking estacionamento","0","4","0.00","8.75"
"vaga coberta","0","14","0.00","5.57"
"vaga descoberta","0","3","0.00","2.33"
"vaga oficial","0","1","0.00","3.00"
"vagas aeroporto florianopolis","0","4","0.00","11.25"
"vagas de estacionamento","0","1","0.00","8.00"
"vale a pena pagar estacionamento coberto com monitoramento 24h perto do aeroporto de congonhas em sp?","0","7","0.00","2.00"
"vale a pena reservar estacionamento com antecedência perto do aeroporto de guarulhos?","0","1","0.00","4.00"
"valet","0","3","0.00","9.00"
"valet estacionamento","0","1","0.00","9.00"
"valet parking","0","2","0.00","9.00"
"valet parking o que é","0","2","0.00","66.00"
"vallet estacionamento","0","1","0.00","10.00"
"valor","0","5","0.00","4.40"
"valor da diaria","0","1","0.00","8.00"
"valor da diaria de estacionamento no aeroporto de guarulhos","0","13","0.00","28.92"
"valor da diaria do estacionamento aeroporto galeão","0","4","0.00","6.75"
"valor da diaria do estacionamento do aeroporto","0","8","0.00","7.63"
"valor da diaria do estacionamento do aeroporto de brasilia","0","9","0.00","6.22"
"valor da diaria do estacionamento do aeroporto de congonhas","0","7","0.00","10.57"
"valor da diaria do estacionamento do aeroporto de viracopos","0","3","0.00","9.00"
"valor da diaria estacionamento aeroporto guarulhos","0","9","0.00","41.78"
"valor da diaria estacionamento aeroporto salgado filho","0","8","0.00","7.63"
"valor da diaria estacionamento galeao","0","2","0.00","11.00"
"valor da diaria no aeroporto de guarulhos sp","0","15","0.00","31.73"
"valor da diaria no estacionamento do aeroporto de confins","0","9","0.00","9.67"
"valor da diaria no estacionamento do aeroporto de guarulhos","0","16","0.00","24.13"
"valor da diaria no estacionamento do aeroporto de porto alegre","0","3","0.00","7.00"
"valor da diária do estacionamento do aeroporto de florianópolis","0","1","0.00","12.00"
"valor da diária do estacionamento do aeroporto de guarulhos","0","11","0.00","40.27"
"valor da diária do pátio de guarulhos 2026","0","7","0.00","9.29"
"valor da hora","0","1","0.00","4.00"
"valor da hora no estacionamento do aeroporto de fortaleza","0","9","0.00","7.89"
"valor de diárias","0","1","0.00","4.00"
"valor de estacionamento no aeroporto","0","1","0.00","6.00"
"valor de estacionamento no aeroporto de confins","0","6","0.00","9.50"
"valor de estacionamento no aeroporto de guarulhos","0","11","0.00","53.36"
"valor de estacionamento no aeroporto de viracopos","0","5","0.00","9.40"
"valor diaria","0","1","0.00","5.00"
"valor diaria aeroporto guarulhos","0","10","0.00","43.00"
"valor diaria estacionamento aeroporto","0","5","0.00","51.00"
"valor diaria estacionamento aeroporto afonso pena","0","15","0.00","8.47"
"valor diaria estacionamento aeroporto brasilia","0","19","0.00","4.26"
"valor diaria estacionamento aeroporto congonhas","0","15","0.00","10.67"
"valor diaria estacionamento aeroporto curitiba","0","4","0.00","7.75"
"valor diaria estacionamento aeroporto de salvador","0","9","0.00","9.67"
"valor diaria estacionamento aeroporto galeao","0","11","0.00","6.55"
"valor diaria estacionamento aeroporto guarulhos","0","15","0.00","32.60"
"valor diaria estacionamento aeroporto porto alegre","0","1","0.00","7.00"
"valor diaria estacionamento aeroporto santos dumont","0","3","0.00","4.67"
"valor diaria estacionamento aeroporto viracopos","0","3","0.00","4.67"
"valor diaria estacionamento confins","0","1","0.00","11.00"
"valor diaria estacionamento congonhas","0","8","0.00","11.50"
"valor diaria estacionamento viracopos","0","8","0.00","10.75"
"valor diária estacionamento aeroporto guarulhos 2026","0","14","0.00","26.57"
"valor diária","0","1","0.00","4.00"
"valor diária estacionamento aeroporto","0","2","0.00","1.00"
"valor diária estacionamento aeroporto guarulhos","0","1","0.00","3.00"
"valor diária estacionamento aeroporto porto alegre","0","11","0.00","8.64"
"valor diária estacionamento aeroporto salvador","0","3","0.00","11.00"
"valor diária estacionamento galeão","0","2","0.00","10.50"
"valor do estacionamento","0","1","0.00","7.00"
"valor do estacionamento aeroporto","0","2","0.00","7.50"
"valor do estacionamento aeroporto de congonhas","0","1","0.00","10.00"
"valor do estacionamento aeroporto de guarulhos","0","17","0.00","56.88"
"valor do estacionamento aeroporto guarulhos","0","8","0.00","47.88"
"valor do estacionamento aeroporto recife","0","5","0.00","11.60"
"valor do estacionamento aeroporto viracopos","0","5","0.00","12.20"
"valor do estacionamento da rodoviária tietê","0","10","0.00","9.20"
"valor do estacionamento de guarulhos","0","14","0.00","25.93"
"valor do estacionamento de viracopos","0","2","0.00","6.50"
"valor do estacionamento dentro do aeroporto de guarulhos","0","13","0.00","40.31"
"valor do estacionamento do aeroporto de brasília","0","51","0.00","7.24"
"valor do estacionamento do aeroporto de campinas","0","8","0.00","11.00"
"valor do estacionamento do aeroporto de confins","0","15","0.00","12.20"
"valor do estacionamento do aeroporto de congonhas","0","3","0.00","10.67"
"valor do estacionamento do aeroporto de cuiabá","0","7","0.00","6.86"
"valor do estacionamento do aeroporto de curitiba","0","5","0.00","10.80"
"valor do estacionamento do aeroporto de florianópolis","0","4","0.00","12.00"
"valor do estacionamento do aeroporto de fortaleza","0","12","0.00","11.33"
"valor do estacionamento do aeroporto de goiânia","0","19","0.00","9.26"
"valor do estacionamento do aeroporto de goiânia por hora","0","5","0.00","10.40"
"valor do estacionamento do aeroporto de guarulhos","0","31","0.00","48.90"
"valor do estacionamento do aeroporto de joão pessoa","0","21","0.00","5.43"
"valor do estacionamento do aeroporto de maceió","0","15","0.00","9.40"
"valor do estacionamento do aeroporto de recife","0","59","0.00","11.08"
"valor do estacionamento do aeroporto de salvador","0","1","0.00","11.00"
"valor do estacionamento do aeroporto de viracopos","0","9","0.00","5.22"
"valor do estacionamento do aeroporto de vitória","0","13","0.00","8.54"
"valor do estacionamento do aeroporto galeão","0","4","0.00","11.00"
"valor do estacionamento do aeroporto salgado filho","0","8","0.00","10.63"
"valor do estacionamento do aeroporto santos dumont","0","8","0.00","8.13"
"valor do estacionamento do galeão","0","2","0.00","11.50"
"valor do estacionamento em congonhas","0","2","0.00","10.50"
"valor do estacionamento em guarulhos","0","5","0.00","59.40"
"valor do estacionamento em viracopos","0","5","0.00","10.60"
"valor do estacionamento na rodoviária do tietê","0","7","0.00","11.43"
"valor do estacionamento no aeroporto","0","3","0.00","6.67"
"valor do estacionamento no aeroporto de confins","0","31","0.00","10.26"
"valor do estacionamento no aeroporto de congonhas","0","23","0.00","25.70"
"valor do estacionamento no aeroporto de fortaleza","0","4","0.00","11.75"
"valor do estacionamento no aeroporto de guarulhos","0","19","0.00","40.26"
"valor do estacionamento no aeroporto de porto alegre","0","13","0.00","10.31"
"valor do estacionamento no aeroporto de recife","0","1","0.00","12.00"
"valor do estacionamento no aeroporto de salvador","0","10","0.00","11.60"
"valor do estacionamento no aeroporto de viracopos","0","17","0.00","10.12"
"valor do estacionamento no aeroporto do galeão","0","2","0.00","9.00"
"valor do estacionamento no aeroporto galeão","0","15","0.00","9.40"
"valor do estacionamento no aeroporto santos dumont","0","10","0.00","6.70"
"valor do estacionamento no galeão","0","4","0.00","10.75"
"valor do estacionamento rodoviária tietê","0","7","0.00","10.14"
"valor do estacionamento viracopos","0","5","0.00","10.20"
"valor do estacionamento?","0","2","0.00","4.00"
"valor estacionamento","0","3","0.00","4.67"
"valor estacionamento aeroporto afonso pena","0","17","0.00","11.47"
"valor estacionamento aeroporto brasilia","0","6","0.00","9.17"
"valor estacionamento aeroporto campinas","0","12","0.00","11.00"
"valor estacionamento aeroporto campo grande","0","6","0.00","6.00"
"valor estacionamento aeroporto campo grande ms","0","15","0.00","7.93"
"valor estacionamento aeroporto congonhas","0","35","0.00","11.34"
"valor estacionamento aeroporto cuiabá","0","12","0.00","6.42"
"valor estacionamento aeroporto curitiba","0","147","0.00","13.00"
"valor estacionamento aeroporto de confins","0","4","0.00","11.00"
"valor estacionamento aeroporto de congonhas","0","5","0.00","14.20"
"valor estacionamento aeroporto de goiânia","0","40","0.00","13.05"
"valor estacionamento aeroporto de guarulhos","0","8","0.00","46.88"
"valor estacionamento aeroporto florianopolis","0","2","0.00","23.50"
"valor estacionamento aeroporto florianópolis","0","5","0.00","49.00"
"valor estacionamento aeroporto fortaleza","0","28","0.00","11.07"
"valor estacionamento aeroporto galeao rio de janeiro","0","4","0.00","8.00"
"valor estacionamento aeroporto guarulhos","0","20","0.00","27.35"
"valor estacionamento aeroporto guarulhos terminal 2","0","14","0.00","42.64"
"valor estacionamento aeroporto guarulhos terminal 3","0","23","0.00","44.04"
"valor estacionamento aeroporto londrina","0","4","0.00","7.25"
"valor estacionamento aeroporto maceió","0","14","0.00","11.36"
"valor estacionamento aeroporto recife 2026","0","20","0.00","6.85"
"valor estacionamento aeroporto salgado filho","0","20","0.00","8.40"
"valor estacionamento aeroporto salvador","0","50","0.00","9.46"
"valor estacionamento aeroporto santos dumont","0","7","0.00","8.14"
"valor estacionamento aeroporto santos dumont rj","0","13","0.00","7.08"
"valor estacionamento aeroporto viracopos","0","68","0.00","19.54"
"valor estacionamento aeroporto viracopos campinas","0","4","0.00","12.00"
"valor estacionamento aeroporto vitória es","0","32","0.00","9.22"
"valor estacionamento confins","0","3","0.00","11.33"
"valor estacionamento congonhas","0","16","0.00","11.13"
"valor estacionamento dentro aeroporto guarulhos","0","5","0.00","53.00"
"valor estacionamento galeao","0","8","0.00","12.13"
"valor estacionamento galeão","0","5","0.00","10.40"
"valor estacionamento gru","0","9","0.00","59.67"
"valor estacionamento gru terminal 3","0","7","0.00","52.00"
"valor estacionamento guarulhos","0","7","0.00","44.43"
"valor estacionamento guarulhos aeroporto","0","8","0.00","37.88"
"valor estacionamento no aeroporto de guarulhos","0","35","0.00","60.60"
"valor estacionamento rodoviaria tiete","0","29","0.00","21.17"
"valor estacionamento santos dumont","0","25","0.00","13.08"
"valor estacionamento santos dumont rj","0","1","0.00","11.00"
"valor estacionamento terminal 3 guarulhos","0","6","0.00","52.00"
"valor estacionamento terminal tiete","0","10","0.00","10.30"
"valor estacionamento tiete","0","8","0.00","11.13"
"valor estacionamento viracopos","0","36","0.00","17.17"
"valor estacionamento viracopos diaria","0","15","0.00","11.40"
"valor estácionamento","0","1","0.00","1.00"
"valor hora","0","1","0.00","2.00"
"valor para deixar carro no aeroporto","0","1","0.00","9.00"
"valor para deixar o carro no aeroporto","0","1","0.00","1.00"
"valor para deixar o carro no aeroporto de confins","0","6","0.00","10.67"
"valor para deixar o carro no aeroporto de guarulhos","0","10","0.00","43.80"
"valor por hora?","0","1","0.00","7.00"
"valor?","0","1","0.00","2.00"
"valores atuais","0","1","0.00","2.00"
"valores atualizado","0","1","0.00","3.00"
"valores da diária","0","1","0.00","7.00"
"valores das diarias","0","1","0.00","3.00"
"valores das diárias","0","1","0.00","2.00"
"valores de diárias","0","1","0.00","2.00"
"valores de estacionamento no aeroporto de guarulhos","0","16","0.00","30.50"
"valores diária","0","1","0.00","2.00"
"valores do estacionamento do aeroporto de guarulhos","0","12","0.00","35.50"
"valores e tarifas","0","1","0.00","2.00"
"valores estacionamento aeroporto confins","0","2","0.00","11.50"
"valores estacionamento aeroporto curitiba","0","23","0.00","11.30"
"valores estacionamento aeroporto guarulhos","0","19","0.00","44.26"
"valores estacionamento aeroporto porto alegre","0","2","0.00","8.50"
"valores estimados","0","3","0.00","4.00"
"valores?","0","1","0.00","4.00"
"van de ribeirão preto para guarulhos","0","1","0.00","7.00"
"vcp estacionamento","0","20","0.00","27.05"
"vcp park","0","1","0.00","1.00"
"ve park","0","2","0.00","7.00"
"ve park estacionamento","0","8","0.00","6.00"
"ve parking","0","3","0.00","4.33"
"ve parking porto alegre","0","5","0.00","5.40"
"veparking","0","34","0.00","5.74"
"ver disponibilidade","0","1","0.00","3.00"
"veículo","0","1","0.00","7.00"
"via park","0","1","0.00","1.00"
"via park estacionamento","0","1","0.00","1.00"
"viagem park guarulhos","0","12","0.00","32.00"
"viaje park","0","10","0.00","38.60"
"viaje park guarulhos","0","10","0.00","32.30"
"vip parking","0","1","0.00","90.00"
"vira park campinas","0","27","0.00","5.41"
"vira park viracopos","0","13","0.00","5.23"
"vira parque","0","12","0.00","3.50"
"vira parque campinas","0","20","0.00","5.10"
"viracopos (vcp)","0","1","0.00","7.00"
"viracopos aeroparking","0","186","0.00","8.68"
"viracopos aeroporto","0","4","0.00","8.25"
"viracopos aeroporto estacionamento","0","4","0.00","9.25"
"viracopos campinas","0","1","0.00","7.00"
"viracopos campinas estacionamento","0","15","0.00","31.07"
"viracopos cidade","0","1","0.00","10.00"
"viracopos estacionamento oficial tarifas 2026","0","2","0.00","7.00"
"viracopos estacionamento preço","0","8","0.00","10.88"
"viracopos park","0","2","0.00","7.00"
"viracopos park estacionamento","0","5","0.00","7.20"
"viralpark","0","2","0.00","4.50"
"virapack","0","1","0.00","3.00"
"virapak","0","3","0.00","3.33"
"virapar","0","5","0.00","4.60"
"virapark campinas telefone","0","13","0.00","5.00"
"virapark cupom de desconto","0","2","0.00","10.00"
"virapark estacionamento aeroporto viracopos","0","6","0.00","4.33"
"virapark estacionamento aeroporto viracopos campinas (vcp) campinas","0","20","0.00","4.70"
"virapark estacionamento campinas","0","18","0.00","5.06"
"virapark estacionamento viracopos","0","82","0.00","14.73"
"virapark guarulhos","0","1","0.00","8.00"
"virapark telefone","0","11","0.00","4.73"
"virapark telefone campinas","0","3","0.00","5.67"
"virapark whatsapp","0","31","0.00","5.97"
"virapark é confiavel","0","1","0.00","10.00"
"viravopos","0","1","0.00","6.00"
"virpark","0","4","0.00","2.75"
"vision park","0","1","0.00","4.00"
"vision parking","0","1","0.00","1.00"
"visita","0","1","0.00","3.00"
"vista parking","0","1","0.00","82.00"
"vitoria airport estacionamento","0","12","0.00","10.92"
"vix park","0","8","0.00","10.38"
"vixpark","0","7","0.00","10.43"
"você tem certeza absoluta?","0","1","0.00","3.00"
"voe park","0","3","0.00","15.00"
"voepark","0","1","0.00","24.00"
"voepark estacionamento aeroporto guarulhos","0","1","0.00","25.00"
"voo internacional avianca","0","1","0.00","3.00"
"vorapark","0","1","0.00","3.00"
"vou ficar 10 dias","0","1","0.00","1.00"
"vou ficar 4 dias","0","1","0.00","7.00"
"vou ficar 6 dias","0","1","0.00","1.00"
"vou viajar a trabalho por uma semana saindo de congonhas e não sei onde deixar meu carro com segurança em são paulo","0","8","0.00","2.00"
"vs estacionamento","0","5","0.00","9.00"
"vs estacionamento brasilia","0","19","0.00","8.95"
"vs park","0","1","0.00","4.00"
"vários dias","0","1","0.00","1.00"
"wb estacionamento","0","1","0.00","45.00"
"www virapark com br","0","6","0.00","2.50"
"yellow estacionamento","0","4","0.00","10.00"
"yellow estacionamento viracopos","0","34","0.00","6.09"
"yellow park","0","32","0.00","7.78"
"yellow park campinas","0","23","0.00","6.43"
"yellow park confins","0","1","0.00","9.00"
"yellow park congonhas","0","3","0.00","7.67"
"yellow park guarulhos","0","9","0.00","54.33"
"yellow park viracopos","0","49","0.00","6.78"
"yellow parking","0","103","0.00","9.97"
"yellow parking campinas","0","23","0.00","7.78"
"yellow parking estacionamento","0","6","0.00","7.33"
"yellow parking estacionamento - viracopos","0","39","0.00","6.28"
"yellow parking estacionamento 24 horas aeroporto guarulhos","0","3","0.00","46.67"
"yellow parking viracopos é bom","0","6","0.00","7.17"
"yellow parque","0","2","0.00","9.00"
"yellowparking","0","23","0.00","9.17"
"yelow park","0","4","0.00","8.25"
"área do aeroporto de guarulhos","0","1","0.00","14.00"
"é coberto?","0","1","0.00","1.00"
"é de quanto?","0","1","0.00","4.00"
"é gratuito?","0","1","0.00","5.00"
"é seguro?","0","3","0.00","3.33"
"前原駅 駐車場","0","1","0.00","88.00"
"剛志駅 駐車場","0","7","0.00","82.86"
"国定駅 駐車場","0","6","0.00","78.33"
"月極駐車場 北港","0","2","0.00","92.00"
"月極駐車場 麻生駅","0","1","0.00","93.00"
"長後 駐車場","0","1","0.00","85.00"
"高萩 駐車場","0","4","0.00","89.50"
