"pagina","aeroporto","cliques","impressoes","ctr","posicao"
"https://movepark.co/estacionamentos/aeroporto-viracopos/virapark","VCP","105","15119","0.69","8.30"
"https://movepark.co/estacionamentos/aeroporto-viracopos/garageinn","VCP","70","3825","1.83","8.46"
"https://movepark.co/estacionamentos/aeroporto-recife","","63","1577","3.99","9.86"
"https://movepark.co/faq/qual-o-estacionamento-mais-barato-perto-do-aeroporto-santos-dumont","","63","1286","4.90","7.42"
"https://movepark.co/faq/quanto-custa-estacionar-no-aeroporto-de-brasilia","","59","3350","1.76","8.15"
"https://movepark.co/estacionamentos/aeroporto-congonhas","","49","5171","0.95","12.02"
"https://movepark.co/estacionamentos/aeroporto-curitiba/abbapark","CWB","47","5494","0.86","10.46"
"https://movepark.co/estacionamentos/aeroporto-santos-dumont","","45","1255","3.59","8.90"
"https://movepark.co/","","44","1161","3.79","6.74"
"https://movepark.co/estacionamentos/aeroporto-brasilia","","44","1285","3.42","11.04"
"https://movepark.co/estacionamentos/aeroporto-londrina","","39","734","5.31","8.15"
"https://movepark.co/estacionamentos/aeroporto-congonhas/congonhas-park","","37","978","3.78","17.19"
"https://movepark.co/estacionamentos/aeroporto-curitiba/nationpark","CWB","35","3020","1.16","8.96"
"https://movepark.co/estacionamentos/aeroporto-galeao","","33","3749","0.88","9.51"
"https://movepark.co/estacionamentos/aeroporto-brasilia/df-park","","31","548","5.66","6.45"
"https://movepark.co/faq/quanto-custa-estacionar-no-aeroporto-do-recife","","29","2683","1.08","9.12"
"https://movepark.co/blog/top-3-estacionamentos-do-aeroporto-de-navegantes/","","28","1325","2.11","7.84"
"https://movepark.co/estacionamentos/aeroporto-brasilia/aero-park","","26","213","12.21","9.40"
"https://movepark.co/estacionamentos/aeroporto-viracopos","VCP","26","938","2.77","24.40"
"https://virapark.movepark.co/","","26","4063","0.64","4.96"
"https://movepark.co/faq/quanto-custa-estacionar-no-aeroporto-de-vitoria","","25","1032","2.42","6.68"
"https://movepark.co/blog/estacionamento-aeroporto-viracopos-vcp-guia-completo-com-precos-opcoes-e-a-melhor-escolha-economica/","VCP","24","4775","0.50","10.00"
"https://movepark.co/estacionamentos/aeroporto-florianopolis","","23","619","3.72","10.08"
"https://movepark.co/faq/quanto-custa-estacionar-no-aeroporto-de-teresina","","23","243","9.47","4.59"
"https://movepark.co/estacionamentos/aeroporto-teresina","","22","265","8.30","6.22"
"https://movepark.co/estacionamentos/aeroporto-curitiba/express-park","CWB","21","370","5.68","11.87"
"https://movepark.co/estacionamentos/aeroporto-vitoria","","21","957","2.19","9.90"
"https://movepark.co/faq/quanto-custa-estacionar-no-aeroporto-de-fortaleza","","20","969","2.06","8.96"
"https://movepark.co/estacionamentos/aeroporto-confins","CNF","18","3279","0.55","9.19"
"https://aeropark.movepark.co/","","16","1323","1.21","8.67"
"https://movepark.co/blog/preco-estacionamento-aeroporto-afonso-pena-curitiba-saiba-tudo-aqui/","CWB","16","1520","1.05","9.34"
"https://movepark.co/blog/top-3-estacionamentos-do-aeroporto-de-congonhas/","","16","1463","1.09","15.56"
"https://movepark.co/destinos/aeroporto-internacional-do-recife-guararapes","","16","222","7.21","13.77"
"https://movepark.co/estacionamentos/aeroporto-navegantes","","16","965","1.66","8.05"
"https://movepark.co/estacionamentos/aeroporto-internacional-do-recife-guararapes/talentos-park-aeroporto-recife","","15","220","6.82","7.94"
"https://movepark.co/estacionamentos/rodoviaria-tiete","","15","2686","0.56","10.46"
"https://movepark.co/estacionamentos/aeroporto-joao-pessoa","","14","993","1.41","6.83"
"https://movepark.co/blog/guia-completo-dos-estacionamentos-proximos-ao-aeoroporto-de-confins/","CNF","13","1763","0.74","9.52"
"https://movepark.co/blog/preco-do-estacionamento-no-aeroporto-de-confins/","CNF","13","1208","1.08","8.09"
"https://movepark.co/estacionamentos/aeroporto-congonhas/grand-parking","","13","724","1.80","7.64"
"https://movepark.co/estacionamentos/aeroporto-curitiba/connect-park","CWB","13","136","9.56","4.99"
"https://movepark.co/estacionamentos/aeroporto-florianopolis/garagem-floripa","","13","273","4.76","7.32"
"https://movepark.co/faq/qual-o-estacionamento-mais-barato-perto-do-aeroporto-de-salvador","","13","497","2.62","10.09"
"https://movepark.co/estacionamentos/aeroporto-congonhas/plenty-park","","12","1308","0.92","10.63"
"https://movepark.co/faq/quanto-custa-estacionar-no-aeroporto-de-joao-pessoa","","12","545","2.20","6.90"
"https://movepark.co/blog/estacionamento-dentro-do-aeroporto-de-viracopos/","VCP","11","1039","1.06","8.32"
"https://movepark.co/estacionamentos/aeroporto-curitiba","CWB","11","281","3.91","17.57"
"https://movepark.co/estacionamentos/aeroporto-guarulhos/aeropark","GRU","11","2487","0.44","7.41"
"https://movepark.co/estacionamentos/rodoviaria-tiete/aerovalet","","11","2911","0.38","8.87"
"https://abbapark.movepark.co/","","10","890","1.12","4.36"
"https://movepark.co/blog/top-3-estacionamentos-do-aeroporto-de-curitiba/","CWB","10","181","5.52","24.54"
"https://movepark.co/estacionamentos/aeroporto-cuiaba/aeropark-varzea-grande","","10","334","2.99","6.11"
"https://movepark.co/estacionamentos/aeroporto-guarulhos","GRU","10","3502","0.29","15.79"
"https://movepark.co/estacionamentos/aeroporto-galeao/rl","","9","202","4.46","21.42"
"https://movepark.co/estacionamentos/aeroporto-guarulhos/decolar-park","GRU","9","1692","0.53","5.27"
"https://movepark.co/estacionamentos/aeroporto-recife/foco-park","","9","165","5.45","7.38"
"https://movepark.co/estacionamentos/aeroporto-salvador/bambuzal","","9","721","1.25","7.94"
"https://movepark.co/estacionamentos/aeroporto-viracopos/portico","VCP","9","37","24.32","6.32"
"https://movepark.co/faq/quanto-custa-estacionar-no-aeroporto-salgado-filho","","9","586","1.54","7.74"
"https://movepark.co/blog/estacionamento-dentro-do-aeroporto-de-confins/","CNF","8","934","0.86","7.85"
"https://movepark.co/destinos/aeroporto-santos-dumont","","8","178","4.49","8.92"
"https://movepark.co/estacionamentos/aeroporto-vitoria/market-park","","8","46","17.39","4.13"
"https://movepark.co/faq/quanto-custa-estacionar-no-aeroporto-de-cuiaba","","8","409","1.96","8.04"
"https://movepark.co/p/garageinn/aeroporto-viracopos/avulsa","VCP","8","261","3.07","17.78"
"https://garageinn.movepark.co/pt-br/aeroporto-viracopos/vaga-avulsa?utm_source=google-meu-negocio&utm_medium=referral&utm_campaign=reservaonline","VCP","7","2559","0.27","6.52"
"https://movepark.co/estacionamentos/aeroporto-congonhas/aerovalet","","7","344","2.03","7.54"
"https://movepark.co/estacionamentos/aeroporto-cuiaba","","7","573","1.22","8.18"
"https://movepark.co/estacionamentos/aeroporto-curitiba/mais-barato","CWB","7","494","1.42","16.32"
"https://movepark.co/estacionamentos/aeroporto-salvador","","7","410","1.71","11.08"
"https://movepark.co/estacionamentos/aeroporto-santos-dumont/base-santos-dumont","","7","34","20.59","10.41"
"https://movepark.co/estacionamentos/centro-de-nova-iguacu","","7","590","1.19","6.13"
"https://movepark.co/faq/qual-o-estacionamento-mais-barato-perto-do-aeroporto-de-vitoria","","7","96","7.29","11.22"
"https://movepark.co/faq/qual-o-estacionamento-mais-barato-perto-do-aeroporto-do-recife","","7","376","1.86","12.55"
"https://movepark.co/faq/quanto-custa-estacionar-no-aeroporto-de-salvador","","7","654","1.07","8.78"
"https://virapark.movepark.co/pt-br/virapark/vaga-avulsa","","7","5459","0.13","9.09"
"https://movepark.co/blog/onde-deixar-o-carro-estacionado-em-viracopos/","VCP","6","708","0.85","30.93"
"https://movepark.co/estacionamentos/aeroporto-campo-grande","","6","342","1.75","9.18"
"https://movepark.co/estacionamentos/aeroporto-de-brasilia/df-park-estacionamento-aeroporto-brasilia","","6","87","6.90","5.44"
"https://movepark.co/estacionamentos/aeroporto-goiania","","6","1363","0.44","10.14"
"https://movepark.co/estacionamentos/aeroporto-vitoria/vitoria-airport","","6","324","1.85","9.90"
"https://movepark.co/blog/preco-estacionamento-aeroporto-congonhas/","","5","438","1.14","17.43"
"https://movepark.co/estacionamentos/aeroporto-guarulhos/aerovalet","GRU","5","858","0.58","5.66"
"https://movepark.co/estacionamentos/aeroporto-viracopos/eco22","VCP","5","104","4.81","42.63"
"https://movepark.co/faq/qual-o-estacionamento-mais-barato-perto-do-aeroporto-de-confins","CNF","5","288","1.74","12.68"
"https://movepark.co/faq/quanto-custa-estacionar-no-aeroporto-afonso-pena","CWB","5","179","2.79","7.95"
"https://movepark.co/faq/quanto-custa-estacionar-no-aeroporto-de-guarulhos","GRU","5","770","0.65","53.37"
"https://movepark.co/blog/bandeira-park-viracopos/","VCP","4","329","1.22","8.81"
"https://movepark.co/blog/preco-estacionamento-aeroporto-navegantes-saiba-tudo-aqui/","","4","444","0.90","9.29"
"https://movepark.co/blog/top-5-estacionamentos-baratos-aeroporto-londrina/","","4","57","7.02","7.04"
"https://movepark.co/calculadora-estacionamento-aeroporto","","4","184","2.17","7.39"
"https://movepark.co/destinos/aeroporto-afonso-pena","CWB","4","87","4.60","12.63"
"https://movepark.co/destinos/aeroporto-de-joao-pessoa","","4","102","3.92","6.58"
"https://movepark.co/estacionamentos/aeroporto-campo-grande/vcm-park","","4","164","2.44","5.28"
"https://movepark.co/estacionamentos/aeroporto-congonhas/one-parking","","4","262","1.53","16.14"
"https://movepark.co/estacionamentos/aeroporto-cuiaba/ebr","","4","31","12.90","10.42"
"https://movepark.co/estacionamentos/aeroporto-curitiba/best-park","CWB","4","976","0.41","5.02"
"https://movepark.co/estacionamentos/aeroporto-curitiba/precos","CWB","4","112","3.57","23.15"
"https://movepark.co/estacionamentos/aeroporto-navegantes/estapar","","4","59","6.78","14.19"
"https://movepark.co/estacionamentos/aeroporto-navegantes/park-sul","","4","90","4.44","10.82"
"https://movepark.co/estacionamentos/aeroporto-porto-alegre/ve-parking","","4","236","1.69","8.17"
"https://movepark.co/estacionamentos/aeroporto-recife/talentos-park","","4","89","4.49","5.48"
"https://movepark.co/estacionamentos/aeroporto-vitoria/day-by-day","","4","55","7.27","9.91"
"https://movepark.co/estacionamentos/centro-de-sao-paulo/invictus-park","","4","105","3.81","5.63"
"https://movepark.co/faq/o-estacionamento-em-congonhas-oferece-traslado-ate-o-terminal","","4","290","1.38","11.03"
"https://movepark.co/faq/qual-o-estacionamento-mais-barato-perto-do-aeroporto-de-congonhas","","4","444","0.90","22.25"
"https://movepark.co/faq/qual-o-estacionamento-mais-barato-perto-do-aeroporto-do-galeao","","4","353","1.13","15.11"
"https://movepark.co/faq/qual-o-estacionamento-mais-barato-perto-do-aeroporto-salgado-filho","","4","484","0.83","10.90"
"https://movepark.co/faq/quanto-custa-estacionar-no-aeroporto-de-campo-grande","","4","362","1.10","8.48"
"https://virapark.movepark.co/login","","4","196","2.04","6.53"
"https://garageinn.movepark.co/","","3","286","1.05","8.52"
"https://movepark.co/blog/estacionamento-barato-aeroporto-congonhas/","","3","115","2.61","17.97"
"https://movepark.co/blog/estacionamento-vcp-onde-deixar-o-carro-em-viracopos-sem-dor-de-cabeca/","VCP","3","387","0.78","12.82"
"https://movepark.co/blog/estacionamento-viracopos-azul/","VCP","3","158","1.90","7.42"
"https://movepark.co/blog/preco-estacionamento-aeroporto-guarulhos-saiba-tudo-aqui/","GRU","3","1514","0.20","19.47"
"https://movepark.co/blog/top-5-estacionamentos-baratos-aeroporto-brasilia/","","3","71","4.23","9.65"
"https://movepark.co/blog/top-5-estacionamentos-baratos-aeroporto-goiania/","","3","103","2.91","11.60"
"https://movepark.co/blog/top-5-estacionamentos-baratos-aeroporto-porto-alegre/","","3","329","0.91","8.18"
"https://movepark.co/destinos/aeroporto-de-salvador","","3","91","3.30","24.18"
"https://movepark.co/estacionamentos/aeroporto-brasilia/vs-park","","3","72","4.17","6.35"
"https://movepark.co/estacionamentos/aeroporto-confins/bepark","CNF","3","385","0.78","7.73"
"https://movepark.co/estacionamentos/aeroporto-confins/bepark?from=2026-08-26&to=2026-08-27&src=search&vaga=covered","CNF","3","163","1.84","8.31"
"https://movepark.co/estacionamentos/aeroporto-cuiaba/gj-park","","3","115","2.61","5.73"
"https://movepark.co/estacionamentos/aeroporto-cuiaba/vision-park","","3","35","8.57","5.86"
"https://movepark.co/estacionamentos/aeroporto-do-galeao/peter-park-estacionamento-aeroporto-galeao","","3","23","13.04","3.04"
"https://movepark.co/estacionamentos/aeroporto-do-galeao/rl-estacionamentos-aeroporto-galeao","","3","70","4.29","15.49"
"https://movepark.co/estacionamentos/aeroporto-navegantes/zunino","","3","35","8.57","13.03"
"https://movepark.co/estacionamentos/aeroporto-santos-dumont/estapar","","3","257","1.17","13.75"
"https://movepark.co/estacionamentos/aeroporto-santos-dumont/parebem","","3","102","2.94","3.96"
"https://movepark.co/estacionamentos/aeroporto-viracopos/yellow-parking","VCP","3","1075","0.28","7.38"
"https://movepark.co/estacionamentos/aeroporto-vitoria/braspark","","3","148","2.03","7.84"
"https://movepark.co/estacionamentos/aeroporto-vitoria/perim","","3","52","5.77","16.04"
"https://movepark.co/faq/posso-trocar-o-veiculo-depois-da-reserva","","3","35","8.57","4.80"
"https://movepark.co/faq/quanto-custa-estacionar-no-aeroporto-de-maceio","","3","434","0.69","9.68"
"https://movepark.co/precos/aeroporto-internacional-de-sao-paulo-guarulhos","GRU","3","833","0.36","44.63"
"https://movepark.co/blog/garageinn-viracopos/","VCP","2","68","2.94","9.78"
"https://movepark.co/blog/guia-completo-dos-estacionamentos-proximos-ao-aeroporto-de-congonhas/","","2","450","0.44","44.18"
"https://movepark.co/blog/quais-os-melhores-estacionamentos-do-aeroporto-viracopos-em-2024/","VCP","2","307","0.65","15.15"
"https://movepark.co/blog/top-3-estacionamentos-do-aeroporto-de-confins/","CNF","2","689","0.29","12.33"
"https://movepark.co/destinos/aeroporto-de-goiania","","2","695","0.29","10.06"
"https://movepark.co/destinos/aeroporto-internacional-de-navegantes","","2","40","5.00","8.03"
"https://movepark.co/estacionamentos/aeroporto-brasilia/big","","2","119","1.68","6.35"
"https://movepark.co/estacionamentos/aeroporto-confins/aeropark","CNF","2","431","0.46","6.64"
"https://movepark.co/estacionamentos/aeroporto-congonhas/express-parking","","2","285","0.70","8.69"
"https://movepark.co/estacionamentos/aeroporto-congonhas/the-parking","","2","372","0.54","7.67"
"https://movepark.co/estacionamentos/aeroporto-cuiaba/aviacao-park","","2","82","2.44","5.77"
"https://movepark.co/estacionamentos/aeroporto-curitiba/nikkey","CWB","2","840","0.24","6.64"
"https://movepark.co/estacionamentos/aeroporto-de-brasilia/vs-park-aeroporto-brasilia","","2","39","5.13","7.85"
"https://movepark.co/estacionamentos/aeroporto-de-congonhas/grand-parking-aeroporto-congonhas","","2","273","0.73","7.72"
"https://movepark.co/estacionamentos/aeroporto-de-congonhas/the-parking-estacionamento-aeroporto-congonhas","","2","57","3.51","6.93"
"https://movepark.co/estacionamentos/aeroporto-de-florianopolis-hercilio-luz/garagem-floripa-aeroporto-florianopolis","","2","91","2.20","8.74"
"https://movepark.co/estacionamentos/aeroporto-galeao/estapar-terminal-2","","2","429","0.47","11.95"
"https://movepark.co/estacionamentos/aeroporto-galeao/peter-park","","2","17","11.76","5.35"
"https://movepark.co/estacionamentos/aeroporto-guarulhos/econopark","GRU","2","671","0.30","6.24"
"https://movepark.co/estacionamentos/aeroporto-internacional-do-recife-guararapes/foco-park-estacionamento-aeroporto-recife","","2","12","16.67","3.83"
"https://movepark.co/estacionamentos/aeroporto-joao-pessoa/estapar","","2","356","0.56","8.42"
"https://movepark.co/estacionamentos/aeroporto-londrina/estapar","","2","170","1.18","9.12"
"https://movepark.co/estacionamentos/aeroporto-recife/all-park","","2","133","1.50","8.85"
"https://movepark.co/estacionamentos/aeroporto-recife/recife-rent-a-car","","2","60","3.33","18.70"
"https://movepark.co/estacionamentos/aeroporto-salgado-filho/keep-parking-aeroporto-porto-alegre","","2","1280","0.16","8.01"
"https://movepark.co/estacionamentos/aeroporto-santos-dumont/beira-mar-park","","2","63","3.17","6.03"
"https://movepark.co/estacionamentos/aeroporto-santos-dumont/parebem-aeroporto-santos-dumont","","2","48","4.17","7.21"
"https://movepark.co/estacionamentos/aeroporto-viracopos/viracopos-aeroparking","VCP","2","481","0.42","15.68"
"https://movepark.co/faq/as-vagas-no-aeroporto-salgado-filho-sao-cobertas-ou-descobertas","","2","227","0.88","9.19"
"https://movepark.co/faq/o-estacionamento-no-santos-dumont-oferece-traslado-ate-o-terminal","","2","323","0.62","15.98"
"https://movepark.co/faq/qual-o-estacionamento-mais-barato-perto-do-aeroporto-afonso-pena","CWB","2","88","2.27","9.74"
"https://movepark.co/faq/qual-o-estacionamento-mais-barato-perto-do-aeroporto-de-goiania","","2","570","0.35","10.49"
"https://movepark.co/faq/qual-o-estacionamento-mais-barato-perto-do-aeroporto-de-maceio","","2","247","0.81","9.87"
"https://plenty.movepark.co/","","2","346","0.58","7.74"
"https://aerovalet.movepark.co/","","1","48","2.08","4.02"
"https://aerovalet.movepark.co/aeroporto-congonhas/vaga-coberta-cgh","","1","69","1.45","8.39"
"https://movepark.co/ajuda","","1","9","11.11","5.78"
"https://movepark.co/blog/aeroporto-afonso-pena-5-melhores-opcoes-de-estacionamento-em-2024/","CWB","1","43","2.33","49.95"
"https://movepark.co/blog/como-pagar-mais-barato-no-estacionamento-do-aeroporto-viracopos-em-2024/","VCP","1","289","0.35","41.69"
"https://movepark.co/blog/estacionamento-aeroporto-guarulhos-seguranca-do-seu-veiculo-e-prioridade/","GRU","1","58","1.72","38.28"
"https://movepark.co/blog/estacionamento-mais-barato-no-aeroporto-de-confins/","CNF","1","262","0.38","7.57"
"https://movepark.co/blog/estacionamento-proximo-do-aeroporto-guarulhos-as-melhores-opcoes/","GRU","1","448","0.22","44.31"
"https://movepark.co/blog/garanta-desconto-no-estacionamento-do-aeroporto-viracopos-com-a-movepark/","VCP","1","23","4.35","6.13"
"https://movepark.co/blog/quanto-custa-um-estacionamento-do-aeroporto-afonso-pena/","CWB","1","30","3.33","24.03"
"https://movepark.co/blog/top-5-estacionamentos-baratos-aeroporto-campo-grande/","","1","24","4.17","8.21"
"https://movepark.co/blog/top-5-estacionamentos-baratos-aeroporto-porto-alegre","","1","2","50.00","1.00"
"https://movepark.co/destinos/aeroporto-de-confins","CNF","1","685","0.15","8.72"
"https://movepark.co/destinos/aeroporto-de-florianopolis-hercilio-luz","","1","61","1.64","9.84"
"https://movepark.co/destinos/aeroporto-de-viracopos","VCP","1","131","0.76","15.44"
"https://movepark.co/destinos/aeroporto-internacional-de-sao-paulo-guarulhos","GRU","1","664","0.15","59.91"
"https://movepark.co/destinos/aeroporto-salgado-filho","","1","81","1.23","26.69"
"https://movepark.co/destinos/jardim-paulista","","1","35","2.86","17.94"
"https://movepark.co/estacionamentos/aeroporto-brasilia/vagas-brb","","1","135","0.74","15.29"
"https://movepark.co/estacionamentos/aeroporto-campo-grande/titos","","1","11","9.09","11.27"
"https://movepark.co/estacionamentos/aeroporto-congonhas/arai-park","","1","124","0.81","5.31"
"https://movepark.co/estacionamentos/aeroporto-congonhas/multipark","","1","248","0.40","11.15"
"https://movepark.co/estacionamentos/aeroporto-cuiaba/estacione-aki","","1","30","3.33","3.97"
"https://movepark.co/estacionamentos/aeroporto-cuiaba/jr","","1","34","2.94","5.50"
"https://movepark.co/estacionamentos/aeroporto-de-brasilia/aero-park-park-way-aeroporto-brasilia","","1","11","9.09","8.09"
"https://movepark.co/estacionamentos/aeroporto-de-brasilia/estapar-aeroporto-brasilia","","1","339","0.29","10.80"
"https://movepark.co/estacionamentos/aeroporto-de-confins/estacionamento-patio-aeroporto-confins","CNF","1","34","2.94","7.79"
"https://movepark.co/estacionamentos/aeroporto-de-congonhas/congonhas-park-aeroporto-congonhas","","1","212","0.47","26.91"
"https://movepark.co/estacionamentos/aeroporto-de-fortaleza/confort-park-estacionamento-aeroporto-fortaleza","","1","64","1.56","7.14"
"https://movepark.co/estacionamentos/aeroporto-de-londrina/estapar-aeroporto-londrina","","1","116","0.86","8.67"
"https://movepark.co/estacionamentos/aeroporto-de-viracopos/aero-viracopos-aeroporto-viracopos","VCP","1","247","0.40","53.68"
"https://movepark.co/estacionamentos/aeroporto-de-viracopos/eco22-aeroporto-viracopos","VCP","1","10","10.00","29.90"
"https://movepark.co/estacionamentos/aeroporto-de-viracopos/km64-estacionamento-viracopos","VCP","1","71","1.41","9.11"
"https://movepark.co/estacionamentos/aeroporto-de-viracopos/yellow-parking-viracopos","VCP","1","301","0.33","7.37"
"https://movepark.co/estacionamentos/aeroporto-fortaleza/atacadao","","1","7","14.29","5.86"
"https://movepark.co/estacionamentos/aeroporto-fortaleza/confort-park","","1","112","0.89","8.66"
"https://movepark.co/estacionamentos/aeroporto-goiania/aero-parking","","1","112","0.89","12.15"
"https://movepark.co/estacionamentos/aeroporto-goiania/atalaia","","1","68","1.47","12.37"
"https://movepark.co/estacionamentos/aeroporto-goiania/dr-park","","1","148","0.68","6.96"
"https://movepark.co/estacionamentos/aeroporto-goiania/karlog-parking","","1","72","1.39","10.89"
"https://movepark.co/estacionamentos/aeroporto-goiania/mjr","","1","97","1.03","4.40"
"https://movepark.co/estacionamentos/aeroporto-guarulhos/gopark","GRU","1","791","0.13","9.57"
"https://movepark.co/estacionamentos/aeroporto-guarulhos/mais-barato","GRU","1","837","0.12","17.50"
"https://movepark.co/estacionamentos/aeroporto-guarulhos/park-222","GRU","1","979","0.10","8.29"
"https://movepark.co/estacionamentos/aeroporto-guarulhos/ponce-park","GRU","1","1815","0.06","8.31"
"https://movepark.co/estacionamentos/aeroporto-guarulhos/urban-park","GRU","1","2375","0.04","9.03"
"https://movepark.co/estacionamentos/aeroporto-londrina/estacenter","","1","132","0.76","7.71"
"https://movepark.co/estacionamentos/aeroporto-londrina/royal-park","","1","107","0.93","10.95"
"https://movepark.co/estacionamentos/aeroporto-maceio/estapar","","1","201","0.50","8.79"
"https://movepark.co/estacionamentos/aeroporto-porto-alegre","","1","66","1.52","18.94"
"https://movepark.co/estacionamentos/aeroporto-porto-alegre/industrias-park","","1","130","0.77","13.18"
"https://movepark.co/estacionamentos/aeroporto-recife/auto-park","","1","30","3.33","7.07"
"https://movepark.co/estacionamentos/aeroporto-recife/carcara","","1","10","10.00","26.60"
"https://movepark.co/estacionamentos/aeroporto-recife/estapar","","1","267","0.37","13.94"
"https://movepark.co/estacionamentos/aeroporto-salvador/executive-park","","1","49","2.04","7.45"
"https://movepark.co/estacionamentos/aeroporto-santos-dumont/bhpark","","1","66","1.52","6.62"
"https://movepark.co/estacionamentos/aeroporto-teresina/forno-brasa","","1","12","8.33","7.33"
"https://movepark.co/estacionamentos/aeroporto-teresina/smartpark","","1","29","3.45","8.79"
"https://movepark.co/estacionamentos/aeroporto-viracopos/br-parking","VCP","1","700","0.14","7.14"
"https://movepark.co/estacionamentos/aeroporto-viracopos/br-parking/","VCP","1","262","0.38","9.28"
"https://movepark.co/estacionamentos/aeroporto-viracopos/estapar-oficial","VCP","1","717","0.14","31.50"
"https://movepark.co/estacionamentos/aeroporto-vitoria/athena-park","","1","28","3.57","6.68"
"https://movepark.co/estacionamentos/aeroporto-vitoria/estapar","","1","65","1.54","12.22"
"https://movepark.co/estacionamentos/centro-de-nova-iguacu/keep-car","","1","34","2.94","5.74"
"https://movepark.co/estacionamentos/centro-de-sao-paulo/albuquerque","","1","24","4.17","4.42"
"https://movepark.co/estacionamentos/jardim-paulista/brasilpark-pamplona","","1","105","0.95","9.43"
"https://movepark.co/estacionamentos/jardim-paulista/garageinn-paulista-star","","1","22","4.55","9.14"
"https://movepark.co/estacionamentos/rodoviaria-tiete/bandeira-park-santana","","1","937","0.11","8.14"
"https://movepark.co/estacionamentos/rodoviaria-tiete/metro-tiete","","1","364","0.27","20.72"
"https://movepark.co/faq","","1","108","0.93","7.06"
"https://movepark.co/faq/as-vagas-no-aeroporto-de-brasilia-sao-cobertas-ou-descobertas","","1","41","2.44","20.10"
"https://movepark.co/faq/as-vagas-no-aeroporto-de-cuiaba-sao-cobertas-ou-descobertas","","1","11","9.09","5.18"
"https://movepark.co/faq/as-vagas-no-aeroporto-de-navegantes-sao-cobertas-ou-descobertas","","1","4","25.00","5.25"
"https://movepark.co/faq/compensa-deixar-o-carro-mais-dias-no-aeroporto-congonhas/","","1","1","100.00","1.00"
"https://movepark.co/faq/e-se-meu-voo-atrasar-ou-eu-voltar-antes-do-previsto-galeao-gig","","1","18","5.56","6.94"
"https://movepark.co/faq/existe-limite-de-altura-gabarito-para-suvs-vans-ou-furgoes-joao-pessoa-jpa","","1","14","7.14","3.64"
"https://movepark.co/faq/o-estacionamento-no-aeroporto-de-londrina-oferece-traslado-ate-o-terminal","","1","51","1.96","7.31"
"https://movepark.co/faq/o-estacionamento-no-galeao-oferece-traslado-ate-o-terminal","","1","4","25.00","2.75"
"https://movepark.co/faq/o-pix-expira-em-quanto-tempo","","1","25","4.00","4.20"
"https://movepark.co/faq/os-estacionamentos-do-santos-dumont-sao-seguros-tem-monitoramento","","1","34","2.94","9.71"
"https://movepark.co/faq/os-estacionamentos-perto-do-aeroporto-de-confins-sao-seguros-tem-monitoramento","CNF","1","44","2.27","8.93"
"https://movepark.co/faq/quais-formas-de-pagamento-aceitam","","1","15","6.67","5.27"
"https://movepark.co/faq/qual-o-estacionamento-mais-barato-perto-do-aeroporto-de-brasilia","","1","9","11.11","6.11"
"https://movepark.co/faq/qual-o-estacionamento-mais-barato-perto-do-aeroporto-de-londrina","","1","90","1.11","9.74"
"https://movepark.co/faq/quanto-custa-estacionar-no-aeroporto-de-congonhas","","1","48","2.08","9.38"
"https://movepark.co/faq/quanto-custa-estacionar-no-aeroporto-de-florianopolis","","1","85","1.18","7.35"
"https://movepark.co/faq/quanto-custa-estacionar-no-aeroporto-do-galeao","","1","12","8.33","5.33"
"https://movepark.co/faq/tem-valet-ou-e-self-park-voce-mesmo-estaciona-florianopolis-fln","","1","10","10.00","6.80"
"https://movepark.co/faq/vale-mais-a-pena-o-estacionamento-oficial-de-congonhas-ou-um-particular","","1","181","0.55","14.91"
"https://movepark.co/login","","1","9","11.11","12.78"
"https://movepark.co/p/abbapark/aeroporto-afonso-pena/covered","CWB","1","62","1.61","19.84"
"https://movepark.co/p/aeropark/aeroporto-guarulhos/covered","GRU","1","217","0.46","17.84"
"https://movepark.co/p/aerovalet/aeroporto-congonhas/covered","","1","21","4.76","6.81"
"https://movepark.co/p/aerovalet/aeroporto-guarulhos/uncovered","GRU","1","27","3.70","9.93"
"https://movepark.co/p/aerovalet/aeroporto-guarulhos/valet","GRU","1","141","0.71","8.39"
"https://movepark.co/p/plenty/aeroporto-congonhas/covered","","1","65","1.54","11.49"
"https://movepark.co/p/virapark/virapark/covered","","1","321","0.31","23.86"
"https://movepark.co/sobre","","1","36","2.78","6.92"
"https://movepark.co/termos","","1","4","25.00","4.00"
"https://abbapark.movepark.co/aeroporto-afonso-pena/vaga-coberta?utm_source=abbapark&utm_medium=organic&utm_campaign=afiliado-movepark","CWB","0","1","0.00","1.00"
"https://aeropark.movepark.co/aeroporto-guarulhos/vaga-coberta","GRU","0","41","0.00","27.10"
"https://aeropark.movepark.co/aeroporto-guarulhos/vaga-coberta?utm_source=movepark&utm_medium=organic&utm_campaign=afiliado-movepark&startDateTime=2026-08-21T00%3A00%3A00.000Z&endDateTime=2026-08-23T00%3A00%3A00.000Z","GRU","0","1","0.00","8.00"
"https://aeropark.movepark.co/aeroporto-guarulhos/vaga-coberta?utm_source=movepark&utm_medium=organic&utm_campaign=afiliado-movepark&startDateTime=2026-08-30T19%3A00%3A00.000Z&endDateTime=2026-09-01T19%3A00%3A00.000Z","GRU","0","17","0.00","84.88"
"https://aeropark.movepark.co/login","","0","36","0.00","11.61"
"https://aerovalet.movepark.co/[category]/[product]/vehicle","","0","1","0.00","76.00"
"https://aerovalet.movepark.co/aeroporto-congonhas/vaga-coberta-cgh?utm_source=movepark&utm_medium=organic&utm_campaign=afiliado-movepark&startDateTime=2026-08-25T00%3A00%3A00.000Z&endDateTime=2026-08-26T00%3A00%3A00.000Z","","0","1","0.00","10.00"
"https://aerovalet.movepark.co/aeroporto-guarulhos/vaga-coberta-gru","GRU","0","93","0.00","10.53"
"https://aerovalet.movepark.co/aeroporto-guarulhos/vaga-coberta-gru?utm_source=movepark&utm_medium=organic&utm_campaign=afiliado-movepark&startDateTime=2026-08-22T00%3A00%3A00.000Z&endDateTime=2026-08-23T00%3A00%3A00.000Z","GRU","0","10","0.00","7.70"
"https://aerovalet.movepark.co/aeroporto-guarulhos/vaga-coberta-gru?utm_source=movepark&utm_medium=organic&utm_campaign=afiliado-movepark&startDateTime=2026-08-25T00%3A00%3A00.000Z&endDateTime=2026-08-26T00%3A00%3A00.000Z","GRU","0","2","0.00","9.00"
"https://aerovalet.movepark.co/aeroporto-guarulhos/vaga-descoberta-gru","GRU","0","50","0.00","10.98"
"https://aerovalet.movepark.co/aeroporto-guarulhos/valet-gru?utm_source=movepark&utm_medium=organic&utm_campaign=afiliado-movepark&startDateTime=2026-08-22T00%3A00%3A00.000Z&endDateTime=2026-08-24T00%3A00%3A00.000Z","GRU","0","3","0.00","37.33"
"https://aerovalet.movepark.co/aeroporto-guarulhos/valet-gru?utm_source=movepark&utm_medium=organic&utm_campaign=afiliado-movepark&startDateTime=2026-08-25T00%3A00%3A00.000Z&endDateTime=2026-08-27T00%3A00%3A00.000Z","GRU","0","11","0.00","14.00"
"https://aerovalet.movepark.co/pt-br/terminal-rodoviario-tiete/vaga-coberta-tiete/vehicle","","0","22","0.00","6.05"
"https://aerovalet.movepark.co/terminal-rodoviario-tiete/vaga-coberta-tiete","","0","1","0.00","10.00"
"https://aerovalet.movepark.co/terminal-rodoviario-tiete/vaga-coberta-tiete?utm_source=movepark&utm_medium=organic&utm_campaign=afiliado-movepark&startDateTime=2026-08-23T00%3A00%3A00.000Z&endDateTime=2026-08-24T00%3A00%3A00.000Z","","0","1","0.00","1.00"
"https://aerovalet.movepark.co/terminal-rodoviario-tiete/vaga-coberta-tiete?utm_source=movepark&utm_medium=organic&utm_campaign=afiliado-movepark&startDateTime=2026-08-28T19%3A00%3A00.000Z&endDateTime=2026-08-30T19%3A00%3A00.000Z","","0","2","0.00","8.50"
"https://airpark.movepark.co/","","0","105","0.00","37.56"
"https://airpark.movepark.co/login","","0","14","0.00","10.86"
"https://api.movepark.co/","","0","1","0.00","2.00"
"https://chatbuilder.movepark.co/","","0","4","0.00","3.50"
"https://garageinn.movepark.co/aeroporto-viracopos/vaga-avulsa?utm_source=movepark&utm_medium=organic&utm_campaign=afiliado-movepark&startDateTime=2026-08-25T00%3A00%3A00.000Z&endDateTime=2026-08-26T00%3A00%3A00.000Z","VCP","0","4","0.00","68.75"
"https://garageinn.movepark.co/login","","0","12","0.00","6.92"
"https://movepark.co/blog/","","0","9","0.00","15.33"
"https://movepark.co/blog/5-dicas-para-transformar-sua-escala-no-aeroporto-guarulhos-em-uma-aventura-inesquecivel/","GRU","0","1","0.00","89.00"
"https://movepark.co/blog/5-maneiras-inteligentes-de-economizar-no-aeroporto-afonso-pena/","CWB","0","25","0.00","10.44"
"https://movepark.co/blog/5-vantagens-de-estacionar-no-aeroporto-de-curitiba/","CWB","0","4","0.00","9.25"
"https://movepark.co/blog/aeropark-descubra-se-o-estacionamento-aeroporto-gru-oferece-vagas-cobertas/","GRU","0","55","0.00","45.13"
"https://movepark.co/blog/aeroporto-afonso-pena-5-melhores-opcoes-de-estacionamento-em-2024/#secao-1-desafios-de-viajar-pelo-aeroporto-afonso-pena","CWB","0","2","0.00","7.00"
"https://movepark.co/blog/aeroporto-afonso-pena-5-melhores-opcoes-de-estacionamento-em-2024/#secao-2-as-opcoes-de-estacionamento-no-aeroporto-afonso-pena-lado-a-","CWB","0","2","0.00","7.00"
"https://movepark.co/blog/aeroporto-afonso-pena-5-melhores-opcoes-de-estacionamento-em-2024/#secao-3-o-que-olhar-antes-de-escolher-em-curitiba","CWB","0","1","0.00","7.00"
"https://movepark.co/blog/aeroporto-afonso-pena-confira-o-guia-completo-para-sua-viagem/","CWB","0","371","0.00","17.59"
"https://movepark.co/blog/aeroporto-de-congonhas-informacoes-completas/","","0","57","0.00","34.39"
"https://movepark.co/blog/aeroporto-do-recife-passageiros-voos-e-importancia-para-o-nordeste/","","0","36","0.00","7.19"
"https://movepark.co/blog/as-melhores-estrategias-para-economizar-no-estacionamento-do-aeroporto-de-guarulhos/","GRU","0","1","0.00","98.00"
"https://movepark.co/blog/case-de-sucesso-aeroparking-movepark/","","0","44","0.00","8.73"
"https://movepark.co/blog/como-estacionar-barato-no-aeroporto-de-guarulhos/","GRU","0","273","0.00","53.64"
"https://movepark.co/blog/como-evitar-problemas-no-estacionamento-do-aeroporto-guarulhos/","GRU","0","7","0.00","15.43"
"https://movepark.co/blog/como-pagar-mais-barato-no-estacionamento-do-aeroporto-viracopos-em-2024/#secao-1-qual-o-estacionamento-mais-barato-em-viracopos-em-agosto-de-","VCP","0","5","0.00","6.80"
"https://movepark.co/blog/como-pagar-mais-barato-no-estacionamento-do-aeroporto-viracopos-em-2024/#secao-2-qual-o-estacionamento-barato-perto-de-viracopos-para-cada-vi","VCP","0","1","0.00","11.00"
"https://movepark.co/blog/como-pagar-mais-barato-no-estacionamento-do-aeroporto-viracopos-em-2024/#secao-3-quanto-custa-uma-semana-no-estacionamento-do-aeroporto-virac","VCP","0","2","0.00","8.00"
"https://movepark.co/blog/como-pagar-mais-barato-no-estacionamento-do-aeroporto-viracopos-em-2024/#secao-3-reservar-online-e-a-maior-economia-no-estacionamento-do-aero","VCP","0","1","0.00","3.00"
"https://movepark.co/blog/como-pagar-mais-barato-no-estacionamento-do-aeroporto-viracopos-em-2024/#secao-4-como-pagar-mais-barato-no-estacionamento-do-aeroporto-viraco","VCP","0","2","0.00","9.00"
"https://movepark.co/blog/como-pagar-mais-barato-no-estacionamento-do-aeroporto-viracopos-em-2024/#secao-6-reserva-online-ou-balcao-quanto-muda-ao-pagar-mais-barato-em","VCP","0","1","0.00","11.00"
"https://movepark.co/blog/como-pagar-mais-barato-no-estacionamento-do-aeroporto-viracopos-em-2024/#secao-7-cupom-de-desconto-funciona-para-estacionamento-em-viracopos","VCP","0","3","0.00","7.33"
"https://movepark.co/blog/como-pagar-mais-barato-no-estacionamento-do-aeroporto-viracopos-em-2024/#secao-7-existe-cupom-de-desconto-no-estacionamento-do-aeroporto-vira","VCP","0","2","0.00","2.50"
"https://movepark.co/blog/como-pagar-mais-barato-no-estacionamento-do-aeroporto-viracopos-em-2024/#secao-8-o-preco-anunciado-e-o-preco-que-voce-paga","VCP","0","1","0.00","2.00"
"https://movepark.co/blog/como-pagar-mais-barato-no-estacionamento-do-aeroporto-viracopos-em-2024/#secao-9-estacionar-em-viracopos-ou-ir-de-aplicativo-o-que-sai-mais-b","VCP","0","1","0.00","11.00"
"https://movepark.co/blog/como-pagar-menos-no-estacionamento-do-aeroporto-campinas/","VCP","0","2","0.00","11.00"
"https://movepark.co/blog/como-reservar-um-estacionamento-com-pagamento-antecipado/","","0","9","0.00","9.00"
"https://movepark.co/blog/como-reservar-vaga-no-estacionamento-do-aeroporto-de-viracopos/","VCP","0","140","0.00","69.63"
"https://movepark.co/blog/conheca-o-estacionamento-mais-proximo-do-aeroporto-afonso-pena-em-2024/","CWB","0","86","0.00","38.24"
"https://movepark.co/blog/conheca-o-estacionamento-mais-proximo-do-aeroporto-afonso-pena-em-2024/#secao-1-desafios-de-viajar-pelo-aeroporto-afonso-pena","CWB","0","1","0.00","11.00"
"https://movepark.co/blog/conheca-o-estacionamento-mais-proximo-do-aeroporto-afonso-pena-em-2024/#secao-2-opcoes-de-destaque-de-estacionamento-proximo-ao-aeroporto-af","CWB","0","1","0.00","11.00"
"https://movepark.co/blog/conheca-o-estacionamento-mais-proximo-do-aeroporto-guarulhos-em-2024-2/","GRU","0","260","0.00","48.17"
"https://movepark.co/blog/conheca-os-5-principais-estacionamentos-no-aeroporto-de-guarulhos-em-2023/","GRU","0","444","0.00","64.16"
"https://movepark.co/blog/deixar-o-carro-no-aeroporto-de-congonhas-sem-erro-","","0","1","0.00","1.00"
"https://movepark.co/blog/deixar-o-carro-no-aeroporto-de-congonhas/","","0","116","0.00","12.99"
"https://movepark.co/blog/descubra-o-melhor-parque-low-cost-junto-ao-aeroporto-de-lisboa/","","0","335","0.00","32.07"
"https://movepark.co/blog/dicas-de-viagem-encontre-o-estacionamento-perfeito-perto-do-aeroporto-de-guarulhos-com-o-movepark/","GRU","0","193","0.00","17.40"
"https://movepark.co/blog/estacionamento-aeroporto-curitiba-cwb-a-solucao-economica-e-segura-com-a-move-park/","CWB","0","86","0.00","36.16"
"https://movepark.co/blog/estacionamento-aeroporto-guarulhos-gru-economia-recorde-seguranca-e-translado-gratuito-com-a-move-park/","GRU","0","95","0.00","25.44"
"https://movepark.co/blog/estacionamento-aeroporto-viracopos-como-reservar-antecipadamente-e-garantir-sua-vaga/","VCP","0","232","0.00","40.92"
"https://movepark.co/blog/estacionamento-aeroporto-viracopos-vcp-guia-completo-com-patios/","VCP","0","1","0.00","1.00"
"https://movepark.co/blog/estacionamento-aeroporto-viracopos-vcp-guia-completo-com-precos-opcoes-e-a-melhor-escolha-economica/#secao-1-quais-sao-os-estacionamentos-do-aeroporto-de-viracopos","VCP","0","198","0.00","9.97"
"https://movepark.co/blog/estacionamento-aeroporto-viracopos-vcp-guia-completo-com-precos-opcoes-e-a-melhor-escolha-economica/#secao-1-quanto-custa-o-estacionamento-aeroporto-viracopos-em-2026","VCP","0","399","0.00","9.35"
"https://movepark.co/blog/estacionamento-aeroporto-viracopos-vcp-guia-completo-com-precos-opcoes-e-a-melhor-escolha-economica/#secao-2-qual-o-preco-de-cada-estacionamento-aeroporto-viracopos-e-do","VCP","0","108","0.00","8.89"
"https://movepark.co/blog/estacionamento-aeroporto-viracopos-vcp-guia-completo-com-precos-opcoes-e-a-melhor-escolha-economica/#secao-2-quanto-cobra-cada-estacionamento-de-viracopos","VCP","0","284","0.00","9.47"
"https://movepark.co/blog/estacionamento-aeroporto-viracopos-vcp-guia-completo-com-precos-opcoes-e-a-melhor-escolha-economica/#secao-2-quanto-cobra-o-estacionamento-oficial-de-viracopos","VCP","0","251","0.00","9.78"
"https://movepark.co/blog/estacionamento-aeroporto-viracopos-vcp-guia-completo-com-precos-opcoes-e-a-melhor-escolha-economica/#secao-3-quanto-cobra-o-estacionamento-oficial-de-viracopos","VCP","0","316","0.00","9.51"
"https://movepark.co/blog/estacionamento-aeroporto-viracopos-vcp-guia-completo-com-precos-opcoes-e-a-melhor-escolha-economica/#secao-3-quanto-custam-os-parceiros-da-movepark-em-viracopos","VCP","0","206","0.00","9.97"
"https://movepark.co/blog/estacionamento-aeroporto-viracopos-vcp-guia-completo-com-precos-opcoes-e-a-melhor-escolha-economica/#secao-4-quanto-custam-os-parceiros-da-movepark-em-viracopos","VCP","0","27","0.00","9.11"
"https://movepark.co/blog/estacionamento-aeroporto-viracopos-vcp-guia-completo-com-precos-opcoes-e-a-melhor-escolha-economica/#secao-4-reservar-online-ou-pagar-no-balcao-ao-estacionar-em-viracopo","VCP","0","318","0.00","10.46"
"https://movepark.co/blog/estacionamento-aeroporto-viracopos-vcp-guia-completo-com-precos-opcoes-e-a-melhor-escolha-economica/#secao-5-quanto-custa-estacionar-em-viracopos-por-7-15-e-30-dias","VCP","0","310","0.00","10.27"
"https://movepark.co/blog/estacionamento-aeroporto-viracopos-vcp-guia-completo-com-precos-opcoes-e-a-melhor-escolha-economica/#secao-5-reservar-online-ou-pagar-no-balcao-ao-estacionar-em-viracopo","VCP","0","66","0.00","9.18"
"https://movepark.co/blog/estacionamento-aeroporto-viracopos-vcp-guia-completo-com-precos-opcoes-e-a-melhor-escolha-economica/#secao-6-o-que-muda-o-preco-do-estacionamento-aeroporto-viracopos","VCP","0","275","0.00","9.65"
"https://movepark.co/blog/estacionamento-aeroporto-viracopos-vcp-guia-completo-com-precos-opcoes-e-a-melhor-escolha-economica/#secao-6-o-que-muda-o-preco-do-estacionamento-em-viracopos","VCP","0","288","0.00","9.58"
"https://movepark.co/blog/estacionamento-aeroporto-viracopos-vcp-guia-completo-com-precos-opcoes-e-a-melhor-escolha-economica/#secao-6-quanto-custa-estacionar-em-viracopos-por-7-15-e-30-dias","VCP","0","52","0.00","9.06"
"https://movepark.co/blog/estacionamento-aeroporto-viracopos-vcp-guia-completo-com-precos-opcoes-e-a-melhor-escolha-economica/#secao-7-como-funciona-o-traslado-do-estacionamento-aeroporto-viracop","VCP","0","182","0.00","10.38"
"https://movepark.co/blog/estacionamento-aeroporto-viracopos-vcp-guia-completo-com-precos-opcoes-e-a-melhor-escolha-economica/#secao-7-como-funciona-o-traslado-do-estacionamento-de-viracopos-ate-","VCP","0","147","0.00","10.48"
"https://movepark.co/blog/estacionamento-aeroporto-viracopos-vcp-guia-completo-com-precos-opcoes-e-a-melhor-escolha-economica/#secao-7-o-que-muda-o-preco-do-estacionamento-aeroporto-viracopos","VCP","0","107","0.00","8.93"
"https://movepark.co/blog/estacionamento-aeroporto-viracopos-vcp-guia-completo-com-precos-opcoes-e-a-melhor-escolha-economica/#secao-8-como-funciona-o-traslado-do-estacionamento-aeroporto-viracop","VCP","0","76","0.00","9.11"
"https://movepark.co/blog/estacionamento-aeroporto-viracopos-vcp-guia-completo-com-precos-opcoes-e-a-melhor-escolha-economica/#secao-8-estacionar-em-viracopos-ou-ir-de-aplicativo","VCP","0","53","0.00","10.68"
"https://movepark.co/blog/estacionamento-aeroporto-viracopos-vcp-guia-completo-com-precos-opcoes-e-a-melhor-escolha-economica/#secao-9-estacionar-em-viracopos-ou-ir-de-aplicativo","VCP","0","34","0.00","8.94"
"https://movepark.co/blog/estacionamento-aeroporto-viracopos-vcp-guia-completo-com-precos-opcoes-e-a-melhor-escolha-economica/#secao-9-qual-estacionamento-vcp-combina-com-cada-perfil-de-viagem","VCP","0","77","0.00","10.00"
"https://movepark.co/blog/estacionamento-barato-aeroporto-curitiba/","CWB","0","100","0.00","25.43"
"https://movepark.co/blog/estacionamento-coberto-em-viracopos/","VCP","0","261","0.00","9.16"
"https://movepark.co/blog/estacionamento-de-longa-permanencia-em-viracopos/","VCP","0","37","0.00","7.92"
"https://movepark.co/blog/estacionamento-dentro-do-aeroporto-confins/","CNF","0","1","0.00","1.00"
"https://movepark.co/blog/estacionamento-gru-airport-guia-completo-para-parar-seu-carro-com-tranquilidade/","GRU","0","756","0.00","46.00"
"https://movepark.co/blog/estacionamento-perto-do-aeroporto-de-guarulhos-reserve-online/","GRU","0","579","0.00","90.31"
"https://movepark.co/blog/estacionamento-vcp-onde-deixar-o-carro-em-viracopos-sem-dor-de-cabeca/#secao-2-2-tipos-de-estacionamento-vcp","VCP","0","2","0.00","10.50"
"https://movepark.co/blog/estacionamento-vcp-onde-deixar-o-carro-em-viracopos-sem-dor-de-cabeca/#secao-4-4-virapark-parceiro-da-movepark-e-queridinho-dos-viajantes","VCP","0","2","0.00","10.50"
"https://movepark.co/blog/facilidade-e-conforto-estacionamento-aeroporto-curitiba-cwb/","CWB","0","3","0.00","11.33"
"https://movepark.co/blog/guia-atualizado-5-melhores-opcoes-de-estacionamento-no-aeroporto-guarulhos-em-2024/","GRU","0","307","0.00","73.32"
"https://movepark.co/blog/guia-atualizado-5-melhores-opcoes-de-estacionamento-no-aeroporto-guarulhos-em-2024/#secao-1-dicas-para-escolher-o-estacionamento-ideal","GRU","0","3","0.00","10.67"
"https://movepark.co/blog/guia-atualizado-5-melhores-opcoes-de-estacionamento-no-aeroporto-guarulhos-em-2024/#secao-2-as-opcoes-de-estacionamento-no-aeroporto-guarulhos-lado-a-la","GRU","0","3","0.00","10.67"
"https://movepark.co/blog/guia-atualizado-5-melhores-opcoes-de-estacionamento-no-aeroporto-guarulhos-em-2024/#secao-3-o-que-olhar-antes-de-escolher","GRU","0","1","0.00","12.00"
"https://movepark.co/blog/guia-atualizado-5-melhores-opcoes-de-estacionamento-no-aeroporto-guarulhos-em-2024/#secao-4-como-esta-comparacao-foi-apurada","GRU","0","1","0.00","12.00"
"https://movepark.co/blog/guia-completo-descubra-o-melhor-do-aeroporto-viracopos/","VCP","0","39","0.00","9.54"
"https://movepark.co/blog/guia-completo-dos-estacionamentos-proximos-ao-aeoroporto-de-confins/#secao-1-qual-o-estacionamento-mais-proximo-do-aeroporto-de-confins","CNF","0","30","0.00","9.67"
"https://movepark.co/blog/guia-completo-dos-estacionamentos-proximos-ao-aeoroporto-de-confins/#secao-1-quanto-custa-o-estacionamento-no-aeroporto-de-confins","CNF","0","4","0.00","7.50"
"https://movepark.co/blog/guia-completo-dos-estacionamentos-proximos-ao-aeoroporto-de-confins/#secao-10-vale-a-pena-ficar-mais-longe-do-aeroporto-de-confins","CNF","0","27","0.00","9.78"
"https://movepark.co/blog/guia-completo-dos-estacionamentos-proximos-ao-aeoroporto-de-confins/#secao-2-como-a-distancia-de-cada-estacionamento-perto-do-aeroporto-d","CNF","0","28","0.00","9.61"
"https://movepark.co/blog/guia-completo-dos-estacionamentos-proximos-ao-aeoroporto-de-confins/#secao-2-vale-a-pena-o-estacionamento-oficial-do-aeroporto","CNF","0","1","0.00","9.00"
"https://movepark.co/blog/guia-completo-dos-estacionamentos-proximos-ao-aeoroporto-de-confins/#secao-3-por-que-260-metros-nao-decidem-a-escolha-em-confins","CNF","0","26","0.00","10.00"
"https://movepark.co/blog/guia-completo-dos-estacionamentos-proximos-ao-aeoroporto-de-confins/#secao-3-quais-sao-os-principais-estacionamentos-do-aeroporto-de-conf","CNF","0","4","0.00","7.50"
"https://movepark.co/blog/guia-completo-dos-estacionamentos-proximos-ao-aeoroporto-de-confins/#secao-4-em-que-bairro-fica-cada-estacionamento-perto-do-aeroporto-de","CNF","0","27","0.00","9.78"
"https://movepark.co/blog/guia-completo-dos-estacionamentos-proximos-ao-aeoroporto-de-confins/#secao-4-qual-estacionamento-do-aeroporto-de-confins-e-o-mais-barato","CNF","0","4","0.00","7.50"
"https://movepark.co/blog/guia-completo-dos-estacionamentos-proximos-ao-aeoroporto-de-confins/#secao-5-como-reservar-estacionamento-no-aeroporto-de-confins-online","CNF","0","1","0.00","9.00"
"https://movepark.co/blog/guia-completo-dos-estacionamentos-proximos-ao-aeoroporto-de-confins/#secao-5-quantos-estacionamentos-existem-perto-do-aeroporto-de-confin","CNF","0","1","0.00","4.00"
"https://movepark.co/blog/guia-completo-dos-estacionamentos-proximos-ao-aeoroporto-de-confins/#secao-6-estacionamento-no-aeroporto-de-confins-e-seguro","CNF","0","1","0.00","9.00"
"https://movepark.co/blog/guia-completo-dos-estacionamentos-proximos-ao-aeoroporto-de-confins/#secao-6-onde-deixar-o-carro-no-aeroporto-de-confins-dentro-ou-fora","CNF","0","27","0.00","9.78"
"https://movepark.co/blog/guia-completo-dos-estacionamentos-proximos-ao-aeoroporto-de-confins/#secao-7-vaga-coberta-ou-descoberta-qual-escolher-ao-estacionar-em-co","CNF","0","1","0.00","9.00"
"https://movepark.co/blog/guia-completo-dos-estacionamentos-proximos-ao-aeoroporto-de-confins/#secao-9-qual-estacionamento-perto-do-aeroporto-de-confins-tem-preco-","CNF","0","29","0.00","9.83"
"https://movepark.co/blog/guia-completo-dos-estacionamentos-proximos-ao-aeroporto-de-lisboa-precos-e-opcoes/","","0","205","0.00","41.80"
"https://movepark.co/blog/guia-completo-estacionamento-aeroporto-viracopos-2026-precos-seguranca-e-economia/","VCP","0","34","0.00","8.09"
"https://movepark.co/blog/guia-completo-sobre-o-aeroporto-de-guarulhos/","GRU","0","109","0.00","28.15"
"https://movepark.co/blog/guia-completo-tudo-o-que-voce-deveria-saber-sobre-o-aeroporto-de-lisboa/","","0","266","0.00","14.25"
"https://movepark.co/blog/melhores-precos-de-estacionamento-no-aeroporto-de-navegantes/","","0","20","0.00","6.40"
"https://movepark.co/blog/onde-deixar-meu-carro-em-aeroporto-guarulhos/","GRU","0","18","0.00","44.06"
"https://movepark.co/blog/onde-deixar-o-carro-estacionado-em-viracopos/#secao-1-onde-deixar-o-carro-em-viracopos-o-mapa-das-opcoes","VCP","0","28","0.00","10.64"
"https://movepark.co/blog/onde-deixar-o-carro-estacionado-em-viracopos/#secao-1-qual-estacionamento-perto-do-aeroporto-de-viracopos-fica-mai","VCP","0","10","0.00","7.90"
"https://movepark.co/blog/onde-deixar-o-carro-estacionado-em-viracopos/#secao-10-onde-deixar-o-carro-para-voo-de-madrugada-em-viracopos","VCP","0","23","0.00","10.87"
"https://movepark.co/blog/onde-deixar-o-carro-estacionado-em-viracopos/#secao-11-quanto-tempo-reservar-para-cada-opcao-no-dia-do-voo","VCP","0","1","0.00","10.00"
"https://movepark.co/blog/onde-deixar-o-carro-estacionado-em-viracopos/#secao-2-distancia-nao-e-tempo-no-estacionamento-perto-do-aeroporto-d","VCP","0","12","0.00","7.42"
"https://movepark.co/blog/onde-deixar-o-carro-estacionado-em-viracopos/#secao-2-tem-estacionamento-dentro-do-aeroporto-de-viracopos","VCP","0","46","0.00","10.00"
"https://movepark.co/blog/onde-deixar-o-carro-estacionado-em-viracopos/#secao-3-qual-o-estacionamento-mais-proximo-de-viracopos-fora-do-ofic","VCP","0","39","0.00","10.21"
"https://movepark.co/blog/onde-deixar-o-carro-estacionado-em-viracopos/#secao-4-quanto-custa-o-estacionamento-perto-do-aeroporto-de-viracopo","VCP","0","13","0.00","7.31"
"https://movepark.co/blog/onde-deixar-o-carro-estacionado-em-viracopos/#secao-4-vale-a-pena-deixar-o-carro-mais-longe-para-pagar-menos","VCP","0","1","0.00","9.00"
"https://movepark.co/blog/onde-deixar-o-carro-estacionado-em-viracopos/#secao-5-da-para-ir-a-pe-do-estacionamento-ate-o-terminal-de-viracopo","VCP","0","7","0.00","8.86"
"https://movepark.co/blog/onde-deixar-o-carro-estacionado-em-viracopos/#secao-5-e-os-outros-estacionamentos-perto-de-viracopos","VCP","0","23","0.00","10.87"
"https://movepark.co/blog/onde-deixar-o-carro-estacionado-em-viracopos/#secao-6-como-funciona-o-traslado-ate-o-terminal-de-viracopos","VCP","0","23","0.00","10.70"
"https://movepark.co/blog/onde-deixar-o-carro-estacionado-em-viracopos/#secao-6-como-funciona-o-traslado-do-estacionamento-perto-do-aeroport","VCP","0","8","0.00","8.50"
"https://movepark.co/blog/onde-deixar-o-carro-estacionado-em-viracopos/#secao-7-o-que-olhar-alem-da-distancia-antes-de-deixar-o-carro","VCP","0","2","0.00","10.00"
"https://movepark.co/blog/onde-deixar-o-carro-estacionado-em-viracopos/#secao-8-o-que-cada-estacionamento-perto-do-aeroporto-de-viracopos-de","VCP","0","10","0.00","7.80"
"https://movepark.co/blog/onde-deixar-o-carro-estacionado-em-viracopos/#secao-9-e-o-estacionamento-oficial-dentro-do-aeroporto-de-viracopos","VCP","0","7","0.00","8.86"
"https://movepark.co/blog/onde-deixar-o-carro-estacionado-em-viracopos/#secao-9-passo-a-passo-para-deixar-o-carro-em-viracopos-pela-primeira","VCP","0","21","0.00","10.90"
"https://movepark.co/blog/onde-estacionar-meu-carro-em-aeroporto-viracopos-em-2024/","VCP","0","86","0.00","90.06"
"https://movepark.co/blog/onde-estacionar-o-carro-no-aeroporto-de-guarulhos/","GRU","0","298","0.00","37.54"
"https://movepark.co/blog/onde-estacionar-proximo-ao-aeroporto-de-lisboa-guia-completo-para-viajantes/","","0","976","0.00","35.28"
"https://movepark.co/blog/onde-estacionar-proximo-ao-aeroporto-de-viracopos/","VCP","0","63","0.00","50.44"
"https://movepark.co/blog/os-beneficios-de-ir-de-carro-para-o-aeroporto-de-guarulhos-em-2024/","GRU","0","27","0.00","87.48"
"https://movepark.co/blog/por-que-o-virapark-se-destaca-como-melhor-estacionamento-do-aeroporto-campinas/","VCP","0","40","0.00","22.40"
"https://movepark.co/blog/por-que-o-virapark-se-destaca-como-melhor-estacionamento-do-aeroporto-campinas/#secao-1-virapark-o-melhor-estacionamento-do-aeroporto-campinas","VCP","0","3","0.00","10.00"
"https://movepark.co/blog/por-que-o-virapark-se-destaca-como-melhor-estacionamento-do-aeroporto-campinas/#secao-3-como-voce-identifica-a-melhor-opcao-de-estacionamento-no-aer","VCP","0","3","0.00","10.00"
"https://movepark.co/blog/por-que-o-virapark-se-destaca-como-melhor-estacionamento-do-aeroporto-campinas/#secao-4-secao-de-perguntas-frequentes-faq","VCP","0","3","0.00","10.00"
"https://movepark.co/blog/preco-do-estacionamento-no-confins-tabela-2026/","CNF","0","1","0.00","1.00"
"https://movepark.co/blog/preco-do-estacionamento-no-confins/","CNF","0","1","0.00","1.00"
"https://movepark.co/blog/preco-estacionamento-aeroporto-aeroporto-afonso-pena-curitiba-saiba-tudo-aqui/","CWB","0","1","0.00","1.00"
"https://movepark.co/blog/preco-estacionamento-aeroporto-afonso-pena-curitiba-saiba-tudo-aqui/#secao-1-o-preco-do-estacionamento-no-aeroporto-afonso-pena-hoje","CWB","0","709","0.00","9.05"
"https://movepark.co/blog/preco-estacionamento-aeroporto-afonso-pena-curitiba-saiba-tudo-aqui/#secao-2-o-preco-por-dia-do-estacionamento-no-aeroporto-afonso-pena-e","CWB","0","580","0.00","9.29"
"https://movepark.co/blog/preco-estacionamento-aeroporto-afonso-pena-curitiba-saiba-tudo-aqui/#secao-3-o-piso-de-tres-diarias-no-estacionamento-do-aeroporto-afonso","CWB","0","567","0.00","9.31"
"https://movepark.co/blog/preco-estacionamento-aeroporto-afonso-pena-curitiba-saiba-tudo-aqui/#secao-4-quanto-a-tabela-de-balcao-do-estacionamento-em-curitiba-cust","CWB","0","348","0.00","10.20"
"https://movepark.co/blog/preco-estacionamento-aeroporto-afonso-pena-curitiba-saiba-tudo-aqui/#secao-5-quanto-se-economiza-contra-o-estacionamento-oficial-do-afons","CWB","0","459","0.00","9.45"
"https://movepark.co/blog/preco-estacionamento-aeroporto-afonso-pena-curitiba-saiba-tudo-aqui/#secao-6-os-dois-patios-de-estacionamento-em-curitiba-lado-a-lado","CWB","0","338","0.00","10.20"
"https://movepark.co/blog/preco-estacionamento-aeroporto-afonso-pena-curitiba-saiba-tudo-aqui/#secao-7-por-que-a-escolha-em-curitiba-e-preco-contra-distancia","CWB","0","323","0.00","10.27"
"https://movepark.co/blog/preco-estacionamento-aeroporto-afonso-pena-curitiba-saiba-tudo-aqui/#secao-8-vaga-descoberta-coberta-ou-premium-quanto-cada-uma-custa","CWB","0","1","0.00","10.00"
"https://movepark.co/blog/preco-estacionamento-aeroporto-guarulhos-saiba-tudo-aqui/#secao-1-qual-e-o-preco-do-estacionamento-no-aeroporto-de-guarulhos-h","GRU","0","145","0.00","9.41"
"https://movepark.co/blog/preco-estacionamento-aeroporto-guarulhos-saiba-tudo-aqui/#secao-2-quanto-sai-o-dia-de-estacionamento-em-guarulhos-em-cada-faix","GRU","0","138","0.00","9.40"
"https://movepark.co/blog/preco-estacionamento-aeroporto-guarulhos-saiba-tudo-aqui/#secao-3-por-que-a-diaria-de-estacionamento-em-guarulhos-cai-quando-a","GRU","0","106","0.00","9.26"
"https://movepark.co/blog/preco-estacionamento-aeroporto-guarulhos-saiba-tudo-aqui/#secao-4-quanto-a-tabela-de-balcao-custa-a-mais","GRU","0","17","0.00","11.06"
"https://movepark.co/blog/preco-estacionamento-aeroporto-guarulhos-saiba-tudo-aqui/#secao-6-quanto-se-economiza-contra-o-estacionamento-oficial-do-gru-a","GRU","0","52","0.00","10.15"
"https://movepark.co/blog/preco-estacionamento-aeroporto-guarulhos-saiba-tudo-aqui/#secao-8-vaga-descoberta-coberta-ou-valet-quanto-cada-uma-custa","GRU","0","17","0.00","11.06"
"https://movepark.co/blog/preco-estacionamento-aeroporto-guarulhos-saiba-tudo-aqui/#secao-9-a-permanencia-minima-muda-a-conta-de-quem-estaciona-em-guaru","GRU","0","28","0.00","10.68"
"https://movepark.co/blog/preco-estacionamento-congonhas","","0","1","0.00","1.00"
"https://movepark.co/blog/quais-os-melhores-estacionamentos-do-aeroporto-viracopos-em-2024/#secao-1-os-estacionamentos-do-aeroporto-viracopos-lado-a-lado","VCP","0","19","0.00","10.74"
"https://movepark.co/blog/quais-os-melhores-estacionamentos-do-aeroporto-viracopos-em-2024/#secao-1-os-melhores-estacionamentos-do-aeroporto-viracopos-que-publi","VCP","0","8","0.00","9.38"
"https://movepark.co/blog/quais-os-melhores-estacionamentos-do-aeroporto-viracopos-em-2024/#secao-2-qual-dos-melhores-estacionamentos-do-aeroporto-viracopos-esc","VCP","0","19","0.00","10.74"
"https://movepark.co/blog/quais-os-melhores-estacionamentos-do-aeroporto-viracopos-em-2024/#secao-2-qual-o-melhor-estacionamento-no-aeroporto-de-viracopos","VCP","0","8","0.00","9.38"
"https://movepark.co/blog/quais-os-melhores-estacionamentos-do-aeroporto-viracopos-em-2024/#secao-3-melhores-estacionamentos-do-aeroporto-viracopos-por-perfil-d","VCP","0","5","0.00","10.20"
"https://movepark.co/blog/quais-os-melhores-estacionamentos-do-aeroporto-viracopos-em-2024/#secao-3-o-que-olhar-antes-de-fechar-em-viracopos","VCP","0","19","0.00","10.74"
"https://movepark.co/blog/quais-os-melhores-estacionamentos-do-aeroporto-viracopos-em-2024/#secao-4-como-esta-comparacao-foi-apurada","VCP","0","10","0.00","11.50"
"https://movepark.co/blog/quais-os-melhores-estacionamentos-do-aeroporto-viracopos-em-2024/#secao-4-o-que-muda-de-verdade-entre-um-patio-e-outro-de-viracopos","VCP","0","5","0.00","10.20"
"https://movepark.co/blog/quais-os-melhores-estacionamentos-do-aeroporto-viracopos-em-2024/#secao-5-cinco-erros-ao-escolher-entre-os-melhores-estacionamentos-do","VCP","0","5","0.00","10.20"
"https://movepark.co/blog/quais-os-melhores-estacionamentos-do-aeroporto-viracopos-em-2024/#secao-6-nota-do-google-nos-estacionamentos-de-viracopos-o-que-as-ava","VCP","0","5","0.00","10.20"
"https://movepark.co/blog/quais-os-melhores-estacionamentos-do-aeroporto-viracopos-em-2024/#secao-7-melhor-estacionamento-do-aeroporto-de-campinas-e-o-mesmo-de-","VCP","0","5","0.00","10.20"
"https://movepark.co/blog/qual-e-o-valor-da-diaria-estacionamento-aeroporto-viracopos/","VCP","0","90","0.00","13.02"
"https://movepark.co/blog/qual-o-melhor-estacionamento-no-aeroporto-de-viracopos-guia-completo-para-economizar-e-viajar-com-tranquilidade/","VCP","0","1","0.00","3.00"
"https://movepark.co/blog/qual-o-valor-da-diaria-do-estacionamento-no-aeroporto-guarulhos/","GRU","0","192","0.00","88.29"
"https://movepark.co/blog/qual-o-valor-da-diaria-do-estacionamento-no-aeroporto-guarulhos/#secao-1-beneficios-de-viajar-por-guarulhos","GRU","0","3","0.00","10.00"
"https://movepark.co/blog/qual-o-valor-da-diaria-do-estacionamento-no-aeroporto-guarulhos/#secao-2-dicas-ao-viajar-pelo-aeroporto-de-guarulhos","GRU","0","3","0.00","10.00"
"https://movepark.co/blog/qual-o-valor-da-diaria-do-estacionamento-no-aeroporto-viracopos-2024/","VCP","0","19","0.00","40.58"
"https://movepark.co/blog/quanto-custa-o-estacionamento-no-aeroporto-lisboa/","","0","390","0.00","43.31"
"https://movepark.co/blog/regiao/aeroporto-congonhas/","","0","1","0.00","4.00"
"https://movepark.co/blog/seu-guia-definitivo-para-uma-partida-descomplicada-dicas-valiosas-do-aeroporto-de-guarulhos/","GRU","0","6","0.00","14.67"
"https://movepark.co/blog/top-3-estacionamentos-do-aeroporto-de-confins/#secao-2-por-que-e-importante-escolher-um-bom-estacionamento-no-aerop","CNF","0","17","0.00","10.59"
"https://movepark.co/blog/top-3-estacionamentos-do-aeroporto-de-confins/#secao-3-comparativo-de-diarias-dos-estacionamentos-no-aeroporto-de-c","CNF","0","16","0.00","10.56"
"https://movepark.co/blog/top-3-estacionamentos-do-aeroporto-de-confins/#secao-4-estacionamento-oficial-do-aeroporto","CNF","0","10","0.00","11.00"
"https://movepark.co/blog/top-3-estacionamentos-do-aeroporto-de-confins/#secao-5-park-confins","CNF","0","17","0.00","10.59"
"https://movepark.co/blog/top-3-estacionamentos-do-aeroporto-de-confins/#secao-6-multipark","CNF","0","9","0.00","11.00"
"https://movepark.co/blog/top-3-estacionamentos-do-aeroporto-de-confins/#secao-7-estacionar-no-aeroporto-ou-em-estacionamentos-externos","CNF","0","9","0.00","11.00"
"https://movepark.co/blog/top-3-estacionamentos-do-aeroporto-de-congonhas/#secao-1-top-3-estacionamentos-do-aeroporto-de-congonhas","","0","220","0.00","10.49"
"https://movepark.co/blog/top-3-estacionamentos-do-aeroporto-de-congonhas/#secao-2-por-que-e-importante-escolher-um-bom-estacionamento-em-congo","","0","224","0.00","10.43"
"https://movepark.co/blog/top-3-estacionamentos-do-aeroporto-de-congonhas/#secao-3-comparativo-de-diarias-dos-estacionamentos-em-congonhas","","0","228","0.00","10.50"
"https://movepark.co/blog/top-3-estacionamentos-do-aeroporto-de-congonhas/#secao-4-estacionamento-oficial-do-aeroporto","","0","206","0.00","10.67"
"https://movepark.co/blog/top-3-estacionamentos-do-aeroporto-de-congonhas/#secao-5-bandeira-park-congonhas","","0","195","0.00","10.46"
"https://movepark.co/blog/top-3-estacionamentos-do-aeroporto-de-congonhas/#secao-6-congonhas-park","","0","287","0.00","10.28"
"https://movepark.co/blog/top-3-estacionamentos-do-aeroporto-de-congonhas/#secao-7-estacionar-no-aeroporto-ou-em-estacionamentos-externos","","0","179","0.00","10.72"
"https://movepark.co/blog/top-3-estacionamentos-do-aeroporto-de-curitiba/#secao-1-os-estacionamentos-do-aeroporto-de-curitiba-lado-a-lado","CWB","0","22","0.00","8.86"
"https://movepark.co/blog/top-3-estacionamentos-do-aeroporto-de-curitiba/#secao-2-qual-dos-estacionamentos-do-aeroporto-de-curitiba-vale-para-","CWB","0","19","0.00","9.42"
"https://movepark.co/blog/top-3-estacionamentos-do-aeroporto-de-curitiba/#secao-3-o-que-olhar-antes-de-escolher-em-curitiba","CWB","0","13","0.00","9.62"
"https://movepark.co/blog/top-3-estacionamentos-do-aeroporto-de-curitiba/#secao-4-como-esta-comparacao-foi-apurada","CWB","0","10","0.00","10.90"
"https://movepark.co/blog/top-3-estacionamentos-do-aeroporto-de-navegantes/#secao-1-qual-e-o-ranking-dos-estacionamentos-do-aeroporto-de-navegan","","0","196","0.00","7.40"
"https://movepark.co/blog/top-3-estacionamentos-do-aeroporto-de-navegantes/#secao-10-qual-dos-estacionamentos-do-aeroporto-de-navegantes-escolher","","0","46","0.00","8.37"
"https://movepark.co/blog/top-3-estacionamentos-do-aeroporto-de-navegantes/#secao-11-o-que-muda-no-preco-em-alta-temporada-em-navegantes","","0","1","0.00","7.00"
"https://movepark.co/blog/top-3-estacionamentos-do-aeroporto-de-navegantes/#secao-12-quanto-custa-estacionar-por-poucas-horas-no-aeroporto-de-nav","","0","20","0.00","7.55"
"https://movepark.co/blog/top-3-estacionamentos-do-aeroporto-de-navegantes/#secao-13-como-cotar-um-estacionamento-em-navegantes","","0","105","0.00","7.54"
"https://movepark.co/blog/top-3-estacionamentos-do-aeroporto-de-navegantes/#secao-14-onde-ficam-os-estacionamentos-do-aeroporto-de-navegantes","","0","82","0.00","8.17"
"https://movepark.co/blog/top-3-estacionamentos-do-aeroporto-de-navegantes/#secao-15-quem-usa-os-estacionamentos-do-aeroporto-de-navegantes","","0","49","0.00","7.63"
"https://movepark.co/blog/top-3-estacionamentos-do-aeroporto-de-navegantes/#secao-2-por-que-e-importante-escolher-um-bom-estacionamento-no-aerop","","0","720","0.00","7.88"
"https://movepark.co/blog/top-3-estacionamentos-do-aeroporto-de-navegantes/#secao-2-quais-estacionamentos-do-aeroporto-de-navegantes-estao-mapea","","0","133","0.00","7.41"
"https://movepark.co/blog/top-3-estacionamentos-do-aeroporto-de-navegantes/#secao-3-como-este-ranking-dos-estacionamentos-do-aeroporto-de-navega","","0","82","0.00","7.05"
"https://movepark.co/blog/top-3-estacionamentos-do-aeroporto-de-navegantes/#secao-3-comparativo-de-diarias-dos-estacionamentos-no-aeroporto-de-n","","0","713","0.00","7.89"
"https://movepark.co/blog/top-3-estacionamentos-do-aeroporto-de-navegantes/#secao-4-estacionamento-oficial-do-aeroporto","","0","577","0.00","7.99"
"https://movepark.co/blog/top-3-estacionamentos-do-aeroporto-de-navegantes/#secao-5-prime-estacionamento","","0","572","0.00","8.02"
"https://movepark.co/blog/top-3-estacionamentos-do-aeroporto-de-navegantes/#secao-5-quanto-custa-o-estacionamento-oficial-do-aeroporto-de-navega","","0","149","0.00","7.34"
"https://movepark.co/blog/top-3-estacionamentos-do-aeroporto-de-navegantes/#secao-6-dummont-park","","0","725","0.00","7.89"
"https://movepark.co/blog/top-3-estacionamentos-do-aeroporto-de-navegantes/#secao-6-vaga-coberta-ou-descoberta-nos-estacionamentos-do-aeroporto-","","0","7","0.00","7.43"
"https://movepark.co/blog/top-3-estacionamentos-do-aeroporto-de-navegantes/#secao-7-estacionar-no-aeroporto-ou-em-estacionamentos-externos","","0","575","0.00","8.02"
"https://movepark.co/blog/top-3-estacionamentos-do-aeroporto-de-navegantes/#secao-7-quanto-tempo-leva-para-chegar-dos-estacionamentos-do-aeropor","","0","5","0.00","4.00"
"https://movepark.co/blog/top-3-estacionamentos-do-aeroporto-de-navegantes/#secao-8-os-estacionamentos-do-aeroporto-de-navegantes-valem-mais-que","","0","176","0.00","7.40"
"https://movepark.co/blog/top-3-estacionamentos-do-aeroporto-de-navegantes/#secao-9-quanto-os-estacionamentos-do-aeroporto-de-navegantes-economi","","0","157","0.00","7.54"
"https://movepark.co/blog/top-5-estacionamentos-baratos-aeroporto-brasilia","","0","1","0.00","1.00"
"https://movepark.co/blog/top-5-estacionamentos-baratos-aeroporto-goiania","","0","1","0.00","1.00"
"https://movepark.co/blog/tudo-sobre-o-aeroporto-de-confins-guia-completo/","CNF","0","225","0.00","14.29"
"https://movepark.co/blog/tudo-sobre-o-aeroporto-de-confins-guia-completo/#secao-1-aeroporto-de-confins","CNF","0","1","0.00","7.00"
"https://movepark.co/blog/tudo-sobre-o-aeroporto-de-confins-guia-completo/#secao-2-como-chegar-ao-aeroporto-de-confins","CNF","0","2","0.00","8.50"
"https://movepark.co/blog/tudo-sobre-o-aeroporto-de-confins-guia-completo/#secao-3-servicos-e-facilidades","CNF","0","1","0.00","7.00"
"https://movepark.co/blog/tudo-sobre-o-aeroporto-de-confins-guia-completo/#secao-4-informacoes-uteis-para-passageiros","CNF","0","1","0.00","7.00"
"https://movepark.co/blog/tudo-sobre-o-aeroporto-de-confins-guia-completo/#secao-5-destinos-e-voos","CNF","0","1","0.00","7.00"
"https://movepark.co/blog/tudo-sobre-o-aeroporto-de-confins-guia-completo/#secao-7-dicas-para-uma-boa-experiencia","CNF","0","1","0.00","7.00"
"https://movepark.co/blog/tudo-sobre-o-aeroporto-de-confins-guia-completo/#secao-8-perguntas-frequentes-sobre-o-aeroporto-de-confins","CNF","0","2","0.00","8.50"
"https://movepark.co/blog/vantagens-de-reservar-seu-estacionamento-proximo-ao-gru-airport-com-a-movepark/","GRU","0","1","0.00","9.00"
"https://movepark.co/cancelamento","","0","9","0.00","18.11"
"https://movepark.co/como-funciona","","0","10","0.00","5.10"
"https://movepark.co/contato","","0","21","0.00","5.67"
"https://movepark.co/destinos","","0","3","0.00","60.33"
"https://movepark.co/destinos/aeroporto-de-brasilia","","0","37","0.00","8.70"
"https://movepark.co/destinos/aeroporto-de-campo-grande","","0","2","0.00","10.50"
"https://movepark.co/destinos/aeroporto-de-congonhas","","0","34","0.00","21.24"
"https://movepark.co/destinos/aeroporto-de-cuiaba","","0","38","0.00","8.68"
"https://movepark.co/destinos/aeroporto-de-fortaleza","","0","2","0.00","6.00"
"https://movepark.co/destinos/aeroporto-de-londrina","","0","15","0.00","10.13"
"https://movepark.co/destinos/aeroporto-de-maceio","","0","121","0.00","15.57"
"https://movepark.co/destinos/aeroporto-de-teresina","","0","4","0.00","3.75"
"https://movepark.co/destinos/aeroporto-de-vitoria","","0","17","0.00","6.88"
"https://movepark.co/destinos/aeroporto-do-galeao","","0","50","0.00","8.30"
"https://movepark.co/destinos/centro-de-nova-iguacu","","0","122","0.00","6.76"
"https://movepark.co/destinos/centro-de-sao-paulo","","0","55","0.00","9.16"
"https://movepark.co/destinos/terminal-rodoviario-tiete","","0","122","0.00","11.79"
"https://movepark.co/docs","","0","2","0.00","8.00"
"https://movepark.co/estacionamento-aeroporto-recife/foco-park","","0","1","0.00","1.00"
"https://movepark.co/estacionamento-mais-barato/aeroporto-afonso-pena","CWB","0","16","0.00","7.38"
"https://movepark.co/estacionamento-mais-barato/aeroporto-de-congonhas","","0","86","0.00","75.62"
"https://movepark.co/estacionamento-mais-barato/aeroporto-de-viracopos","VCP","0","81","0.00","31.14"
"https://movepark.co/estacionamento-mais-barato/aeroporto-internacional-de-sao-paulo-guarulhos","GRU","0","179","0.00","77.08"
"https://movepark.co/estacionamentos","","0","22","0.00","23.32"
"https://movepark.co/estacionamentos/aeroporto-afonso-pena/best-park-estacionamentos-aeroporto-afonso-pena","CWB","0","7","0.00","6.14"
"https://movepark.co/estacionamentos/aeroporto-afonso-pena/connect-park-aeroporto-afonso-pena","CWB","0","10","0.00","1.50"
"https://movepark.co/estacionamentos/aeroporto-afonso-pena/express-park-aeroporto-aeroporto-afonso-pena","CWB","0","1","0.00","6.00"
"https://movepark.co/estacionamentos/aeroporto-afonso-pena/hangar-vip-aeroporto-afonso-pena","CWB","0","15","0.00","5.47"
"https://movepark.co/estacionamentos/aeroporto-afonso-pena/nikkey-estacionamento-aeroporto-afonso-pena","CWB","0","1","0.00","9.00"
"https://movepark.co/estacionamentos/aeroporto-brasilia/estapar","","0","418","0.00","14.27"
"https://movepark.co/estacionamentos/aeroporto-campo-grande/cgr-park","","0","111","0.00","10.17"
"https://movepark.co/estacionamentos/aeroporto-campo-grande/duque","","0","33","0.00","7.73"
"https://movepark.co/estacionamentos/aeroporto-confins/auto-park-brasil","CNF","0","68","0.00","9.18"
"https://movepark.co/estacionamentos/aeroporto-confins/bepark?dest=CNF&src=search&vaga=covered","CNF","0","59","0.00","11.86"
"https://movepark.co/estacionamentos/aeroporto-confins/ipo-park","CNF","0","138","0.00","8.67"
"https://movepark.co/estacionamentos/aeroporto-confins/park-confins","CNF","0","155","0.00","14.41"
"https://movepark.co/estacionamentos/aeroporto-confins/patio","CNF","0","109","0.00","8.13"
"https://movepark.co/estacionamentos/aeroporto-confins/precos","CNF","0","14","0.00","20.43"
"https://movepark.co/estacionamentos/aeroporto-confins/space-park","CNF","0","34","0.00","13.26"
"https://movepark.co/estacionamentos/aeroporto-congonhas/aerovalet?dest=CGH&src=search","","0","2","0.00","6.50"
"https://movepark.co/estacionamentos/aeroporto-congonhas/facility","","0","256","0.00","8.90"
"https://movepark.co/estacionamentos/aeroporto-congonhas/mais-barato","","0","490","0.00","40.53"
"https://movepark.co/estacionamentos/aeroporto-congonhas/precos","","0","94","0.00","74.96"
"https://movepark.co/estacionamentos/aeroporto-cuiaba/estet-car","","0","6","0.00","6.83"
"https://movepark.co/estacionamentos/aeroporto-curitiba/hangar-vip","CWB","0","265","0.00","6.25"
"https://movepark.co/estacionamentos/aeroporto-de-campo-grande/vcm-park-aeroporto-campo-grande","","0","30","0.00","7.33"
"https://movepark.co/estacionamentos/aeroporto-de-confins/aeropark-confins-aeroporto-confins","CNF","0","136","0.00","8.81"
"https://movepark.co/estacionamentos/aeroporto-de-confins/auto-park-brasil-aeroporto-confins","CNF","0","72","0.00","10.08"
"https://movepark.co/estacionamentos/aeroporto-de-confins/ipo-park-aeroporto-confins","CNF","0","112","0.00","9.10"
"https://movepark.co/estacionamentos/aeroporto-de-confins/park-confins-aeroporto-confins","CNF","0","199","0.00","12.17"
"https://movepark.co/estacionamentos/aeroporto-de-confins/space-park-aeroporto-confins","CNF","0","261","0.00","9.52"
"https://movepark.co/estacionamentos/aeroporto-de-congonhas/express-parking-aeroporto-congonhas","","0","147","0.00","16.82"
"https://movepark.co/estacionamentos/aeroporto-de-congonhas/facility-estacionamento-aeroporto-congonhas","","0","27","0.00","8.11"
"https://movepark.co/estacionamentos/aeroporto-de-congonhas/multipark-unidade-congonhas-aeroporto-congonhas","","0","49","0.00","66.10"
"https://movepark.co/estacionamentos/aeroporto-de-congonhas/one-parking-congonhas-aeroporto-congonhas","","0","43","0.00","51.91"
"https://movepark.co/estacionamentos/aeroporto-de-cuiaba/ebr-estacionamento-aeroporto-cuiaba","","0","2","0.00","3.00"
"https://movepark.co/estacionamentos/aeroporto-de-cuiaba/estet-car-aeroporto-cuiaba","","0","10","0.00","14.50"
"https://movepark.co/estacionamentos/aeroporto-de-florianopolis-hercilio-luz/portal-estacionamento-aeroporto-florianopolis","","0","58","0.00","6.81"
"https://movepark.co/estacionamentos/aeroporto-de-londrina/leste-oeste-aeroporto-londrina","","0","8","0.00","9.88"
"https://movepark.co/estacionamentos/aeroporto-de-salvador/estacionamento-bambuzal-aeroporto-salvador","","0","8","0.00","5.63"
"https://movepark.co/estacionamentos/aeroporto-de-viracopos/estacionamento-oficial-viracopos-estapar","VCP","0","34","0.00","22.97"
"https://movepark.co/estacionamentos/aeroporto-de-viracopos/portico-aeroporto-viracopos","VCP","0","4","0.00","11.00"
"https://movepark.co/estacionamentos/aeroporto-de-viracopos/viracopos-aeroparking-aeroporto-viracopos","VCP","0","453","0.00","29.60"
"https://movepark.co/estacionamentos/aeroporto-faro/park-and-fly","","0","1","0.00","12.00"
"https://movepark.co/estacionamentos/aeroporto-faro/park-and-travel","","0","2","0.00","10.00"
"https://movepark.co/estacionamentos/aeroporto-florianopolis/oficial-do-aeroporto","","0","61","0.00","18.80"
"https://movepark.co/estacionamentos/aeroporto-florianopolis/portal","","0","420","0.00","10.90"
"https://movepark.co/estacionamentos/aeroporto-fortaleza/level-one","","0","9","0.00","6.22"
"https://movepark.co/estacionamentos/aeroporto-fortaleza/prime","","0","5","0.00","6.20"
"https://movepark.co/estacionamentos/aeroporto-guarulhos/","GRU","0","1","0.00","1.00"
"https://movepark.co/estacionamentos/aeroporto-guarulhos/aeropark?dest=GRU&src=destino&vaga=uncovered","GRU","0","4","0.00","61.25"
"https://movepark.co/estacionamentos/aeroporto-guarulhos/aeropark?from=2026-08-29&to=2026-09-01&src=search&vaga=valet","GRU","0","1","0.00","94.00"
"https://movepark.co/estacionamentos/aeroporto-guarulhos/aeropark?vaga=uncovered","GRU","0","1","0.00","97.00"
"https://movepark.co/estacionamentos/aeroporto-guarulhos/aerovalet?dest=GRU&from=2026-09-15T19%3A00%3A00.000Z&to=2026-09-17T19%3A00%3A00.000Z&src=destino&vaga=valet","GRU","0","1","0.00","13.00"
"https://movepark.co/estacionamentos/aeroporto-guarulhos/aerovalet?dest=TIE&src=search","GRU","0","1","0.00","11.00"
"https://movepark.co/estacionamentos/aeroporto-guarulhos/airport-park","GRU","0","336","0.00","12.24"
"https://movepark.co/estacionamentos/aeroporto-guarulhos/bandeira-park","GRU","0","1576","0.00","9.23"
"https://movepark.co/estacionamentos/aeroporto-guarulhos/br-parking-express","GRU","0","185","0.00","11.69"
"https://movepark.co/estacionamentos/aeroporto-guarulhos/callpark","GRU","0","456","0.00","10.36"
"https://movepark.co/estacionamentos/aeroporto-guarulhos/flypark","GRU","0","290","0.00","5.70"
"https://movepark.co/estacionamentos/aeroporto-guarulhos/multipark","GRU","0","335","0.00","13.66"
"https://movepark.co/estacionamentos/aeroporto-guarulhos/precos","GRU","0","117","0.00","77.50"
"https://movepark.co/estacionamentos/aeroporto-guarulhos/servparking","GRU","0","141","0.00","10.16"
"https://movepark.co/estacionamentos/aeroporto-internacional-de-navegantes/estapar-aeroporto-navegantes","","0","22","0.00","14.50"
"https://movepark.co/estacionamentos/aeroporto-internacional-de-navegantes/park-sul-aeroporto-navegantes","","0","4","0.00","20.00"
"https://movepark.co/estacionamentos/aeroporto-internacional-de-navegantes/zunino-aeroporto-navegantes","","0","5","0.00","78.20"
"https://movepark.co/estacionamentos/aeroporto-internacional-de-sao-paulo-guarulhos/airport-park-supera-park-estacionamento-ltda-aeroporto-guarulhos","GRU","0","43","0.00","10.88"
"https://movepark.co/estacionamentos/aeroporto-internacional-de-sao-paulo-guarulhos/br-parking-express-aeroporto-guarulhos","GRU","0","89","0.00","10.09"
"https://movepark.co/estacionamentos/aeroporto-internacional-de-sao-paulo-guarulhos/callpark-estacionamentos-aeroporto-guarulhos","GRU","0","37","0.00","15.89"
"https://movepark.co/estacionamentos/aeroporto-internacional-de-sao-paulo-guarulhos/decolar-park-estacionamento-aeroporto-guarulhos","GRU","0","533","0.00","5.64"
"https://movepark.co/estacionamentos/aeroporto-internacional-de-sao-paulo-guarulhos/econopark-aeroporto-de-guarulhos-aeroporto-guarulhos","GRU","0","116","0.00","8.02"
"https://movepark.co/estacionamentos/aeroporto-internacional-de-sao-paulo-guarulhos/flypark-aeroporto-guarulhos","GRU","0","28","0.00","5.32"
"https://movepark.co/estacionamentos/aeroporto-internacional-de-sao-paulo-guarulhos/gopark-aeroporto-guarulhos","GRU","0","31","0.00","8.81"
"https://movepark.co/estacionamentos/aeroporto-internacional-de-sao-paulo-guarulhos/multipark-estacionamentos-aeroporto-guarulhos","GRU","0","7","0.00","9.43"
"https://movepark.co/estacionamentos/aeroporto-internacional-de-sao-paulo-guarulhos/park-222-aeroporto-guarulhos","GRU","0","5","0.00","5.80"
"https://movepark.co/estacionamentos/aeroporto-internacional-de-sao-paulo-guarulhos/ponce-park-ponce-park-garagem-ltda-aeroporto-guarulhos","GRU","0","4","0.00","7.50"
"https://movepark.co/estacionamentos/aeroporto-internacional-de-sao-paulo-guarulhos/servparking-aeroporto-guarulhos","GRU","0","12","0.00","8.00"
"https://movepark.co/estacionamentos/aeroporto-internacional-de-sao-paulo-guarulhos/urban-park-aeroporto-guarulhos","GRU","0","590","0.00","8.78"
"https://movepark.co/estacionamentos/aeroporto-internacional-do-recife-guararapes/estacionamento-recife-grupo-recife-rent-a-car-aeroporto-recife","","0","62","0.00","14.06"
"https://movepark.co/estacionamentos/aeroporto-londrina/central-park","","0","75","0.00","10.47"
"https://movepark.co/estacionamentos/aeroporto-londrina/leste-oeste","","0","202","0.00","9.36"
"https://movepark.co/estacionamentos/aeroporto-maceio","","0","115","0.00","10.30"
"https://movepark.co/estacionamentos/aeroporto-navegantes/econo-park","","0","10","0.00","30.80"
"https://movepark.co/estacionamentos/aeroporto-navegantes/litoral","","0","54","0.00","16.91"
"https://movepark.co/estacionamentos/aeroporto-porto-alegre/estapar-off-site","","0","440","0.00","10.24"
"https://movepark.co/estacionamentos/aeroporto-porto-alegre/keep-parking","","0","927","0.00","7.05"
"https://movepark.co/estacionamentos/aeroporto-porto/flypark","","0","8","0.00","26.13"
"https://movepark.co/estacionamentos/aeroporto-salgado-filho/ve-parking-estacionamentos-aeroporto-porto-alegre","","0","44","0.00","8.39"
"https://movepark.co/estacionamentos/aeroporto-salvador/estapar","","0","226","0.00","10.18"
"https://movepark.co/estacionamentos/aeroporto-santos-dumont/beira-mar-park-aeroporto-santos-dumont","","0","13","0.00","11.54"
"https://movepark.co/estacionamentos/aeroporto-santos-dumont/bhpark-aeroporto-santos-dumont","","0","12","0.00","36.92"
"https://movepark.co/estacionamentos/aeroporto-viracopos/","VCP","0","3","0.00","5.00"
"https://movepark.co/estacionamentos/aeroporto-viracopos/aero-viracopos","VCP","0","83","0.00","43.60"
"https://movepark.co/estacionamentos/aeroporto-viracopos/bandeira-park","VCP","0","276","0.00","11.74"
"https://movepark.co/estacionamentos/aeroporto-viracopos/bandeira-park/","VCP","0","17","0.00","16.35"
"https://movepark.co/estacionamentos/aeroporto-viracopos/km64","VCP","0","240","0.00","8.45"
"https://movepark.co/estacionamentos/aeroporto-viracopos/mais-barato","VCP","0","210","0.00","32.01"
"https://movepark.co/estacionamentos/aeroporto-viracopos/precos","VCP","0","29","0.00","31.17"
"https://movepark.co/estacionamentos/aeroporto-viracopos/virapark?src=search","VCP","0","6","0.00","6.67"
"https://movepark.co/estacionamentos/aeroporto-viracopos/yellow-parking/","VCP","0","1","0.00","3.00"
"https://movepark.co/estacionamentos/campinas/virapark-estacionamento-viracopos","VCP","0","12","0.00","88.00"
"https://movepark.co/estacionamentos/centro-de-nova-iguacu/ceu-aberto","","0","12","0.00","8.08"
"https://movepark.co/estacionamentos/centro-de-nova-iguacu/ceu-aberto-centro-de-nova-iguacu","","0","4","0.00","2.25"
"https://movepark.co/estacionamentos/centro-de-nova-iguacu/guarcar","","0","33","0.00","6.88"
"https://movepark.co/estacionamentos/centro-de-nova-iguacu/guarcar-centro-de-nova-iguacu","","0","12","0.00","8.50"
"https://movepark.co/estacionamentos/centro-de-nova-iguacu/keep-car-centro-de-nova-iguacu","","0","2","0.00","6.00"
"https://movepark.co/estacionamentos/centro-de-nova-iguacu/nanau","","0","5","0.00","9.40"
"https://movepark.co/estacionamentos/centro-de-nova-iguacu/nanau-centro-de-nova-iguacu","","0","2","0.00","8.50"
"https://movepark.co/estacionamentos/centro-de-sao-paulo","","0","108","0.00","6.50"
"https://movepark.co/estacionamentos/centro-de-sao-paulo/estapar","","0","885","0.00","9.53"
"https://movepark.co/estacionamentos/centro-de-sao-paulo/estapar-centro-de-sao-paulo","","0","5","0.00","11.40"
"https://movepark.co/estacionamentos/centro-de-sao-paulo/g70-park","","0","41","0.00","6.29"
"https://movepark.co/estacionamentos/centro-de-sao-paulo/g70-park-centro-de-sao-paulo","","0","9","0.00","8.33"
"https://movepark.co/estacionamentos/jardim-paulista","","0","255","0.00","10.80"
"https://movepark.co/estacionamentos/jardim-paulista/avr-estacione","","0","13","0.00","7.00"
"https://movepark.co/estacionamentos/jardim-paulista/brasilpark-pamplona-jardim-paulista","","0","8","0.00","6.75"
"https://movepark.co/estacionamentos/jardim-paulista/facility-pamplona","","0","27","0.00","6.85"
"https://movepark.co/estacionamentos/jardim-paulista/festa-park","","0","8","0.00","5.75"
"https://movepark.co/estacionamentos/rodoviaria-tiete/aerovalet?src=search","","0","2","0.00","5.50"
"https://movepark.co/estacionamentos/rodoviaria-tiete/garagem-do-terminal","","0","176","0.00","30.18"
"https://movepark.co/estacionamentos/rodoviaria-tiete/mais-barato","","0","85","0.00","9.76"
"https://movepark.co/estacionamentos/rodoviaria-tiete/precos","","0","11","0.00","16.91"
"https://movepark.co/estacionamentos/terminal-rodoviario-tiete/bandeira-park-santana-rodoviaria-tiete","","0","217","0.00","9.43"
"https://movepark.co/estacionamentos/terminal-rodoviario-tiete/garagem-do-terminal-rodoviaria-tiete","","0","59","0.00","9.61"
"https://movepark.co/faq/as-vagas-em-congonhas-sao-cobertas-ou-descobertas","","0","37","0.00","8.41"
"https://movepark.co/faq/as-vagas-em-guarulhos-sao-cobertas-ou-descobertas","GRU","0","27","0.00","6.59"
"https://movepark.co/faq/as-vagas-em-viracopos-sao-cobertas-ou-descobertas","VCP","0","10","0.00","6.30"
"https://movepark.co/faq/as-vagas-no-aeroporto-afonso-pena-sao-cobertas-ou-descobertas","CWB","0","12","0.00","7.17"
"https://movepark.co/faq/as-vagas-no-aeroporto-de-campo-grande-sao-cobertas-ou-descobertas","","0","9","0.00","23.78"
"https://movepark.co/faq/as-vagas-no-aeroporto-de-confins-sao-cobertas-ou-descobertas","CNF","0","24","0.00","11.50"
"https://movepark.co/faq/as-vagas-no-aeroporto-de-florianopolis-sao-cobertas-ou-descobertas","","0","27","0.00","8.26"
"https://movepark.co/faq/as-vagas-no-aeroporto-de-fortaleza-sao-cobertas-ou-descobertas","","0","10","0.00","5.60"
"https://movepark.co/faq/as-vagas-no-aeroporto-de-goiania-sao-cobertas-ou-descobertas","","0","11","0.00","8.55"
"https://movepark.co/faq/as-vagas-no-aeroporto-de-joao-pessoa-sao-cobertas-ou-descobertas","","0","9","0.00","30.44"
"https://movepark.co/faq/as-vagas-no-aeroporto-de-londrina-sao-cobertas-ou-descobertas","","0","1","0.00","8.00"
"https://movepark.co/faq/as-vagas-no-aeroporto-de-maceio-sao-cobertas-ou-descobertas","","0","1","0.00","6.00"
"https://movepark.co/faq/as-vagas-no-aeroporto-de-salvador-sao-cobertas-ou-descobertas","","0","6","0.00","10.67"
"https://movepark.co/faq/as-vagas-no-aeroporto-de-teresina-sao-cobertas-ou-descobertas","","0","5","0.00","8.40"
"https://movepark.co/faq/as-vagas-no-aeroporto-de-vitoria-sao-cobertas-ou-descobertas","","0","26","0.00","8.65"
"https://movepark.co/faq/as-vagas-no-aeroporto-do-recife-sao-cobertas-ou-descobertas","","0","4","0.00","4.25"
"https://movepark.co/faq/as-vagas-no-galeao-sao-cobertas-ou-descobertas","","0","22","0.00","7.86"
"https://movepark.co/faq/as-vagas-no-santos-dumont-sao-cobertas-ou-descobertas","","0","28","0.00","16.50"
"https://movepark.co/faq/como-cancelo-uma-reserva","","0","9","0.00","5.67"
"https://movepark.co/faq/como-faco-uma-reserva","","0","1","0.00","4.00"
"https://movepark.co/faq/compensa-deixar-o-carro-mais-dias-no-aeroporto-de-congonhas","","0","304","0.00","11.24"
"https://movepark.co/faq/compensa-deixar-o-carro-mais-dias-no-aeroporto-de-guarulhos","GRU","0","110","0.00","10.61"
"https://movepark.co/faq/compensa-deixar-o-carro-mais-dois-dias-no-aeroporto-de-guarulhos","GRU","0","1","0.00","1.00"
"https://movepark.co/faq/e-se-meu-voo-atrasar-ou-eu-voltar-antes-do-previsto-afonso-pena-cwb","CWB","0","2","0.00","8.00"
"https://movepark.co/faq/e-se-meu-voo-atrasar-ou-eu-voltar-antes-do-previsto-brasilia-bsb","","0","4","0.00","6.25"
"https://movepark.co/faq/e-se-meu-voo-atrasar-ou-eu-voltar-antes-do-previsto-campo-grande-cgr","","0","2","0.00","5.50"
"https://movepark.co/faq/e-se-meu-voo-atrasar-ou-eu-voltar-antes-do-previsto-confins-cnf","CNF","0","9","0.00","4.33"
"https://movepark.co/faq/e-se-meu-voo-atrasar-ou-eu-voltar-antes-do-previsto-congonhas-cgh","","0","17","0.00","5.59"
"https://movepark.co/faq/e-se-meu-voo-atrasar-ou-eu-voltar-antes-do-previsto-guarulhos-gru","GRU","0","13","0.00","8.77"
"https://movepark.co/faq/e-se-meu-voo-atrasar-ou-eu-voltar-antes-do-previsto-joao-pessoa-jpa","","0","1","0.00","1.00"
"https://movepark.co/faq/e-se-meu-voo-atrasar-ou-eu-voltar-antes-do-previsto-londrina-ldb","","0","3","0.00","7.00"
"https://movepark.co/faq/e-se-meu-voo-atrasar-ou-eu-voltar-antes-do-previsto-maceio-mcz","","0","2","0.00","7.50"
"https://movepark.co/faq/e-se-meu-voo-atrasar-ou-eu-voltar-antes-do-previsto-navegantes-nvt","","0","4","0.00","6.50"
"https://movepark.co/faq/e-se-meu-voo-atrasar-ou-eu-voltar-antes-do-previsto-recife-rec","","0","4","0.00","5.50"
"https://movepark.co/faq/e-se-meu-voo-atrasar-ou-eu-voltar-antes-do-previsto-salgado-filho-poa","","0","8","0.00","2.50"
"https://movepark.co/faq/e-se-meu-voo-atrasar-ou-eu-voltar-antes-do-previsto-salvador-ssa","","0","2","0.00","5.00"
"https://movepark.co/faq/e-se-meu-voo-atrasar-ou-eu-voltar-antes-do-previsto-santos-dumont-sdu","","0","3","0.00","10.00"
"https://movepark.co/faq/e-se-meu-voo-atrasar-ou-eu-voltar-antes-do-previsto-teresina-the","","0","1","0.00","11.00"
"https://movepark.co/faq/e-se-meu-voo-atrasar-ou-eu-voltar-antes-do-previsto-viracopos-vcp","VCP","0","7","0.00","8.71"
"https://movepark.co/faq/e-se-meu-voo-atrasar-ou-eu-voltar-antes-do-previsto-vitoria-vix","","0","5","0.00","7.60"
"https://movepark.co/faq/existe-limite-de-altura-gabarito-para-suvs-vans-ou-furgoes-afonso-pena-cwb","CWB","0","5","0.00","6.80"
"https://movepark.co/faq/existe-limite-de-altura-gabarito-para-suvs-vans-ou-furgoes-brasilia-bsb","","0","1","0.00","5.00"
"https://movepark.co/faq/existe-limite-de-altura-gabarito-para-suvs-vans-ou-furgoes-campo-grande-cgr","","0","6","0.00","8.50"
"https://movepark.co/faq/existe-limite-de-altura-gabarito-para-suvs-vans-ou-furgoes-confins-cnf","CNF","0","9","0.00","3.33"
"https://movepark.co/faq/existe-limite-de-altura-gabarito-para-suvs-vans-ou-furgoes-congonhas-cgh","","0","11","0.00","5.73"
"https://movepark.co/faq/existe-limite-de-altura-gabarito-para-suvs-vans-ou-furgoes-cuiaba-cgb","","0","2","0.00","6.00"
"https://movepark.co/faq/existe-limite-de-altura-gabarito-para-suvs-vans-ou-furgoes-florianopolis-fln","","0","2","0.00","5.00"
"https://movepark.co/faq/existe-limite-de-altura-gabarito-para-suvs-vans-ou-furgoes-fortaleza-for","","0","3","0.00","4.33"
"https://movepark.co/faq/existe-limite-de-altura-gabarito-para-suvs-vans-ou-furgoes-galeao-gig","","0","4","0.00","5.25"
"https://movepark.co/faq/existe-limite-de-altura-gabarito-para-suvs-vans-ou-furgoes-goiania-gyn","","0","3","0.00","5.33"
"https://movepark.co/faq/existe-limite-de-altura-gabarito-para-suvs-vans-ou-furgoes-guarulhos-gru","GRU","0","15","0.00","3.67"
"https://movepark.co/faq/existe-limite-de-altura-gabarito-para-suvs-vans-ou-furgoes-londrina-ldb","","0","3","0.00","6.67"
"https://movepark.co/faq/existe-limite-de-altura-gabarito-para-suvs-vans-ou-furgoes-maceio-mcz","","0","1","0.00","7.00"
"https://movepark.co/faq/existe-limite-de-altura-gabarito-para-suvs-vans-ou-furgoes-recife-rec","","0","6","0.00","7.33"
"https://movepark.co/faq/existe-limite-de-altura-gabarito-para-suvs-vans-ou-furgoes-salgado-filho-poa","","0","10","0.00","2.40"
"https://movepark.co/faq/existe-limite-de-altura-gabarito-para-suvs-vans-ou-furgoes-salvador-ssa","","0","1","0.00","9.00"
"https://movepark.co/faq/existe-limite-de-altura-gabarito-para-suvs-vans-ou-furgoes-santos-dumont-sdu","","0","12","0.00","6.25"
"https://movepark.co/faq/existe-limite-de-altura-gabarito-para-suvs-vans-ou-furgoes-teresina-the","","0","3","0.00","7.00"
"https://movepark.co/faq/existe-limite-de-altura-gabarito-para-suvs-vans-ou-furgoes-viracopos-vcp","VCP","0","8","0.00","7.00"
"https://movepark.co/faq/existe-limite-de-altura-gabarito-para-suvs-vans-ou-furgoes-vitoria-vix","","0","3","0.00","1.00"
"https://movepark.co/faq/o-estacionamento-em-guarulhos-oferece-traslado-ate-o-terminal","GRU","0","66","0.00","10.33"
"https://movepark.co/faq/o-estacionamento-em-viracopos-oferece-traslado-ate-o-terminal","VCP","0","53","0.00","5.98"
"https://movepark.co/faq/o-estacionamento-en-congonhas-oferece-traslado-ate-o-terminal","","0","1","0.00","1.00"
"https://movepark.co/faq/o-estacionamento-no-aeroporto-afonso-pena-oferece-traslado-ate-o-terminal","CWB","0","48","0.00","8.06"
"https://movepark.co/faq/o-estacionamento-no-aeroporto-afonso-pens-oferece-traslado-ate-o-terminal","","0","1","0.00","1.00"
"https://movepark.co/faq/o-estacionamento-no-aeroporto-de-campo-grande-oferece-traslado-ate-o-terminal","","0","30","0.00","12.07"
"https://movepark.co/faq/o-estacionamento-no-aeroporto-de-confins-oferece-traslado-ate-o-terminal","CNF","0","37","0.00","8.24"
"https://movepark.co/faq/o-estacionamento-no-aeroporto-de-cuiaba-oferece-traslado-ate-o-terminal","","0","22","0.00","9.32"
"https://movepark.co/faq/o-estacionamento-no-aeroporto-de-florianopolis-oferece-traslado-ate-o-terminal","","0","46","0.00","15.30"
"https://movepark.co/faq/o-estacionamento-no-aeroporto-de-fortaleza-oferece-traslado-ate-o-terminal","","0","39","0.00","11.79"
"https://movepark.co/faq/o-estacionamento-no-aeroporto-de-goiania-oferece-traslado-ate-o-terminal","","0","1","0.00","12.00"
"https://movepark.co/faq/o-estacionamento-no-aeroporto-de-joao-pessoa-oferece-traslado-ate-o-terminal","","0","28","0.00","13.64"
"https://movepark.co/faq/o-estacionamento-no-aeroporto-de-maceio-oferece-traslado-ate-o-terminal","","0","72","0.00","14.25"
"https://movepark.co/faq/o-estacionamento-no-aeroporto-de-navegantes-oferece-traslado-ate-o-terminal","","0","11","0.00","42.73"
"https://movepark.co/faq/o-estacionamento-no-aeroporto-de-salvador-oferece-traslado-ate-o-terminal","","0","75","0.00","10.60"
"https://movepark.co/faq/o-estacionamento-no-aeroporto-de-teresina-oferece-traslado-ate-o-terminal","","0","37","0.00","9.14"
"https://movepark.co/faq/o-estacionamento-no-aeroporto-de-vitoria-oferece-traslado-ate-o-terminal","","0","43","0.00","14.37"
"https://movepark.co/faq/o-estacionamento-no-aeroporto-do-recife-oferece-traslado-ate-o-terminal","","0","56","0.00","9.71"
"https://movepark.co/faq/o-estacionamento-no-aeroporto-salgado-filho-oferece-traslado-ate-o-terminal","","0","10","0.00","5.00"
"https://movepark.co/faq/o-que-apresentar-na-chegada-ao-estacionamento","","0","2","0.00","6.50"
"https://movepark.co/faq/o-que-esta-incluso-na-diaria-do-estacionamento-em-congonhas","","0","10","0.00","31.70"
"https://movepark.co/faq/os-estacionamentos-de-guarulhos-sao-seguros-tem-monitoramento","GRU","0","16","0.00","12.31"
"https://movepark.co/faq/os-estacionamentos-de-viracopos-sao-seguros-tem-monitoramento","VCP","0","4","0.00","5.25"
"https://movepark.co/faq/os-estacionamentos-do-galeao-sao-seguros-tem-monitoramento","","0","13","0.00","6.54"
"https://movepark.co/faq/os-estacionamentos-perto-do-aeroporto-afonso-pena-sao-seguros-tem-monitoramento","CWB","0","5","0.00","6.40"
"https://movepark.co/faq/os-estacionamentos-perto-do-aeroporto-de-brasilia-sao-seguros-tem-monitoramento","","0","10","0.00","7.80"
"https://movepark.co/faq/os-estacionamentos-perto-do-aeroporto-de-campo-grande-sao-seguros-tem-monitoramento","","0","3","0.00","11.67"
"https://movepark.co/faq/os-estacionamentos-perto-do-aeroporto-de-cuiaba-sao-seguros-tem-monitoramento","","0","6","0.00","4.67"
"https://movepark.co/faq/os-estacionamentos-perto-do-aeroporto-de-florianopolis-sao-seguros-tem-monitoramento","","0","8","0.00","7.75"
"https://movepark.co/faq/os-estacionamentos-perto-do-aeroporto-de-fortaleza-sao-seguros-tem-monitoramento","","0","5","0.00","9.60"
"https://movepark.co/faq/os-estacionamentos-perto-do-aeroporto-de-goiania-sao-seguros-tem-monitoramento","","0","9","0.00","10.78"
"https://movepark.co/faq/os-estacionamentos-perto-do-aeroporto-de-joao-pessoa-sao-seguros-tem-monitoramento","","0","19","0.00","14.79"
"https://movepark.co/faq/os-estacionamentos-perto-do-aeroporto-de-londrina-sao-seguros-tem-monitoramento","","0","6","0.00","35.33"
"https://movepark.co/faq/os-estacionamentos-perto-do-aeroporto-de-maceio-sao-seguros-tem-monitoramento","","0","6","0.00","59.67"
"https://movepark.co/faq/os-estacionamentos-perto-do-aeroporto-de-navegantes-sao-seguros-tem-monitoramento","","0","3","0.00","61.00"
"https://movepark.co/faq/os-estacionamentos-perto-do-aeroporto-de-salvador-sao-seguros-tem-monitoramento","","0","3","0.00","7.67"
"https://movepark.co/faq/os-estacionamentos-perto-do-aeroporto-de-teresina-sao-seguros-tem-monitoramento","","0","4","0.00","8.00"
"https://movepark.co/faq/os-estacionamentos-perto-do-aeroporto-de-vitoria-sao-seguros-tem-monitoramento","","0","10","0.00","6.50"
"https://movepark.co/faq/os-estacionamentos-perto-do-aeroporto-do-recife-sao-seguros-tem-monitoramento","","0","9","0.00","6.00"
"https://movepark.co/faq/os-estacionamentos-perto-do-aeroporto-salgado-filho-sao-seguros-tem-monitoramento","","0","6","0.00","8.50"
"https://movepark.co/faq/posso-chegar-antes-ou-sair-depois-do-horario","","0","6","0.00","7.83"
"https://movepark.co/faq/posso-reservar-pra-outra-pessoa-dirigir","","0","1","0.00","8.00"
"https://movepark.co/faq/qual-o-estacionamento-mais-barato-perto-do-aeroporto-de-campo-grande","","0","18","0.00","22.22"
"https://movepark.co/faq/qual-o-estacionamento-mais-barato-perto-do-aeroporto-de-cuiaba","","0","4","0.00","9.25"
"https://movepark.co/faq/qual-o-estacionamento-mais-barato-perto-do-aeroporto-de-florianopolis","","0","9","0.00","8.11"
"https://movepark.co/faq/qual-o-estacionamento-mais-barato-perto-do-aeroporto-de-fortaleza","","0","3","0.00","9.33"
"https://movepark.co/faq/qual-o-estacionamento-mais-barato-perto-do-aeroporto-de-guarulhos","GRU","0","247","0.00","84.77"
"https://movepark.co/faq/qual-o-estacionamento-mais-barato-perto-do-aeroporto-de-joao-pessoa","","0","29","0.00","11.17"
"https://movepark.co/faq/qual-o-estacionamento-mais-barato-perto-do-aeroporto-de-navegantes","","0","12","0.00","42.67"
"https://movepark.co/faq/qual-o-estacionamento-mais-barato-perto-do-aeroporto-de-teresina","","0","12","0.00","7.83"
"https://movepark.co/faq/qual-o-estacionamento-mais-barato-perto-do-aeroporto-de-viracopos","VCP","0","104","0.00","25.39"
"https://movepark.co/faq/qual-o-estacionamento-mais-barato-perto-do-maceio/","","0","1","0.00","1.00"
"https://movepark.co/faq/qual-o-estacionamento-mais-proximo-do-aeroporto-de-viracopos","VCP","0","17","0.00","9.76"
"https://movepark.co/faq/quanto-custa-estacionar-no-aeroporto-de-confins","CNF","0","411","0.00","17.59"
"https://movepark.co/faq/quanto-custa-estacionar-no-aeroporto-de-confins/","CNF","0","1","0.00","1.00"
"https://movepark.co/faq/quanto-custa-estacionar-no-aeroporto-de-goiania","","0","11","0.00","7.55"
"https://movepark.co/faq/quanto-custa-estacionar-no-aeroporto-de-londrina","","0","4","0.00","8.25"
"https://movepark.co/faq/quanto-custa-estacionar-no-aeroporto-de-navegantes","","0","100","0.00","12.50"
"https://movepark.co/faq/quanto-custa-estacionar-no-aeroporto-de-viracopos","VCP","0","539","0.00","13.99"
"https://movepark.co/faq/quanto-custa-estacionar-no-aeroporto-santos-dumont","","0","26","0.00","5.85"
"https://movepark.co/faq/quanto-custase-estacionar-no-aeroporto-de-brasilia","","0","1","0.00","1.00"
"https://movepark.co/faq/tem-estacionamento-dentro-do-aeroporto-de-viracopos","VCP","0","42","0.00","9.24"
"https://movepark.co/faq/tem-valet-ou-e-self-park-voce-mesmo-estaciona-afonso-pena-cwb","CWB","0","6","0.00","35.50"
"https://movepark.co/faq/tem-valet-ou-e-self-park-voce-mesmo-estaciona-brasilia-bsb","","0","4","0.00","20.75"
"https://movepark.co/faq/tem-valet-ou-e-self-park-voce-mesmo-estaciona-campo-grande-cgr","","0","1","0.00","8.00"
"https://movepark.co/faq/tem-valet-ou-e-self-park-voce-mesmo-estaciona-congonhas-cgh","","0","4","0.00","6.75"
"https://movepark.co/faq/tem-valet-ou-e-self-park-voce-mesmo-estaciona-cuiaba-cgb","","0","3","0.00","23.33"
"https://movepark.co/faq/tem-valet-ou-e-self-park-voce-mesmo-estaciona-galeao-gig","","0","10","0.00","7.10"
"https://movepark.co/faq/tem-valet-ou-e-self-park-voce-mesmo-estaciona-goiania-gyn","","0","9","0.00","50.00"
"https://movepark.co/faq/tem-valet-ou-e-self-park-voce-mesmo-estaciona-guarulhos-gru","GRU","0","20","0.00","11.90"
"https://movepark.co/faq/tem-valet-ou-e-self-park-voce-mesmo-estaciona-joao-pessoa-jpa","","0","4","0.00","9.50"
"https://movepark.co/faq/tem-valet-ou-e-self-park-voce-mesmo-estaciona-londrina-ldb","","0","3","0.00","6.00"
"https://movepark.co/faq/tem-valet-ou-e-self-park-voce-mesmo-estaciona-maceio-mcz","","0","7","0.00","7.14"
"https://movepark.co/faq/tem-valet-ou-e-self-park-voce-mesmo-estaciona-navegantes-nvt","","0","2","0.00","10.00"
"https://movepark.co/faq/tem-valet-ou-e-self-park-voce-mesmo-estaciona-recife-rec","","0","6","0.00","9.83"
"https://movepark.co/faq/tem-valet-ou-e-self-park-voce-mesmo-estaciona-salvador-ssa","","0","8","0.00","9.75"
"https://movepark.co/faq/tem-valet-ou-e-self-park-voce-mesmo-estaciona-santos-dumont-sdu","","0","7","0.00","6.71"
"https://movepark.co/faq/tem-valet-ou-e-self-park-voce-mesmo-estaciona-teresina-the","","0","3","0.00","8.33"
"https://movepark.co/faq/tem-valet-ou-e-self-park-voce-mesmo-estaciona-viracopos-vcp","VCP","0","9","0.00","28.67"
"https://movepark.co/faq/tem-valet-ou-e-self-park-voce-mesmo-estaciona-vitoria-vix","","0","11","0.00","23.91"
"https://movepark.co/faq/vale-mais-a-pena-o-estacionamento-oficial-de-guarulhos-ou-um-particular","GRU","0","33","0.00","8.64"
"https://movepark.co/faq/vale-mais-a-pena-o-estacionamento-oficial-de-guarulhos-um-particular","GRU","0","1","0.00","1.00"
"https://movepark.co/metodologia","","0","8","0.00","10.25"
"https://movepark.co/p/abbapark/aeroporto-afonso-pena/premium","CWB","0","8","0.00","39.63"
"https://movepark.co/p/aeropark/aeroporto-guarulhos/uncovered","GRU","0","19","0.00","29.00"
"https://movepark.co/p/aeropark/aeroporto-guarulhos/uncovered?from=2026-08-25&to=2026-08-27&src=search","GRU","0","6","0.00","5.33"
"https://movepark.co/p/aeropark/aeroporto-guarulhos/valet","GRU","0","30","0.00","17.73"
"https://movepark.co/p/aerovalet/aeroporto-congonhas/covered?from=2026-08-26&to=2026-08-29&src=search","","0","5","0.00","16.60"
"https://movepark.co/p/aerovalet/aeroporto-guarulhos/covered","GRU","0","194","0.00","5.72"
"https://movepark.co/p/aerovalet/terminal-rodoviario-tiete/covered","","0","129","0.00","11.58"
"https://movepark.co/p/nationpark/aeroporto-afonso-pena/covered","CWB","0","3","0.00","79.00"
"https://movepark.co/p/nationpark/aeroporto-afonso-pena/premium","CWB","0","42","0.00","37.74"
"https://movepark.co/p/nationpark/aeroporto-afonso-pena/uncovered","CWB","0","4","0.00","49.75"
"https://movepark.co/p/virapark/virapark/covered?from=2026-08-24&to=2026-08-25&src=home-destaque","","0","1","0.00","7.00"
"https://movepark.co/politica-de-privacidade/","","0","2","0.00","7.00"
"https://movepark.co/precos","","0","300","0.00","8.60"
"https://movepark.co/precos/aeroporto-afonso-pena","CWB","0","6","0.00","8.33"
"https://movepark.co/precos/aeroporto-de-congonhas","","0","76","0.00","82.89"
"https://movepark.co/precos/aeroporto-de-viracopos","VCP","0","180","0.00","26.04"
"https://movepark.co/precos/terminal-rodoviario-tiete","","0","23","0.00","11.43"
"https://movepark.co/privacidade","","0","4","0.00","6.25"
"https://movepark.co/search","","0","52","0.00","12.08"
"https://movepark.co/search?dest=BSB","","0","6","0.00","60.33"
"https://movepark.co/search?dest=CGB","","0","1","0.00","11.00"
"https://movepark.co/search?dest=CGH","","0","42","0.00","41.95"
"https://movepark.co/search?dest=CGH&from=2026-08-28T19%3A00%3A00.000Z&to=2026-08-31T19%3A00%3A00.000Z&src=destino","","0","4","0.00","39.50"
"https://movepark.co/search?dest=CGH&from=2026-08-28T19%3A00%3A00.000Z&to=2026-08-31T19%3A00%3A00.000Z&src=search","","0","2","0.00","45.00"
"https://movepark.co/search?dest=CGH&from=2026-08-29T19%3A00%3A00.000Z&to=2026-08-31T19%3A00%3A00.000Z&src=search","","0","3","0.00","29.67"
"https://movepark.co/search?dest=CGH&from=2026-08-31T19%3A00%3A00.000Z&to=2026-09-02T19%3A00%3A00.000Z&src=destino","","0","15","0.00","37.07"
"https://movepark.co/search?dest=CGH&from=2026-08-31T19%3A00%3A00.000Z&to=2026-09-03T19%3A00%3A00.000Z&src=destino","","0","3","0.00","60.67"
"https://movepark.co/search?dest=CGH&from=2026-09-04T19%3A00%3A00.000Z&to=2026-09-06T19%3A00%3A00.000Z&src=search&vaga=covered","","0","1","0.00","90.00"
"https://movepark.co/search?dest=CGH&from=2026-09-04T19%3A00%3A00.000Z&to=2026-09-07T19%3A00%3A00.000Z&src=destino&vaga=covered","","0","4","0.00","65.50"
"https://movepark.co/search?dest=CGH&from=2026-09-04T19%3A00%3A00.000Z&to=2026-09-07T19%3A00%3A00.000Z&src=listing_rec&vaga=covered","","0","1","0.00","82.00"
"https://movepark.co/search?dest=CGH&from=2026-09-04T19%3A00%3A00.000Z&to=2026-09-07T19%3A00%3A00.000Z&src=search&vaga=covered","","0","5","0.00","31.40"
"https://movepark.co/search?dest=CGH&from=2026-09-05T19%3A00%3A00.000Z&to=2026-09-07T19%3A00%3A00.000Z&src=destino&vaga=covered","","0","3","0.00","41.67"
"https://movepark.co/search?dest=CGH&from=2026-09-05T19%3A00%3A00.000Z&to=2026-09-08T19%3A00%3A00.000Z&src=destino&vaga=covered","","0","1","0.00","81.00"
"https://movepark.co/search?dest=CGH&from=2026-09-05T19%3A00%3A00.000Z&to=2026-09-08T19%3A00%3A00.000Z&src=search&vaga=covered","","0","3","0.00","33.00"
"https://movepark.co/search?dest=CGH&from=2026-09-06T19%3A00%3A00.000Z&to=2026-09-08T19%3A00%3A00.000Z&src=destino&vaga=covered","","0","11","0.00","44.09"
"https://movepark.co/search?dest=CGH&from=2026-09-07T19%3A00%3A00.000Z&to=2026-09-09T19%3A00%3A00.000Z&src=destino&vaga=covered","","0","22","0.00","43.32"
"https://movepark.co/search?dest=CGH&from=2026-09-07T19%3A00%3A00.000Z&to=2026-09-10T19%3A00%3A00.000Z&src=destino&vaga=covered","","0","4","0.00","33.25"
"https://movepark.co/search?dest=CGH&from=2026-09-13T19%3A00%3A00.000Z&to=2026-09-15T19%3A00%3A00.000Z&src=destino&vaga=covered","","0","7","0.00","30.43"
"https://movepark.co/search?dest=CGH&src=destino&vaga=covered","","0","3","0.00","59.00"
"https://movepark.co/search?dest=CNF","CNF","0","16","0.00","41.63"
"https://movepark.co/search?dest=CWB&from=2026-08-08T19%3A00%3A00.000Z&to=2026-08-10T19%3A00%3A00.000Z&src=search","CWB","0","1","0.00","4.00"
"https://movepark.co/search?dest=CWB&from=2026-08-28T19%3A00%3A00.000Z&to=2026-08-31T19%3A00%3A00.000Z&src=destino","CWB","0","1","0.00","1.00"
"https://movepark.co/search?dest=CWB&from=2026-08-29T19%3A00%3A00.000Z&to=2026-09-01T19%3A00%3A00.000Z&src=search","CWB","0","1","0.00","9.00"
"https://movepark.co/search?dest=CWB&from=2026-09-02T19%3A00%3A00.000Z&to=2026-09-05T19%3A00%3A00.000Z&src=destino&vaga=uncovered","CWB","0","4","0.00","45.25"
"https://movepark.co/search?dest=CWB&from=2026-09-02T19%3A00%3A00.000Z&to=2026-09-05T19%3A00%3A00.000Z&src=listing_rec","CWB","0","1","0.00","7.00"
"https://movepark.co/search?dest=CWB&from=2026-09-04T19%3A00%3A00.000Z&to=2026-09-07T19%3A00%3A00.000Z&src=destino&vaga=covered","CWB","0","3","0.00","66.33"
"https://movepark.co/search?dest=CWB&from=2026-09-06T19%3A00%3A00.000Z&to=2026-09-09T19%3A00%3A00.000Z&src=destino&vaga=premium","CWB","0","3","0.00","7.33"
"https://movepark.co/search?dest=CWB&from=2026-09-06T19%3A00%3A00.000Z&to=2026-09-09T19%3A00%3A00.000Z&src=search&vaga=premium","CWB","0","16","0.00","9.06"
"https://movepark.co/search?dest=CWB&from=2026-09-07T19%3A00%3A00.000Z&to=2026-09-10T19%3A00%3A00.000Z&src=destino&vaga=premium","CWB","0","1","0.00","1.00"
"https://movepark.co/search?dest=CWB&from=2026-09-09T19%3A00%3A00.000Z&to=2026-09-12T19%3A00%3A00.000Z&src=listing_rec&vaga=covered","CWB","0","1","0.00","11.00"
"https://movepark.co/search?dest=CWB&from=2026-09-12T19%3A00%3A00.000Z&to=2026-09-15T19%3A00%3A00.000Z&src=destino&vaga=premium","CWB","0","1","0.00","4.00"
"https://movepark.co/search?dest=CWB&from=2026-09-13T19%3A00%3A00.000Z&to=2026-09-16T19%3A00%3A00.000Z&src=destino&vaga=covered","CWB","0","1","0.00","97.00"
"https://movepark.co/search?dest=CWB&from=2026-09-13T19%3A00%3A00.000Z&to=2026-09-16T19%3A00%3A00.000Z&src=destino&vaga=uncovered","CWB","0","10","0.00","7.10"
"https://movepark.co/search?dest=CWB&from=2026-09-13T19%3A00%3A00.000Z&to=2026-09-16T19%3A00%3A00.000Z&src=search&vaga=premium","CWB","0","11","0.00","5.91"
"https://movepark.co/search?dest=CWB&src=destino","CWB","0","2","0.00","24.50"
"https://movepark.co/search?dest=FLN","","0","4","0.00","64.00"
"https://movepark.co/search?dest=FOR","","0","1","0.00","6.00"
"https://movepark.co/search?dest=GIG","","0","5","0.00","52.20"
"https://movepark.co/search?dest=GRU","GRU","0","40","0.00","78.03"
"https://movepark.co/search?dest=GRU&from=2026-08-08T19%3A00%3A00.000Z&to=2026-08-10T19%3A00%3A00.000Z&src=search","GRU","0","1","0.00","15.00"
"https://movepark.co/search?dest=GRU&from=2026-08-29T19%3A00%3A00.000Z&to=2026-08-31T19%3A00%3A00.000Z&src=destino","GRU","0","1","0.00","4.00"
"https://movepark.co/search?dest=GRU&from=2026-08-29T19%3A00%3A00.000Z&to=2026-08-31T19%3A00%3A00.000Z&src=search","GRU","0","12","0.00","8.67"
"https://movepark.co/search?dest=GRU&from=2026-08-30T19%3A00%3A00.000Z&to=2026-09-01T19%3A00%3A00.000Z&src=search&vaga=uncovered","GRU","0","2","0.00","50.00"
"https://movepark.co/search?dest=GRU&from=2026-08-31T19%3A00%3A00.000Z&to=2026-09-02T19%3A00%3A00.000Z&src=destino","GRU","0","9","0.00","21.56"
"https://movepark.co/search?dest=GRU&from=2026-09-02T19%3A00%3A00.000Z&to=2026-09-04T19%3A00%3A00.000Z&src=destino","GRU","0","4","0.00","31.25"
"https://movepark.co/search?dest=GRU&from=2026-09-02T19%3A00%3A00.000Z&to=2026-09-04T19%3A00%3A00.000Z&src=listing_rec","GRU","0","7","0.00","6.14"
"https://movepark.co/search?dest=GRU&from=2026-09-04T19%3A00%3A00.000Z&to=2026-09-06T19%3A00%3A00.000Z&src=destino&vaga=valet","GRU","0","16","0.00","10.00"
"https://movepark.co/search?dest=GRU&from=2026-09-05T19%3A00%3A00.000Z&to=2026-09-07T19%3A00%3A00.000Z&src=destino&vaga=covered","GRU","0","3","0.00","5.67"
"https://movepark.co/search?dest=GRU&from=2026-09-05T19%3A00%3A00.000Z&to=2026-09-07T19%3A00%3A00.000Z&src=destino&vaga=uncovered","GRU","0","15","0.00","71.47"
"https://movepark.co/search?dest=GRU&from=2026-09-05T19%3A00%3A00.000Z&to=2026-09-07T19%3A00%3A00.000Z&src=destino&vaga=valet","GRU","0","3","0.00","11.00"
"https://movepark.co/search?dest=GRU&from=2026-09-07T19%3A00%3A00.000Z&to=2026-09-09T19%3A00%3A00.000Z&src=destino&vaga=valet","GRU","0","1","0.00","7.00"
"https://movepark.co/search?dest=GRU&from=2026-09-08T19%3A00%3A00.000Z&to=2026-09-10T19%3A00%3A00.000Z&src=listing_rec&vaga=uncovered","GRU","0","1","0.00","5.00"
"https://movepark.co/search?dest=GRU&from=2026-09-11T19%3A00%3A00.000Z&to=2026-09-13T19%3A00%3A00.000Z&src=search&vaga=uncovered","GRU","0","5","0.00","42.80"
"https://movepark.co/search?dest=GRU&from=2026-09-13T19%3A00%3A00.000Z&to=2026-09-15T19%3A00%3A00.000Z&src=destino&vaga=valet","GRU","0","6","0.00","10.33"
"https://movepark.co/search?dest=GRU&src=destino&vaga=covered","GRU","0","11","0.00","26.45"
"https://movepark.co/search?dest=GRU&src=destino&vaga=valet","GRU","0","3","0.00","37.00"
"https://movepark.co/search?dest=GYN","","0","1","0.00","7.00"
"https://movepark.co/search?dest=JPA","","0","5","0.00","63.60"
"https://movepark.co/search?dest=LDB","","0","3","0.00","84.67"
"https://movepark.co/search?dest=LIS","","0","1","0.00","54.00"
"https://movepark.co/search?dest=MCZ","","0","1","0.00","89.00"
"https://movepark.co/search?dest=NVT","","0","1","0.00","12.00"
"https://movepark.co/search?dest=POA","","0","37","0.00","60.95"
"https://movepark.co/search?dest=REC","","0","11","0.00","78.64"
"https://movepark.co/search?dest=SDU","","0","148","0.00","38.66"
"https://movepark.co/search?dest=SSA","","0","1","0.00","7.00"
"https://movepark.co/search?dest=THE","","0","4","0.00","91.00"
"https://movepark.co/search?dest=TIE","","0","35","0.00","67.60"
"https://movepark.co/search?dest=TIE&src=search","","0","4","0.00","27.50"
"https://movepark.co/search?dest=TIE&src=search&vaga=covered","","0","1","0.00","57.00"
"https://movepark.co/search?dest=TIE&src=search&vaga=valet","","0","2","0.00","8.50"
"https://movepark.co/search?dest=VCP","VCP","0","5","0.00","69.20"
"https://movepark.co/search?dest=VCP&from=2026-08-31T19%3A00%3A00.000Z&to=2026-09-02T19%3A00%3A00.000Z&src=destino","VCP","0","1","0.00","82.00"
"https://movepark.co/search?dest=VCP&from=2026-09-05T19%3A00%3A00.000Z&to=2026-09-07T19%3A00%3A00.000Z&src=listing_rec&vaga=covered","VCP","0","1","0.00","1.00"
"https://movepark.co/search?dest=VCP&from=2026-09-06T19%3A00%3A00.000Z&to=2026-09-08T19%3A00%3A00.000Z&src=destino&vaga=avulsa","VCP","0","4","0.00","5.25"
"https://movepark.co/search?dest=VCP&from=2026-09-11T19%3A00%3A00.000Z&to=2026-09-13T19%3A00%3A00.000Z&src=destino&vaga=covered","VCP","0","1","0.00","87.00"
"https://movepark.co/search?dest=VCP&src=destino&vaga=avulsa","VCP","0","2","0.00","68.00"
"https://movepark.co/search?dest=VCP&src=search","VCP","0","29","0.00","81.31"
"https://movepark.co/search?dest=VCP&src=search&vaga=avulsa","VCP","0","2","0.00","48.50"
"https://movepark.co/search?dest=centro-sp","","0","8","0.00","30.38"
"https://movepark.co/search?dest=jardim-paulista","","0","5","0.00","25.40"
"https://movepark.co/search?dest=nova-iguacu","","0","11","0.00","14.18"
"https://movepark.co/search?dest=tiete","","0","88","0.00","57.41"
"https://movepark.co/search?dest=tiete&from=2026-09-01T19%3A00%3A00.000Z&to=2026-09-03T19%3A00%3A00.000Z&src=destino","","0","3","0.00","79.67"
"https://movepark.co/search?dest=tiete&from=2026-09-04T19%3A00%3A00.000Z&to=2026-09-06T19%3A00%3A00.000Z&src=destino&vaga=covered","","0","19","0.00","86.68"
"https://movepark.co/search?dest=tiete&from=2026-09-05T19%3A00%3A00.000Z&to=2026-09-07T19%3A00%3A00.000Z&src=destino&vaga=covered","","0","58","0.00","56.98"
"https://movepark.co/search?dest=tiete&from=2026-09-11T19%3A00%3A00.000Z&to=2026-09-13T19%3A00%3A00.000Z&src=destino&vaga=covered","","0","2","0.00","94.50"
"https://movepark.co/search?dest=tiete&from=2026-09-13T19%3A00%3A00.000Z&to=2026-09-15T19%3A00%3A00.000Z&src=destino&vaga=covered","","0","1","0.00","8.00"
"https://movepark.co/search?dest=tiete&from=2026-09-14T19%3A00%3A00.000Z&to=2026-09-16T19%3A00%3A00.000Z&src=destino&vaga=covered","","0","1","0.00","98.00"
"https://movepark.co/search?dest=tiete&src=search","","0","28","0.00","74.43"
"https://movepark.co/search?from=2026-07-14&to=2026-07-15&src=search","","0","2","0.00","5.00"
"https://movepark.co/search?from=2026-08-21&to=2026-08-23&src=search","","0","5","0.00","5.40"
"https://movepark.co/search?from=2026-08-21&to=2026-08-24&src=home-destaque","","0","3","0.00","4.00"
"https://movepark.co/search?from=2026-08-22&to=2026-08-25&src=home-destaque","","0","6","0.00","7.00"
"https://movepark.co/search?from=2026-08-24&to=2026-08-25&src=search","","0","1","0.00","7.00"
"https://movepark.co/search?from=2026-08-24&to=2026-08-27&src=search","","0","1","0.00","9.00"
"https://movepark.co/search?from=2026-08-25&to=2026-08-27&src=search","","0","2","0.00","2.00"
"https://movepark.co/search?from=2026-08-25&to=2026-08-28&src=search","","0","4","0.00","3.75"
"https://movepark.co/search?from=2026-08-29&to=2026-09-01&src=search&vaga=avulsa","","0","2","0.00","8.50"
"https://movepark.co/search?from=2026-08-30&to=2026-09-01&vaga=covered&src=search","","0","2","0.00","6.50"
"https://movepark.co/search?from=2026-08-31&to=2026-09-02&vaga=covered&src=home-destaque","","0","3","0.00","3.67"
"https://movepark.co/search?from=2026-09-01&to=2026-09-02&vaga=avulsa&src=search","","0","3","0.00","5.33"
"https://movepark.co/search?from=2026-09-03&to=2026-09-04&vaga=avulsa&src=home-destaque","","0","2","0.00","8.00"
"https://movepark.co/search?from=2026-09-03&to=2026-09-05&vaga=covered&src=search","","0","2","0.00","6.00"
"https://movepark.co/search?from=2026-09-03&to=2026-09-05&vaga=valet&src=home-destaque","","0","1","0.00","2.00"
"https://movepark.co/search?from=2026-09-04&to=2026-09-05&vaga=covered&src=search","","0","18","0.00","4.78"
"https://movepark.co/search?from=2026-09-05&to=2026-09-06&vaga=avulsa&src=home-destaque","","0","2","0.00","10.00"
"https://movepark.co/search?from=2026-09-05&to=2026-09-08&vaga=premium&src=home-destaque","","0","3","0.00","5.67"
"https://movepark.co/search?from=2026-09-06&to=2026-09-07&vaga=avulsa&src=home-destaque","","0","3","0.00","5.33"
"https://movepark.co/search?src=search","","0","4","0.00","47.00"
"https://movepark.co/search?src=search&vaga=covered","","0","3","0.00","10.33"
"https://movepark.co/seja-parceiro","","0","2","0.00","10.50"
"https://movepark.co/selo","","0","3","0.00","21.67"
"https://n8n.movepark.co/","","0","1","0.00","10.00"
"https://nationpark.movepark.co/","","0","24","0.00","4.79"
"https://nationpark.movepark.co/login?callbackUrl=%2Fprofile%2Fvehicles","","0","1","0.00","7.00"
"https://plenty.movepark.co/aeroporto-congonhas/vaga-coberta?utm_source=movepark&utm_medium=organic&utm_campaign=afiliado-movepark&startDateTime=2026-08-22T00%3A00%3A00.000Z&endDateTime=2026-08-25T00%3A00%3A00.000Z","","0","1","0.00","4.00"
"https://plenty.movepark.co/privacy-policy","","0","1","0.00","4.00"
"https://redpark.movepark.co/","","0","15","0.00","41.20"
"https://skypark.movepark.co/","","0","14","0.00","12.93"
"https://skypark.movepark.co/login","","0","41","0.00","18.15"
"https://virapark.movepark.co/[category]/[product]/vehicle","","0","1","0.00","9.00"
"https://virapark.movepark.co/virapark/vaga-avulsa","","0","35","0.00","13.00"
"https://virapark.movepark.co/virapark/vaga-coberta/vehicle","","0","7","0.00","7.29"
"https://www.movepark.co/blog/preco-estacionamento-aeroporto-congonhas/","","0","1","0.00","1.00"
"https://www.movepark.co/estacionamentos/aeroporto-navegantes","","0","1","0.00","1.00"
